[{"senderKeyId":1826586403,"senderChainKey":{"iteration":557,"seed":"loU9frGAMugUeGeHOy87NsfP4YTWVaK2bN8ZrMiJfC4="},"senderSigningKey":{"public":"BYSyYvBLe3UxmeBtNGSXfOwi6iS1O0AZm8aMGwBoXDAs"},"senderMessageKeys":[{},{},{},{},{},{},{},{},{},{},{},{},{},{},{},{},{},{},{},{},{},{},{},{},{},{},{},{},{},{},{},{},{},{},{},{},{},{},{},{},{},{},{},{},{},{},{},{},{},{},{},{},{},{},{},{},{},{},{},{},{},{},{},{},{},{},{},{},{},{},{},{},{},{},{},{},{},{},{},{},{},{},{},{},{},{},{},{},{},{},{},{},{},{},{},{},{},{},{},{},{},{},{},{},{},{},{},{},{},{},{},{},{},{},{},{},{},{},{},{},{},{},{},{},{},{},{},{},{},{},{},{},{},{}]},{"senderKeyId":1826586403,"senderChainKey":{"iteration":413,"seed":"l4G07kYB1GUUnkiTGd9kLTlByCf/1DljEr0c+GfLwtU="},"senderSigningKey":{"public":"BYSyYvBLe3UxmeBtNGSXfOwi6iS1O0AZm8aMGwBoXDAs"},"senderMessageKeys":[]},{"senderKeyId":1826586403,"senderChainKey":{"iteration":415,"seed":"OIaSK8nwn0KHUUvJa5hyzaxy6S1e5BZ37DhA88w89CE="},"senderSigningKey":{"public":"BYSyYvBLe3UxmeBtNGSXfOwi6iS1O0AZm8aMGwBoXDAs"},"senderMessageKeys":[]},{"senderKeyId":1826586403,"senderChainKey":{"iteration":493,"seed":"e+bFhRbdgyiDle9tCPxpw9SCfp6HOpKBbdAf6iVmS24="},"senderSigningKey":{"public":"BYSyYvBLe3UxmeBtNGSXfOwi6iS1O0AZm8aMGwBoXDAs"},"senderMessageKeys":[]},{"senderKeyId":1826586403,"senderChainKey":{"iteration":533,"seed":"enJ0B3lQEc0WEJwIsB93Sk/VXdh+fbChgu35Uv387oY="},"senderSigningKey":{"public":"BYSyYvBLe3UxmeBtNGSXfOwi6iS1O0AZm8aMGwBoXDAs"},"senderMessageKeys":[]}]