[{"senderKeyId":920334904,"senderChainKey":{"iteration":8,"seed":"c5RjQSgEegmOID84XnPyNJ7PwJ19vzLi9EDth2OY7o0="},"senderSigningKey":{"public":"BWgybxh51VIebnykUybktNRAEfHvOrwF2sVYiwLRBspg"},"senderMessageKeys":[]},{"senderKeyId":920334904,"senderChainKey":{"iteration":8,"seed":"c5RjQSgEegmOID84XnPyNJ7PwJ19vzLi9EDth2OY7o0="},"senderSigningKey":{"public":"BWgybxh51VIebnykUybktNRAEfHvOrwF2sVYiwLRBspg"},"senderMessageKeys":[]},{"senderKeyId":920334904,"senderChainKey":{"iteration":8,"seed":"c5RjQSgEegmOID84XnPyNJ7PwJ19vzLi9EDth2OY7o0="},"senderSigningKey":{"public":"BWgybxh51VIebnykUybktNRAEfHvOrwF2sVYiwLRBspg"},"senderMessageKeys":[]},{"senderKeyId":920334904,"senderChainKey":{"iteration":8,"seed":"c5RjQSgEegmOID84XnPyNJ7PwJ19vzLi9EDth2OY7o0="},"senderSigningKey":{"public":"BWgybxh51VIebnykUybktNRAEfHvOrwF2sVYiwLRBspg"}}]