[{"senderKeyId":1684902590,"senderChainKey":{"iteration":20,"seed":"W71p7ji8MDQiOZl83ft4yzLD3gz7f80U4bDOe5rMA+4="},"senderSigningKey":{"public":"BZvAh35mmIKubuOJnlFSJJ31smxrySSxvyF2QqqciJ8D"},"senderMessageKeys":[]},{"senderKeyId":1689696719,"senderChainKey":{"iteration":3,"seed":"MiWQ1ZbHcDGXsZ58pHADffjUNJ96ib3S9DDSSKih0mk="},"senderSigningKey":{"public":"BdkAsydCEY5UWzKJYSJFgb6MykVejanKkm2VSUobOjA2"},"senderMessageKeys":[]},{"senderKeyId":1689696719,"senderChainKey":{"iteration":2,"seed":"OgbRP3hTcTYznovaGbXSWJCiRQ2MUbFDaOxQR16cVZQ="},"senderSigningKey":{"public":"BdkAsydCEY5UWzKJYSJFgb6MykVejanKkm2VSUobOjA2"},"senderMessageKeys":[]},{"senderKeyId":405983572,"senderChainKey":{"iteration":3,"seed":"q8H7TmlZpdan66hIA7fp50WaHsWw0kiZ0dLg04oHnqE="},"senderSigningKey":{"public":"BcRYWnWUTqe2qCgnBUP0zaC4HWhHhtDpiDG8PzhyV1Et"},"senderMessageKeys":[]},{"senderKeyId":405983572,"senderChainKey":{"iteration":2,"seed":"zRojx1VyphdLL6bt2+k3Ly+E4ViRYYPAPumfL5HKO+Y="},"senderSigningKey":{"public":"BcRYWnWUTqe2qCgnBUP0zaC4HWhHhtDpiDG8PzhyV1Et"},"senderMessageKeys":[]}]