[{"senderKeyId":1493941418,"senderChainKey":{"iteration":327,"seed":"ufgDamWYfVI+6SVCrQeiN1Qoh954HEb0qVS/ATZ3qMg="},"senderSigningKey":{"public":"BXsVec+wv7GRTE87LXbL/ydsOq0uLqUF7V60Oe/IWdU7"},"senderMessageKeys":[{},{},{},{},{},{},{},{},{},{},{},{},{},{},{},{},{},{},{},{},{},{},{},{},{},{},{},{},{},{},{},{},{},{},{},{},{},{},{},{},{},{},{},{},{},{},{},{},{},{},{},{},{},{},{},{},{},{},{},{},{},{},{},{},{},{},{},{},{},{},{},{},{},{},{},{},{},{},{},{},{},{},{},{},{},{},{},{},{},{},{},{},{},{},{},{},{},{},{},{},{},{},{},{},{},{},{},{},{},{},{},{},{},{},{},{},{},{},{},{},{},{},{},{},{},{},{},{},{},{},{},{},{},{},{},{},{},{},{},{},{},{},{},{},{},{},{},{},{},{},{},{},{},{},{},{},{},{},{},{},{},{},{},{},{},{},{},{},{},{},{},{},{},{},{},{},{},{},{},{},{},{},{},{},{},{},{},{},{},{},{},{},{},{},{},{},{},{},{},{},{},{},{},{},{},{},{},{},{},{},{},{},{},{},{},{},{},{},{},{},{},{},{},{},{},{},{},{},{},{},{},{},{},{},{},{},{},{},{},{},{},{},{},{},{},{},{},{},{},{},{},{},{},{},{},{},{},{},{},{},{},{},{}]},{"senderKeyId":1493941418,"senderChainKey":{"iteration":65,"seed":"3m4A4/Rkp2gpdGOHHNM+wi04LAGYREcGqFGUnsaLX6A="},"senderSigningKey":{"public":"BXsVec+wv7GRTE87LXbL/ydsOq0uLqUF7V60Oe/IWdU7"},"senderMessageKeys":[]},{"senderKeyId":1493941418,"senderChainKey":{"iteration":101,"seed":"rncIxVQ/elgm0ETxiu1lvSQHexM24KHvMblJk+lkCxw="},"senderSigningKey":{"public":"BXsVec+wv7GRTE87LXbL/ydsOq0uLqUF7V60Oe/IWdU7"},"senderMessageKeys":[]},{"senderKeyId":1493941418,"senderChainKey":{"iteration":139,"seed":"Py7hy6aoFXu6W7kTWdBo5i8ps++Fv8qNnEZwDR0AJII="},"senderSigningKey":{"public":"BXsVec+wv7GRTE87LXbL/ydsOq0uLqUF7V60Oe/IWdU7"},"senderMessageKeys":[]},{"senderKeyId":1493941418,"senderChainKey":{"iteration":325,"seed":"5/mMI4/Z2I/ovRnK4NnsOIWuYaw+j6oP7XtP1/ni0+Q="},"senderSigningKey":{"public":"BXsVec+wv7GRTE87LXbL/ydsOq0uLqUF7V60Oe/IWdU7"},"senderMessageKeys":[]}]