[{"senderKeyId":152445997,"senderChainKey":{"iteration":20,"seed":"oL224ahkqZl886POxdVBIkTFe273fOBbbRNJ9uKIGZs="},"senderSigningKey":{"public":"BZSZChBQxXtedFbsZrGsdJUUsximSi6sf92Tawb0NCQH"},"senderMessageKeys":[]},{"senderKeyId":152445997,"senderChainKey":{"iteration":15,"seed":"h0EGvlxVU0eLvZ5negS2eUvLh1Gy9iOMpDP1YJ3CO5k="},"senderSigningKey":{"public":"BZSZChBQxXtedFbsZrGsdJUUsximSi6sf92Tawb0NCQH"},"senderMessageKeys":[]},{"senderKeyId":152445997,"senderChainKey":{"iteration":15,"seed":"h0EGvlxVU0eLvZ5negS2eUvLh1Gy9iOMpDP1YJ3CO5k="},"senderSigningKey":{"public":"BZSZChBQxXtedFbsZrGsdJUUsximSi6sf92Tawb0NCQH"},"senderMessageKeys":[]}]