[{"senderKeyId":1658302712,"senderChainKey":{"iteration":17977,"seed":"GFyxb8U1kmLGlAxEfQiR4O2ZUcz97GVlqycblDN4cDs="},"senderSigningKey":{"public":"BcXzIN8AaLWOW7vfyu86kwKLBbZwuSccU/BKoZUWKdUv"},"senderMessageKeys":[{},{},{},{},{},{},{},{},{},{},{},{},{},{},{},{},{},{},{},{},{},{},{},{},{},{},{},{},{},{},{},{},{},{},{},{},{},{},{},{},{},{},{},{},{},{},{},{},{},{}]},{"senderKeyId":1658302712,"senderChainKey":{"iteration":17963,"seed":"e7Awf/KZSNGwm5d66MlHun4hA7TtE9rv8z1OlX+Kt1M="},"senderSigningKey":{"public":"BcXzIN8AaLWOW7vfyu86kwKLBbZwuSccU/BKoZUWKdUv"},"senderMessageKeys":[]}]