[{"senderKeyId":1992084913,"senderChainKey":{"iteration":145,"seed":"6JBE7OABKL8NcQKP+h0G18e8SkJ1+LOxFhknAHZNovg="},"senderSigningKey":{"public":"BTf85F3D7KJwHBd5qlz/fzRUrNgo4MZnlyr7IGPLVrJU"},"senderMessageKeys":[{},{},{},{},{},{},{},{},{}]},{"senderKeyId":1992084913,"senderChainKey":{"iteration":137,"seed":"msVGdGor5Uu3cLWh+YYOLwUJuVkzLTNJi7j44b1FtRY="},"senderSigningKey":{"public":"BTf85F3D7KJwHBd5qlz/fzRUrNgo4MZnlyr7IGPLVrJU"},"senderMessageKeys":[]},{"senderKeyId":1992084913,"senderChainKey":{"iteration":139,"seed":"GUQb8tfGS+cSlRq+v352cbr0CVUexRMIsa79ymYmDgM="},"senderSigningKey":{"public":"BTf85F3D7KJwHBd5qlz/fzRUrNgo4MZnlyr7IGPLVrJU"},"senderMessageKeys":[]},{"senderKeyId":1992084913,"senderChainKey":{"iteration":141,"seed":"LtWp2iBwpHaZrDZb2gdntAlwSUHkNPWvOW3a1z/U91Y="},"senderSigningKey":{"public":"BTf85F3D7KJwHBd5qlz/fzRUrNgo4MZnlyr7IGPLVrJU"},"senderMessageKeys":[]},{"senderKeyId":1992084913,"senderChainKey":{"iteration":143,"seed":"bUj9oGDs3+b8LZh7BeQZvj84VFRiHCTMSPNlJKH7aZ0="},"senderSigningKey":{"public":"BTf85F3D7KJwHBd5qlz/fzRUrNgo4MZnlyr7IGPLVrJU"},"senderMessageKeys":[]}]