[{"senderKeyId":1790056971,"senderChainKey":{"iteration":4,"seed":"AvtBPymsUxnqEhCezmQW8xQZM+294GYtzO2s9IgM0NE="},"senderSigningKey":{"public":"BVHtu+iiVHdCrQ96jty68COFyNSAb6TPnzba5Ka62fxV"},"senderMessageKeys":[]},{"senderKeyId":1790056971,"senderChainKey":{"iteration":1,"seed":"Fz8XleFa0OA/wJk6MXCnS7X8ZwuQtQ6WAbkDjXpWxIo="},"senderSigningKey":{"public":"BVHtu+iiVHdCrQ96jty68COFyNSAb6TPnzba5Ka62fxV"},"senderMessageKeys":[]},{"senderKeyId":1790056971,"senderChainKey":{"iteration":3,"seed":"9DLnFqTi2iv1Xl3EZs9aJbVn5G+s5KQBrMetTUxuaRI="},"senderSigningKey":{"public":"BVHtu+iiVHdCrQ96jty68COFyNSAb6TPnzba5Ka62fxV"},"senderMessageKeys":[]}]