[{"senderKeyId":1477988002,"senderChainKey":{"iteration":0,"seed":"yl/GyBsbe+O+vsVz8P6orc7aumTheMe7GSotaxAs7pI="},"senderSigningKey":{"public":"BajGy+h05Ig9D1pw3Rj1jbI5dGr+37zCRkO+igjeIFIT"},"senderMessageKeys":[]},{"senderKeyId":1477988002,"senderChainKey":{"iteration":0,"seed":"yl/GyBsbe+O+vsVz8P6orc7aumTheMe7GSotaxAs7pI="},"senderSigningKey":{"public":"BajGy+h05Ig9D1pw3Rj1jbI5dGr+37zCRkO+igjeIFIT"},"senderMessageKeys":[]},{"senderKeyId":1888150465,"senderChainKey":{"iteration":36,"seed":"VoyKYj1jNrSw+2FEjuSOVFEZPaziLFvyG1pKQm1CW0w="},"senderSigningKey":{"public":"BdR5IYP2NMenKietE+9iNbDagqTHvYz/xIR5f4Q3V05m"},"senderMessageKeys":[]},{"senderKeyId":1888150465,"senderChainKey":{"iteration":3,"seed":"zdcfhLnbas5vTRFzZ6YiXZzWG2Xuzn+q4YTQd1tWFfk="},"senderSigningKey":{"public":"BdR5IYP2NMenKietE+9iNbDagqTHvYz/xIR5f4Q3V05m"},"senderMessageKeys":[]},{"senderKeyId":1888150465,"senderChainKey":{"iteration":4,"seed":"VAg6IyLlOnnLdb6mAXPiai1t87Dr+GxnmXZ8wom5Q1U="},"senderSigningKey":{"public":"BdR5IYP2NMenKietE+9iNbDagqTHvYz/xIR5f4Q3V05m"},"senderMessageKeys":[]}]