[{"senderKeyId":273203580,"senderChainKey":{"iteration":1,"seed":"HGfjL9lbbPnMg4+mqjlvXRf9RyWt5FJHIJmLxtOk7pg="},"senderSigningKey":{"public":"BftHqO2pHQOcD6yelRalT549RGkWordTnBqpxxtFjepy"},"senderMessageKeys":[]},{"senderKeyId":1695932319,"senderChainKey":{"iteration":2,"seed":"xhEuBtfqYdmrj59XmHp5iJpQAshfdTt1x/KDcwJdf9A="},"senderSigningKey":{"public":"BfMM2EKVZiAl59fx01/osPBx87sTEHvR1Frt7IjUD+xx"},"senderMessageKeys":[]},{"senderKeyId":1695932319,"senderChainKey":{"iteration":1,"seed":"YJId/09MxclOcaBe+QB71X/bv7AfceQTQh6xPxPiBXQ="},"senderSigningKey":{"public":"BfMM2EKVZiAl59fx01/osPBx87sTEHvR1Frt7IjUD+xx"},"senderMessageKeys":[]}]