[{"senderKeyId":1133761899,"senderChainKey":{"iteration":67,"seed":"bLSw7LSaNoCb0IPWgdwXsldcK9wEZsaDiL58eaFImOY="},"senderSigningKey":{"public":"BazN+/ft+JAkU0QUAQT0sA1UyobeqEpkbkQEWGgKS5I7"},"senderMessageKeys":[{},{},{},{},{},{},{},{},{},{},{},{},{},{},{},{},{},{},{},{},{},{},{},{},{},{},{},{},{},{},{},{},{},{},{},{},{},{}]},{"senderKeyId":1133761899,"senderChainKey":{"iteration":23,"seed":"VPLawNpYpqQtoWwSW0WP2yqpZG4lP3omletxASvMv1U="},"senderSigningKey":{"public":"BazN+/ft+JAkU0QUAQT0sA1UyobeqEpkbkQEWGgKS5I7"},"senderMessageKeys":[]},{"senderKeyId":1133761899,"senderChainKey":{"iteration":35,"seed":"5+HyMSFAt1vraye0Kzc+SDbYeSm2pfLzjUgTO5rO+Zw="},"senderSigningKey":{"public":"BazN+/ft+JAkU0QUAQT0sA1UyobeqEpkbkQEWGgKS5I7"},"senderMessageKeys":[]}]