[{"senderKeyId":28960950,"senderChainKey":{"iteration":4,"seed":"Btr2IkabME/Xu59efeJtudgcyX4y2YQ4dP3agYFATyA="},"senderSigningKey":{"public":"BY0y7KGwzg6YFXUnZUToO46vFKKx0/rkYYzyorcfnkhu"},"senderMessageKeys":[]},{"senderKeyId":2048173506,"senderChainKey":{"iteration":7,"seed":"6h2QqK0Pfvy7JP8HjO1O2cN+PZFFrDaeF/OqaS7283Q="},"senderSigningKey":{"public":"BVJ92Yf3hcnf0L531YbBfgME+sJeCN/lEF69O65I3fwf"},"senderMessageKeys":[]},{"senderKeyId":1293304341,"senderChainKey":{"iteration":4,"seed":"T6/7SNz60HZwTs7wwQxcs6AVWZiSCEkHHZ1doa88Ph0="},"senderSigningKey":{"public":"BYqZCyG4BhRDqmKrbX4C1kPzOlJROvNXVOkSkvg6Kmpw"},"senderMessageKeys":[]}]