[{"senderKeyId":278747724,"senderChainKey":{"iteration":7,"seed":"2zHkNlqkN9amRJS7CaT8X38asNFOJR6kRJqw7NA43R8="},"senderSigningKey":{"public":"BbXG+MO3hQtkWbF7PUiu2V94qZE8GLxOb/4HnbYKRmBr"},"senderMessageKeys":[]},{"senderKeyId":758604313,"senderChainKey":{"iteration":12,"seed":"qhzkN1GgECOUFWMW2caSPvn/kFEknPfL704WJsWtoNM="},"senderSigningKey":{"public":"Bb0tExxsOE8hb9CFqdmscFodpgUReD1Wxulu6VbgZfhe"},"senderMessageKeys":[]},{"senderKeyId":758604313,"senderChainKey":{"iteration":3,"seed":"qV0qfj64mKCJ6twdqw3zQ8yRV9pY2lmno9AuIamjTlU="},"senderSigningKey":{"public":"Bb0tExxsOE8hb9CFqdmscFodpgUReD1Wxulu6VbgZfhe"},"senderMessageKeys":[]},{"senderKeyId":1767472915,"senderChainKey":{"iteration":3,"seed":"OoUCsR7cGqsSisiHVjpx16B4fT69jPGH+QbIlbbG3TM="},"senderSigningKey":{"public":"BWN78fmKJzXiNNgVWwNUOc2Q/LClw61aRQARz0nQM3ou"},"senderMessageKeys":[]},{"senderKeyId":1845454793,"senderChainKey":{"iteration":6,"seed":"HClBgH9wfxBalyZROncbnZgje2UQxWdlzPtQcs3vRto="},"senderSigningKey":{"public":"BcCcJ0qQ5Mr80/39ZnpEHYo2harsUEUGvZqkzKgeXtNa"},"senderMessageKeys":[]}]