[{"senderKeyId":196715646,"senderChainKey":{"iteration":12,"seed":"Ivho2Iy2AWR59cDXIuyYCXfJhcc/h0FmKqhHpvIojwE="},"senderSigningKey":{"public":"BRDe4iZz2tCwLw0hPQBUS87GT6dXfx33HD5o2E7SSUt8"},"senderMessageKeys":[]},{"senderKeyId":196715646,"senderChainKey":{"iteration":6,"seed":"hVt/Q1NsspDvJ6w999zEr8cbJCk9HyW6nGmBemW8/38="},"senderSigningKey":{"public":"BRDe4iZz2tCwLw0hPQBUS87GT6dXfx33HD5o2E7SSUt8"},"senderMessageKeys":[]},{"senderKeyId":1795419001,"senderChainKey":{"iteration":1,"seed":"o2/T1zaZe3GX/quA5fVEINbXQA24Gy3hN6A3wMs3NZk="},"senderSigningKey":{"public":"BWe4A46s3Aa0YetT4uj7VCCxE0N45V9C/8qgN21ByOdR"},"senderMessageKeys":[]}]