[{"senderKeyId":1323636500,"senderChainKey":{"iteration":18,"seed":"UsgVEW9U8A5DyvOwQa7MhtEzebHX9MeGZTxTGtjug6k="},"senderSigningKey":{"public":"BUrixRzBou33n2Y83qSJ78N7Y3OHV0fye3AJotg9KuNk"},"senderMessageKeys":[]},{"senderKeyId":1323636500,"senderChainKey":{"iteration":18,"seed":"UsgVEW9U8A5DyvOwQa7MhtEzebHX9MeGZTxTGtjug6k="},"senderSigningKey":{"public":"BUrixRzBou33n2Y83qSJ78N7Y3OHV0fye3AJotg9KuNk"},"senderMessageKeys":[]},{"senderKeyId":1323636500,"senderChainKey":{"iteration":18,"seed":"UsgVEW9U8A5DyvOwQa7MhtEzebHX9MeGZTxTGtjug6k="},"senderSigningKey":{"public":"BUrixRzBou33n2Y83qSJ78N7Y3OHV0fye3AJotg9KuNk"}}]