[{"senderKeyId":1083185833,"senderChainKey":{"iteration":5,"seed":"KfJ6IaTWvZ93P0CGUVVEtxgONmC7ZyXiPlgG52Nc8Pc="},"senderSigningKey":{"public":"BRA1S2+zbVJZRA44VXO+O0WmKI/ZrYOceVoFviZ6kS8l"},"senderMessageKeys":[]},{"senderKeyId":1083185833,"senderChainKey":{"iteration":4,"seed":"Z7jWC5pnCbc+GF7W8TcE/9azFMm0MJPflbrhfRZt95I="},"senderSigningKey":{"public":"BRA1S2+zbVJZRA44VXO+O0WmKI/ZrYOceVoFviZ6kS8l"},"senderMessageKeys":[]},{"senderKeyId":1083185833,"senderChainKey":{"iteration":4,"seed":"Z7jWC5pnCbc+GF7W8TcE/9azFMm0MJPflbrhfRZt95I="},"senderSigningKey":{"public":"BRA1S2+zbVJZRA44VXO+O0WmKI/ZrYOceVoFviZ6kS8l"},"senderMessageKeys":[]}]