[{"senderKeyId":1578668138,"senderChainKey":{"iteration":34,"seed":"ZcHG3ge0zL6sLaNBNkktlkFlFhgkFUpxQa7w6P4Wjek="},"senderSigningKey":{"public":"Bf1Lth2sD73DAXp5L+GV0jKOn2MMVRjW+PnVKb3qzUod"},"senderMessageKeys":[]},{"senderKeyId":1578668138,"senderChainKey":{"iteration":34,"seed":"ZcHG3ge0zL6sLaNBNkktlkFlFhgkFUpxQa7w6P4Wjek="},"senderSigningKey":{"public":"Bf1Lth2sD73DAXp5L+GV0jKOn2MMVRjW+PnVKb3qzUod"},"senderMessageKeys":[]},{"senderKeyId":1578668138,"senderChainKey":{"iteration":34,"seed":"ZcHG3ge0zL6sLaNBNkktlkFlFhgkFUpxQa7w6P4Wjek="},"senderSigningKey":{"public":"Bf1Lth2sD73DAXp5L+GV0jKOn2MMVRjW+PnVKb3qzUod"},"senderMessageKeys":[]},{"senderKeyId":153796643,"senderChainKey":{"iteration":15,"seed":"iGrK9jLU5yebvXzQPr/0CsxC5h49kHivuz2Nr0zUTyg="},"senderSigningKey":{"public":"BTDDk+6zB6nJPJqKnWwivPB/FqFi8VPTqhTyoFIPAhVu"},"senderMessageKeys":[]},{"senderKeyId":153796643,"senderChainKey":{"iteration":10,"seed":"aseLR8sQbXzWrGvcPprgo/f9hXtTPECSorQFLCjtfno="},"senderSigningKey":{"public":"BTDDk+6zB6nJPJqKnWwivPB/FqFi8VPTqhTyoFIPAhVu"},"senderMessageKeys":[]}]