[{"senderKeyId":443956518,"senderChainKey":{"iteration":50,"seed":"v/2zX8wYajNS/C9Sflg46TbGF4I+shW9EM51goLux5Y="},"senderSigningKey":{"public":"BTQK1brLckLe9YkuJpNZsF8ZEBW7IaNrIR6bPiYHtoNE"},"senderMessageKeys":[]},{"senderKeyId":443956518,"senderChainKey":{"iteration":47,"seed":"w7Eyo1WEuNE9i6OpoJ1LMKw5uwvjDxeJcp0Dl3SjW54="},"senderSigningKey":{"public":"BTQK1brLckLe9YkuJpNZsF8ZEBW7IaNrIR6bPiYHtoNE"},"senderMessageKeys":[]},{"senderKeyId":443956518,"senderChainKey":{"iteration":47,"seed":"w7Eyo1WEuNE9i6OpoJ1LMKw5uwvjDxeJcp0Dl3SjW54="},"senderSigningKey":{"public":"BTQK1brLckLe9YkuJpNZsF8ZEBW7IaNrIR6bPiYHtoNE"},"senderMessageKeys":[]},{"senderKeyId":443956518,"senderChainKey":{"iteration":47,"seed":"w7Eyo1WEuNE9i6OpoJ1LMKw5uwvjDxeJcp0Dl3SjW54="},"senderSigningKey":{"public":"BTQK1brLckLe9YkuJpNZsF8ZEBW7IaNrIR6bPiYHtoNE"},"senderMessageKeys":[]},{"senderKeyId":443956518,"senderChainKey":{"iteration":47,"seed":"w7Eyo1WEuNE9i6OpoJ1LMKw5uwvjDxeJcp0Dl3SjW54="},"senderSigningKey":{"public":"BTQK1brLckLe9YkuJpNZsF8ZEBW7IaNrIR6bPiYHtoNE"},"senderMessageKeys":[]}]