[{"senderKeyId":1529923039,"senderChainKey":{"iteration":2,"seed":"NO+4upUCzI7GHwBB5DWUP7JwJsfUuv8840pg2LCwPfs="},"senderSigningKey":{"public":"BSAqkGpOJlukwWDOxzFd2SIEXCebpT7eQP5mPtYBJxNp"},"senderMessageKeys":[]},{"senderKeyId":1578637579,"senderChainKey":{"iteration":1,"seed":"3MfDcja21lYINe+dn7CA7ZVld3TlOctXaUyIH1A38ig="},"senderSigningKey":{"public":"BcxPN6R0SbK9Lj2HzzUiuMHqjbzF2GupWqXFvGBIH+xl"},"senderMessageKeys":[]},{"senderKeyId":1667946429,"senderChainKey":{"iteration":2,"seed":"8LhMtu9htAHCYHVCC3yc8CG1ECJowqdL8Id4GUDJFQ4="},"senderSigningKey":{"public":"BUQOgHz9ypQDKOrHCpxkFXuixEhdFQ3hXnEHzs2qCJFt"},"senderMessageKeys":[]}]