[{"senderKeyId":833832239,"senderChainKey":{"iteration":58,"seed":"FwCKSZgUkoEqEAh2VHBOmatwvDM+eREFTYdiautgMY4="},"senderSigningKey":{"public":"BdgYBv5OBiuEP4szYtQooCmsmZ8tTXoSBG2nRs1ipbdC"},"senderMessageKeys":[]},{"senderKeyId":833832239,"senderChainKey":{"iteration":58,"seed":"FwCKSZgUkoEqEAh2VHBOmatwvDM+eREFTYdiautgMY4="},"senderSigningKey":{"public":"BdgYBv5OBiuEP4szYtQooCmsmZ8tTXoSBG2nRs1ipbdC"},"senderMessageKeys":[]},{"senderKeyId":833832239,"senderChainKey":{"iteration":58,"seed":"FwCKSZgUkoEqEAh2VHBOmatwvDM+eREFTYdiautgMY4="},"senderSigningKey":{"public":"BdgYBv5OBiuEP4szYtQooCmsmZ8tTXoSBG2nRs1ipbdC"},"senderMessageKeys":[]},{"senderKeyId":833832239,"senderChainKey":{"iteration":58,"seed":"FwCKSZgUkoEqEAh2VHBOmatwvDM+eREFTYdiautgMY4="},"senderSigningKey":{"public":"BdgYBv5OBiuEP4szYtQooCmsmZ8tTXoSBG2nRs1ipbdC"},"senderMessageKeys":[]},{"senderKeyId":833832239,"senderChainKey":{"iteration":58,"seed":"FwCKSZgUkoEqEAh2VHBOmatwvDM+eREFTYdiautgMY4="},"senderSigningKey":{"public":"BdgYBv5OBiuEP4szYtQooCmsmZ8tTXoSBG2nRs1ipbdC"}}]