[{"senderKeyId":32338326,"senderChainKey":{"iteration":7411,"seed":"6fKNNM7tVO4y2q1MAnL10Hbq8wCvCMdDV+Sc2XnJaVI="},"senderSigningKey":{"public":"BVpRAF5E94IPsiPcdZBPq2qb0ERFv4W6Xk/xqKEicktu"},"senderMessageKeys":[{},{},{},{},{},{},{},{},{},{},{},{},{},{},{},{},{},{},{},{},{},{},{},{},{},{},{},{},{},{},{},{},{},{},{},{},{},{},{},{},{},{},{},{},{},{},{},{},{},{},{},{},{},{},{},{},{},{},{},{},{},{},{},{},{},{}]},{"senderKeyId":32338326,"senderChainKey":{"iteration":7385,"seed":"p2okWP9TvR/3jyXOiXoeovKemmC264wMqFo1gaLdzRo="},"senderSigningKey":{"public":"BVpRAF5E94IPsiPcdZBPq2qb0ERFv4W6Xk/xqKEicktu"},"senderMessageKeys":[]},{"senderKeyId":32338326,"senderChainKey":{"iteration":7387,"seed":"csz8m8oKd05htS4YB72baq2+gSwO8E5EPUwDkbf1xK4="},"senderSigningKey":{"public":"BVpRAF5E94IPsiPcdZBPq2qb0ERFv4W6Xk/xqKEicktu"},"senderMessageKeys":[]},{"senderKeyId":32338326,"senderChainKey":{"iteration":7405,"seed":"doMOgMniUmUBNnBA1fTnEHccM2wBkLW82Oh8QusXDIk="},"senderSigningKey":{"public":"BVpRAF5E94IPsiPcdZBPq2qb0ERFv4W6Xk/xqKEicktu"},"senderMessageKeys":[]},{"senderKeyId":32338326,"senderChainKey":{"iteration":7407,"seed":"QMohXLNuLej4e54qtG5qYwDJxv3eoAFeErzf0uHG+vI="},"senderSigningKey":{"public":"BVpRAF5E94IPsiPcdZBPq2qb0ERFv4W6Xk/xqKEicktu"},"senderMessageKeys":[]}]