[{"senderKeyId":744546014,"senderChainKey":{"iteration":6907,"seed":"RRUsgyylZK/raYbwrVtD/nBXNGsCna8O286Jn2SKnJo="},"senderSigningKey":{"public":"BSY3M3vttEylT8XomFeti5Hqcx8iRevqUAg9u7UPiVMA"},"senderMessageKeys":[{},{},{},{},{},{},{},{},{},{},{},{},{},{},{},{},{}]},{"senderKeyId":744546014,"senderChainKey":{"iteration":6893,"seed":"uBXnGPtOeRlPwBLeidmy3TxriAG8zp7mbpCIwjkUzaM="},"senderSigningKey":{"public":"BSY3M3vttEylT8XomFeti5Hqcx8iRevqUAg9u7UPiVMA"},"senderMessageKeys":[]},{"senderKeyId":744546014,"senderChainKey":{"iteration":6895,"seed":"JFLNR4lOE3D/H5m/oDIXOxbJL0e7BJ5yX51iV3456Eo="},"senderSigningKey":{"public":"BSY3M3vttEylT8XomFeti5Hqcx8iRevqUAg9u7UPiVMA"},"senderMessageKeys":[]},{"senderKeyId":744546014,"senderChainKey":{"iteration":6899,"seed":"QNJD6LRvobdaH3Gg/UoTuoUEZu5Xkxn03r8LcFP2ubI="},"senderSigningKey":{"public":"BSY3M3vttEylT8XomFeti5Hqcx8iRevqUAg9u7UPiVMA"},"senderMessageKeys":[]},{"senderKeyId":744546014,"senderChainKey":{"iteration":6905,"seed":"eMDJHLiNx/jw10wIBSuqRWBYEfJsPBT/zWgUNxq4jHQ="},"senderSigningKey":{"public":"BSY3M3vttEylT8XomFeti5Hqcx8iRevqUAg9u7UPiVMA"},"senderMessageKeys":[]}]