[{"senderKeyId":1718186572,"senderChainKey":{"iteration":24,"seed":"Ghc7ium9om3KUhnSacRXLp2hxN96JD3l+6RDax/dfU4="},"senderSigningKey":{"public":"BWtQMfSsX4V7reWDVXFIRP6X0gsprcSng8VWs2jg7i52"},"senderMessageKeys":[]},{"senderKeyId":1718186572,"senderChainKey":{"iteration":24,"seed":"Ghc7ium9om3KUhnSacRXLp2hxN96JD3l+6RDax/dfU4="},"senderSigningKey":{"public":"BWtQMfSsX4V7reWDVXFIRP6X0gsprcSng8VWs2jg7i52"},"senderMessageKeys":[]},{"senderKeyId":1718186572,"senderChainKey":{"iteration":24,"seed":"Ghc7ium9om3KUhnSacRXLp2hxN96JD3l+6RDax/dfU4="},"senderSigningKey":{"public":"BWtQMfSsX4V7reWDVXFIRP6X0gsprcSng8VWs2jg7i52"},"senderMessageKeys":[]},{"senderKeyId":1718186572,"senderChainKey":{"iteration":24,"seed":"Ghc7ium9om3KUhnSacRXLp2hxN96JD3l+6RDax/dfU4="},"senderSigningKey":{"public":"BWtQMfSsX4V7reWDVXFIRP6X0gsprcSng8VWs2jg7i52"}}]