[{"senderKeyId":95058227,"senderChainKey":{"iteration":8,"seed":"vFP5WPeUJPAQ3ItsEr+AyfhJqzm5mFPPFMytypiLOyM="},"senderSigningKey":{"public":"BWlNkM2rAq/Zrd5etKgda9ky2y9/8sj2QOnF6ULNf/Eb"},"senderMessageKeys":[]},{"senderKeyId":95058227,"senderChainKey":{"iteration":3,"seed":"qmAJfOj7hhsVk32AoIS//pUy8hUlqXzN3UU54qb2e4U="},"senderSigningKey":{"public":"BWlNkM2rAq/Zrd5etKgda9ky2y9/8sj2QOnF6ULNf/Eb"},"senderMessageKeys":[]},{"senderKeyId":95058227,"senderChainKey":{"iteration":3,"seed":"qmAJfOj7hhsVk32AoIS//pUy8hUlqXzN3UU54qb2e4U="},"senderSigningKey":{"public":"BWlNkM2rAq/Zrd5etKgda9ky2y9/8sj2QOnF6ULNf/Eb"},"senderMessageKeys":[]},{"senderKeyId":95058227,"senderChainKey":{"iteration":6,"seed":"+W5Aq9hMDzSSQu5lhBTB5bfhH/UAJQwgsJVBxR4s/lE="},"senderSigningKey":{"public":"BWlNkM2rAq/Zrd5etKgda9ky2y9/8sj2QOnF6ULNf/Eb"},"senderMessageKeys":[]}]