[{"senderKeyId":73659830,"senderChainKey":{"iteration":12,"seed":"7q7qx/K2BfOr1GdzgEGxa5dZHbPRXDvLqJlczyoM/w8="},"senderSigningKey":{"public":"BYML4quVAn23bsg4F9kq0G5wNQqp1JrE9mBF1J1lmr0G"},"senderMessageKeys":[]},{"senderKeyId":436222086,"senderChainKey":{"iteration":8,"seed":"gHoIF/wm7+lRGLG2z4AP0iJ7M+GUtgOme7YKGUn7akw="},"senderSigningKey":{"public":"BQ5c5o2ACKsRNRMjvGWaKpVCGLNfhzZWoKDr1IiWBjpn"},"senderMessageKeys":[]},{"senderKeyId":2006721642,"senderChainKey":{"iteration":8,"seed":"H46PuQgdiGZiHsGFK65T6VWXiOSpyVojldOTwTjdAgs="},"senderSigningKey":{"public":"BYMkcT/2tgCZNzCe/j+zhc/DsHH+ybtVi4yfB/Y81/cD"},"senderMessageKeys":[]},{"senderKeyId":1829189828,"senderChainKey":{"iteration":4,"seed":"49fVwZa2CJ3DYndbdsJQu5040AstyRnNmtp/S6l9l8A="},"senderSigningKey":{"public":"Be78+iYZcspp5nsxnU9fHXH3h6LuEY5RZI8fiYTA9VAw"},"senderMessageKeys":[]},{"senderKeyId":1829189828,"senderChainKey":{"iteration":2,"seed":"nQ9OiSHNmANDBfc8+pmv0KCkZ2VPWpnzcvd9c2/PTFQ="},"senderSigningKey":{"public":"Be78+iYZcspp5nsxnU9fHXH3h6LuEY5RZI8fiYTA9VAw"},"senderMessageKeys":[]}]