[{"senderKeyId":570850095,"senderChainKey":{"iteration":221,"seed":"jgXiYT/7fH1IrhzLB1+3Y+Z+lKJueu6zXstEIwJSCN8="},"senderSigningKey":{"public":"BSouHDzTfFE7lSA4t8xyDHbe5qpAQHC0BSZa67rub4EF"},"senderMessageKeys":[{},{},{},{},{},{},{},{},{}]},{"senderKeyId":570850095,"senderChainKey":{"iteration":213,"seed":"zKYTI6nWcHtblPiDD5VU6fDbBxjeoOTfrQTWPh9j+PE="},"senderSigningKey":{"public":"BSouHDzTfFE7lSA4t8xyDHbe5qpAQHC0BSZa67rub4EF"},"senderMessageKeys":[]},{"senderKeyId":570850095,"senderChainKey":{"iteration":215,"seed":"bSjlY1m9/ASyvWQ87XwrC+fZs0m5hiyczkoieemdmYY="},"senderSigningKey":{"public":"BSouHDzTfFE7lSA4t8xyDHbe5qpAQHC0BSZa67rub4EF"},"senderMessageKeys":[]},{"senderKeyId":570850095,"senderChainKey":{"iteration":217,"seed":"Hum94/C9UEVlfcvZ4QBoti4YRoiW6UMu8obMvwVsCYo="},"senderSigningKey":{"public":"BSouHDzTfFE7lSA4t8xyDHbe5qpAQHC0BSZa67rub4EF"},"senderMessageKeys":[]},{"senderKeyId":570850095,"senderChainKey":{"iteration":219,"seed":"b8nSm6Qi7cSolzzWBGgfSip71FrCIsHS+YyugEpHYV8="},"senderSigningKey":{"public":"BSouHDzTfFE7lSA4t8xyDHbe5qpAQHC0BSZa67rub4EF"},"senderMessageKeys":[]}]