[{"senderKeyId":1805506131,"senderChainKey":{"iteration":11,"seed":"SaYcKBogwZUXYlWNkDOJ6r9rG9YC7B4WfPmA0WFQKfk="},"senderSigningKey":{"public":"BQwkHE0YqfxEBVp+qUjK0lNcAF/DK1Pvc34JsoI3Uy4q"},"senderMessageKeys":[]},{"senderKeyId":1805506131,"senderChainKey":{"iteration":11,"seed":"SaYcKBogwZUXYlWNkDOJ6r9rG9YC7B4WfPmA0WFQKfk="},"senderSigningKey":{"public":"BQwkHE0YqfxEBVp+qUjK0lNcAF/DK1Pvc34JsoI3Uy4q"},"senderMessageKeys":[]},{"senderKeyId":1805506131,"senderChainKey":{"iteration":11,"seed":"SaYcKBogwZUXYlWNkDOJ6r9rG9YC7B4WfPmA0WFQKfk="},"senderSigningKey":{"public":"BQwkHE0YqfxEBVp+qUjK0lNcAF/DK1Pvc34JsoI3Uy4q"}}]