[{"senderKeyId":134075243,"senderChainKey":{"iteration":84,"seed":"dAtbf+zTq+n3DH9bwj721EQZrZVp//JcLD61WilXYMM="},"senderSigningKey":{"public":"BRbTs1C/50vRNaJpHauM2o2GzKlhrjWADrMhMgH0Dm0c"},"senderMessageKeys":[]},{"senderKeyId":134075243,"senderChainKey":{"iteration":51,"seed":"7PlGoxCpcUEomcI090QA22DfEGoseu7Yne3clcsfiqA="},"senderSigningKey":{"public":"BRbTs1C/50vRNaJpHauM2o2GzKlhrjWADrMhMgH0Dm0c"},"senderMessageKeys":[]},{"senderKeyId":134075243,"senderChainKey":{"iteration":51,"seed":"7PlGoxCpcUEomcI090QA22DfEGoseu7Yne3clcsfiqA="},"senderSigningKey":{"public":"BRbTs1C/50vRNaJpHauM2o2GzKlhrjWADrMhMgH0Dm0c"},"senderMessageKeys":[]},{"senderKeyId":134075243,"senderChainKey":{"iteration":51,"seed":"7PlGoxCpcUEomcI090QA22DfEGoseu7Yne3clcsfiqA="},"senderSigningKey":{"public":"BRbTs1C/50vRNaJpHauM2o2GzKlhrjWADrMhMgH0Dm0c"},"senderMessageKeys":[]},{"senderKeyId":134075243,"senderChainKey":{"iteration":51,"seed":"7PlGoxCpcUEomcI090QA22DfEGoseu7Yne3clcsfiqA="},"senderSigningKey":{"public":"BRbTs1C/50vRNaJpHauM2o2GzKlhrjWADrMhMgH0Dm0c"},"senderMessageKeys":[]}]