[{"senderKeyId":258174091,"senderChainKey":{"iteration":103,"seed":"Yhrbo3MdMwVPFWiRRN/ENrCCtIpO3nrSEy9JjBGGO44="},"senderSigningKey":{"public":"BR+m5NSTakQzyIVQw9rjVzi7dp3zlh2aQY8q2jAvG0BW"},"senderMessageKeys":[{},{},{},{},{},{},{},{},{},{},{},{},{},{},{},{},{},{},{},{},{},{},{},{},{},{},{},{},{},{},{},{},{},{}]},{"senderKeyId":258174091,"senderChainKey":{"iteration":45,"seed":"49Tb1cQrTPMxJniRquKcI5xgelNsORxx5qKCYPq7XQQ="},"senderSigningKey":{"public":"BR+m5NSTakQzyIVQw9rjVzi7dp3zlh2aQY8q2jAvG0BW"},"senderMessageKeys":[]},{"senderKeyId":258174091,"senderChainKey":{"iteration":55,"seed":"sQeJYII4gfbC968N+CmLW5PPsjTmocmVDsl3skr9X7I="},"senderSigningKey":{"public":"BR+m5NSTakQzyIVQw9rjVzi7dp3zlh2aQY8q2jAvG0BW"},"senderMessageKeys":[]},{"senderKeyId":258174091,"senderChainKey":{"iteration":61,"seed":"HXnYD/hFgCYgNtrtBd7QWNyEp9xIxOD7c2bQXvrwtfw="},"senderSigningKey":{"public":"BR+m5NSTakQzyIVQw9rjVzi7dp3zlh2aQY8q2jAvG0BW"},"senderMessageKeys":[]},{"senderKeyId":258174091,"senderChainKey":{"iteration":69,"seed":"gXMzKTGg+ZnPUOYi15ikmtCgRHlbOic1OIf75mB29IQ="},"senderSigningKey":{"public":"BR+m5NSTakQzyIVQw9rjVzi7dp3zlh2aQY8q2jAvG0BW"},"senderMessageKeys":[]}]