[{"senderKeyId":919943043,"senderChainKey":{"iteration":1,"seed":"aLtmpnywdQ+guDKFDhMjycbGUPfzrS9uIw7RwiKE9Ds="},"senderSigningKey":{"public":"BUB21ejkUEFeUiDpDbm3pJsD8WmOdKXlVu+Eq3Z+OdcI"},"senderMessageKeys":[]},{"senderKeyId":919943043,"senderChainKey":{"iteration":1,"seed":"aLtmpnywdQ+guDKFDhMjycbGUPfzrS9uIw7RwiKE9Ds="},"senderSigningKey":{"public":"BUB21ejkUEFeUiDpDbm3pJsD8WmOdKXlVu+Eq3Z+OdcI"},"senderMessageKeys":[]},{"senderKeyId":919943043,"senderChainKey":{"iteration":1,"seed":"aLtmpnywdQ+guDKFDhMjycbGUPfzrS9uIw7RwiKE9Ds="},"senderSigningKey":{"public":"BUB21ejkUEFeUiDpDbm3pJsD8WmOdKXlVu+Eq3Z+OdcI"},"senderMessageKeys":[]},{"senderKeyId":919943043,"senderChainKey":{"iteration":1,"seed":"aLtmpnywdQ+guDKFDhMjycbGUPfzrS9uIw7RwiKE9Ds="},"senderSigningKey":{"public":"BUB21ejkUEFeUiDpDbm3pJsD8WmOdKXlVu+Eq3Z+OdcI"}}]