{"_sessions":{"BZRT5lsa79gswLjgH1L/gG6zO0i5Yz87LMupefiTyB1u":{"registrationId":1565981149,"currentRatchet":{"ephemeralKeyPair":{"pubKey":"Bbru2Nm5UsovtGKXcTegdow7PsrxRCFTl91KAyl62L5D","privKey":"2GFcbidIZxyWJglRMquX4VkO9Xwy4tCXBtsWePS/0lU="},"lastRemoteEphemeralKey":"BSknpGIgXZk9oy3tgxG8bBq3vCPTqYRge77JyBW/rbIJ","previousCounter":0,"rootKey":"yP6hbC7wJAKulKPpFA6NFIjS6mQpJEjpNmsShSuR1NI="},"indexInfo":{"baseKey":"BZRT5lsa79gswLjgH1L/gG6zO0i5Yz87LMupefiTyB1u","baseKeyType":1,"closed":-1,"used":1703296481904,"created":1703296481904,"remoteIdentityKey":"BY6gXeVsE2gw0Wwh1t+QQdgqkEBIHNjAuOC7xMyT01J7"},"_chains":{"Bbru2Nm5UsovtGKXcTegdow7PsrxRCFTl91KAyl62L5D":{"chainKey":{"counter":6,"key":"J5RcdS7M7+97huj3g/jojJFERxO+svKWj+IW0P6cISA="},"chainType":1,"messageKeys":{}}},"pendingPreKey":{"signedKeyId":3,"baseKey":"BZRT5lsa79gswLjgH1L/gG6zO0i5Yz87LMupefiTyB1u","preKeyId":9568773}}},"version":"v1"}