{"_sessions":{"BSHR5bRW+NoMTA/O3pp5GlnPFFemW9aESFnZ0RXZqH0+":{"registrationId":1927487125,"currentRatchet":{"ephemeralKeyPair":{"pubKey":"BXMjRd/MB7AFWKSeUGtlNJcG6lbQVoaeMPQXiIkWz3MW","privKey":"GA1Zf5SMRcBCX/PA+6jtmLy3EFXtzgTV5M7rYtRsAks="},"lastRemoteEphemeralKey":"BXUrajG7/jI5ktMgPnVwZT/fwzwNtYthAl7mg8gKzBRQ","previousCounter":0,"rootKey":"Eo3W6OzLvcNAJjBV1bqzsI+/H1HpgTyf7KUk/JEQTk8="},"indexInfo":{"baseKey":"BSHR5bRW+NoMTA/O3pp5GlnPFFemW9aESFnZ0RXZqH0+","baseKeyType":1,"closed":-1,"used":1703296482427,"created":1703296482427,"remoteIdentityKey":"BXYPaTUL5kKhKlKh16Pkwisj85nONZu7fztcKFcf1mMo"},"_chains":{"BXMjRd/MB7AFWKSeUGtlNJcG6lbQVoaeMPQXiIkWz3MW":{"chainKey":{"counter":6,"key":"J8egTSSZiuWZX02+bDNENTIEkQiyVBkp/1/RP3jZabc="},"chainType":1,"messageKeys":{}}},"pendingPreKey":{"signedKeyId":14,"baseKey":"BSHR5bRW+NoMTA/O3pp5GlnPFFemW9aESFnZ0RXZqH0+","preKeyId":9775502}}},"version":"v1"}