{"_sessions":{"BXYXcfw+13vtLtWq6Ey2YB+HrvPChqeiEFCA94YivbFC":{"registrationId":844903509,"currentRatchet":{"ephemeralKeyPair":{"pubKey":"BRNnz0zYY2GWKVwUh6OhBefTE53LGxi6M2dKANYHB6d8","privKey":"EGtEmajHeF4thHHusdicrSG+DJcD5gwIw4zUHq5/P3E="},"lastRemoteEphemeralKey":"BfXG/JQIFz8BFIkdiIPQO1Kj3dkwoORzTqCr22GD1nMB","previousCounter":0,"rootKey":"I06eBiyQF54YMwHfiO/+NjItuGK8BKluUFHhT7MP/nU="},"indexInfo":{"baseKey":"BXYXcfw+13vtLtWq6Ey2YB+HrvPChqeiEFCA94YivbFC","baseKeyType":1,"closed":1703336425549,"used":1703336411743,"created":1703336411743,"remoteIdentityKey":"BYzgZh9o5ZKqfQRugo0kLQmORbEFmGxBy2nGdACbLohd"},"_chains":{"BRNnz0zYY2GWKVwUh6OhBefTE53LGxi6M2dKANYHB6d8":{"chainKey":{"counter":2,"key":"yZ9Lo+78A4jrsS0CxAkOMTItDOVIZx56OBYewk7c9Nw="},"chainType":1,"messageKeys":{}}},"pendingPreKey":{"signedKeyId":0,"baseKey":"BXYXcfw+13vtLtWq6Ey2YB+HrvPChqeiEFCA94YivbFC","preKeyId":4673149}},"BV0iJFeQHnzsoSbGXPWpbme6nLXsqJrn4WngTL/4jHly":{"registrationId":844903509,"currentRatchet":{"ephemeralKeyPair":{"pubKey":"BZa2zafLjo7OlFuHSQUzPccLfClXPI4DRO7BeU3ToMJA","privKey":"6MITLNanXwjc9nf+ruHG6EwcUKFrox8F5HQNkHTd/Xc="},"lastRemoteEphemeralKey":"Beb3wQ3fpw+W3aLuKHO/+21fpNURnTJ7UgEE/zp1SlUB","previousCounter":3,"rootKey":"1D6XRcrKl6JeVIo5sXqZmrLohSog4LrHrGsunbPAXSI="},"indexInfo":{"baseKey":"BV0iJFeQHnzsoSbGXPWpbme6nLXsqJrn4WngTL/4jHly","baseKeyType":1,"closed":-1,"used":1703384364504,"created":1703336425537,"remoteIdentityKey":"BYzgZh9o5ZKqfQRugo0kLQmORbEFmGxBy2nGdACbLohd"},"_chains":{"Beb3wQ3fpw+W3aLuKHO/+21fpNURnTJ7UgEE/zp1SlUB":{"chainKey":{"counter":0,"key":"O1UGqk4FcZp3rLvJ8pBfTAy795SPhymcTVGaQ9BLhIc="},"chainType":2,"messageKeys":{}},"BZa2zafLjo7OlFuHSQUzPccLfClXPI4DRO7BeU3ToMJA":{"chainKey":{"counter":-1,"key":"A62AfGa7A2lX/8ligODG4ThalhB8IsHxb3+2+cXQ910="},"chainType":1,"messageKeys":{}}}}},"version":"v1"}