{"_sessions":{"BUcdksZTNGkqZBxNEileZNkQiM9BHuQw89fmnCHS/uh+":{"registrationId":2116588959,"currentRatchet":{"ephemeralKeyPair":{"pubKey":"Bf5I2OZ7o7iG6JNrJUpXs5INupGCj2irX0+GJtXnwy8V","privKey":"2LggUch3D5ebmVqUiguFyP2GPk/RAvcg79KYkRyRikk="},"lastRemoteEphemeralKey":"BR1YQ4ztx1tzEXX61Iopv8egcXhO6GOZdlhZmE3B3DFZ","previousCounter":0,"rootKey":"vMWu3am1dapJ4eo3Mup9AWLwVdK49HHi88EWSyYsaqc="},"indexInfo":{"baseKey":"BUcdksZTNGkqZBxNEileZNkQiM9BHuQw89fmnCHS/uh+","baseKeyType":1,"closed":-1,"used":1703296482075,"created":1703296482075,"remoteIdentityKey":"BQYqdQuWQR/9vKQNTTWN35yxiGwi+Mr/fLHoYzcNcshu"},"_chains":{"Bf5I2OZ7o7iG6JNrJUpXs5INupGCj2irX0+GJtXnwy8V":{"chainKey":{"counter":6,"key":"4jL8kheWZCGfE9N8uChfujzliiwBOr6o7Gm3YLYZFKU="},"chainType":1,"messageKeys":{}}},"pendingPreKey":{"signedKeyId":2,"baseKey":"BUcdksZTNGkqZBxNEileZNkQiM9BHuQw89fmnCHS/uh+","preKeyId":11473489}}},"version":"v1"}