{"_sessions":{"Bb0TlbJXt0LbAS7c3eVWOseQC19QBZC03DxAfeNKe0Qb":{"registrationId":452652442,"currentRatchet":{"ephemeralKeyPair":{"pubKey":"BeHizHoLNWCyc0zjublC0gVpq2hDbRDeoOMcUZ7AOZ4I","privKey":"sDS2XOQh9cBBkx2LNsbzKkd+6ipEvWBHzkkQgfeQVHo="},"lastRemoteEphemeralKey":"BQt5U5sy4jLgpjyfMRVmI3KeMQx8xjJgfu1sqDWPEYIy","previousCounter":0,"rootKey":"CLevDMja5BzLMUIYES0GBU6j+84dPSVOX0Kdmrg2eq4="},"indexInfo":{"baseKey":"Bb0TlbJXt0LbAS7c3eVWOseQC19QBZC03DxAfeNKe0Qb","baseKeyType":1,"closed":-1,"used":1703296481956,"created":1703296481956,"remoteIdentityKey":"BbxR5Gv0EG671Z49kmNwbyhs6CZKppfslU2YtAH0NhVW"},"_chains":{"BeHizHoLNWCyc0zjublC0gVpq2hDbRDeoOMcUZ7AOZ4I":{"chainKey":{"counter":6,"key":"6UHWdWt7co77dv62bOHs0TgSlGc2yFN9jML4NQ9DEII="},"chainType":1,"messageKeys":{}}},"pendingPreKey":{"signedKeyId":9,"baseKey":"Bb0TlbJXt0LbAS7c3eVWOseQC19QBZC03DxAfeNKe0Qb","preKeyId":10460023}}},"version":"v1"}