{"_sessions":{"BbIvrV6y1QH8iNMril7i0n6aehOXb5xspid5dLE4YqUf":{"registrationId":316502806,"currentRatchet":{"ephemeralKeyPair":{"pubKey":"BT+V2JSJeWZSC7pVa/sr6m1xjCUPCY4g4u//ER40w2QI","privKey":"aMSQaCls3qhPD+mP0ckd65ISeqtnIPWvFm8RnRRr82I="},"lastRemoteEphemeralKey":"BRyUJabCej6Ghdm/wJB+RA1WdRzIGKhY6EYJoQnGCykh","previousCounter":1,"rootKey":"AkAA8t0yEJoDxPFCPWRmA1jMeETAHonWNLo7iXQxY5A="},"indexInfo":{"baseKey":"BbIvrV6y1QH8iNMril7i0n6aehOXb5xspid5dLE4YqUf","baseKeyType":1,"closed":-1,"used":1703329665823,"created":1703322489707,"remoteIdentityKey":"Bf7YNpynTbik/set17ZnSvm6AXqqN4C0v9gm2/gqtZRI"},"_chains":{"BRyUJabCej6Ghdm/wJB+RA1WdRzIGKhY6EYJoQnGCykh":{"chainKey":{"counter":0,"key":"b+Vzycj51K/5H0iIejo6MYk58YzYgvFJ34disdWGIBg="},"chainType":2,"messageKeys":{}},"BT+V2JSJeWZSC7pVa/sr6m1xjCUPCY4g4u//ER40w2QI":{"chainKey":{"counter":8,"key":"mSpG5TCRYuxTB7durbIlf3RMEVWlkuri6CNfE9OWzOM="},"chainType":1,"messageKeys":{}}}}},"version":"v1"}