{"_sessions":{"BcTTM0O6zBD8/72EUaGrPAtyBRGoDINqZmBl3EE4ecsS":{"registrationId":745827483,"currentRatchet":{"ephemeralKeyPair":{"pubKey":"BfepJH9rbRjE62Z6ELrPpjkASlsjPo3TxDtpRBN1/+Uu","privKey":"6OnRMxf+NxeXpeyyKOzI/AKmrBblZJ8NESlmZu8dXUA="},"lastRemoteEphemeralKey":"BTrK8VUNJKmHHMf5yDZLzzEHaquRDpsNO4CKKYRIxuhj","previousCounter":0,"rootKey":"ClZ9ibEbWlMHjzJU+/lB9kpgVhrwkNU4pDAjme5Tl+Q="},"indexInfo":{"baseKey":"BcTTM0O6zBD8/72EUaGrPAtyBRGoDINqZmBl3EE4ecsS","baseKeyType":1,"closed":-1,"used":1703296482223,"created":1703296482223,"remoteIdentityKey":"BXgmQi9a4S7HcUxzGFVOYbFG1UPUdrJV0PA8ZrJYq490"},"_chains":{"BfepJH9rbRjE62Z6ELrPpjkASlsjPo3TxDtpRBN1/+Uu":{"chainKey":{"counter":6,"key":"CDBzjSgc+jhhz6G62z2wr2HA+Q8MM9nSmRSn/s8e0Ug="},"chainType":1,"messageKeys":{}}},"pendingPreKey":{"signedKeyId":57,"baseKey":"BcTTM0O6zBD8/72EUaGrPAtyBRGoDINqZmBl3EE4ecsS","preKeyId":2499524}}},"version":"v1"}