{"_sessions":{"BZDUdOT7I6J/1liqcZhjL2VpAUfVdVN/YAvdaiydKh9r":{"registrationId":1585666862,"currentRatchet":{"ephemeralKeyPair":{"pubKey":"BWBYKbCRs/Igv7PlwHKMytcRXVDyaWLFpbDhBX/rIsdG","privKey":"gLdyO6vaXLxGMwaA0Bja/qqYIGSOngEfVcHzD86u510="},"lastRemoteEphemeralKey":"BY8vJyp0oTV3BwuE8nSCnOKi/G+QiO6G4X+K+oJgUWZY","previousCounter":0,"rootKey":"NBgoW5GJupjyy4II1d1KRf/32mn10UHyWeaIWrQJr/A="},"indexInfo":{"baseKey":"BZDUdOT7I6J/1liqcZhjL2VpAUfVdVN/YAvdaiydKh9r","baseKeyType":1,"closed":-1,"used":1703296482196,"created":1703296482196,"remoteIdentityKey":"BQRyQhUWc+bw209nqo5hNkIV/LdHJVFm3apTbsiGhXdf"},"_chains":{"BWBYKbCRs/Igv7PlwHKMytcRXVDyaWLFpbDhBX/rIsdG":{"chainKey":{"counter":6,"key":"qWK3aH02dfTZtaWv7pA8ziNt28GMHqCanS2bRffKcdY="},"chainType":1,"messageKeys":{}}},"pendingPreKey":{"signedKeyId":6500197,"baseKey":"BZDUdOT7I6J/1liqcZhjL2VpAUfVdVN/YAvdaiydKh9r","preKeyId":7387}}},"version":"v1"}