{"_sessions":{"Bd4xC1Sw03p/AWn+tv7fW2GC441A06VahvO8BhSKy/cb":{"registrationId":1896664002,"currentRatchet":{"ephemeralKeyPair":{"pubKey":"BQT5kj7KLIQGk+Nk7weJnJrkTLSPvtNAsdkUsaSKyipp","privKey":"AOzlVICIY10gOZOGNXMJRcleu9CXXn8YlXmB4Iem5F4="},"lastRemoteEphemeralKey":"BbFJKH0mhR4/OuQbVFw2KPCeN5XC29emgfWsBBmQ5pNG","previousCounter":0,"rootKey":"kZdSP0tikqu7BhmO3dVOL9KOggFrRb9aD6eVK1x5AwU="},"indexInfo":{"baseKey":"Bd4xC1Sw03p/AWn+tv7fW2GC441A06VahvO8BhSKy/cb","baseKeyType":1,"closed":-1,"used":1703322489697,"created":1703322489697,"remoteIdentityKey":"BVUuPdTfNz43KuAnGZ9mByBZR5DTKycRXc/1czp1XQQR"},"_chains":{"BQT5kj7KLIQGk+Nk7weJnJrkTLSPvtNAsdkUsaSKyipp":{"chainKey":{"counter":10,"key":"giBkP6IiZLvVbpo/CKCiBFpOjPiuZlGJ8BJwN5SF2IE="},"chainType":1,"messageKeys":{}}},"pendingPreKey":{"signedKeyId":1,"baseKey":"Bd4xC1Sw03p/AWn+tv7fW2GC441A06VahvO8BhSKy/cb"}}},"version":"v1"}