{"_sessions":{"BSrFkijVNDljoR95d2hZSQd7zoo0pW8qlcafVwdzod44":{"registrationId":759371824,"currentRatchet":{"ephemeralKeyPair":{"pubKey":"BRMqU9xZlO41eUfHMMu6SgGzH9rPabakejyqeRzmDP8S","privKey":"mJcms64hi4JvJXW0RDhIMMJqmfI6xCgUe+9tYDrszUo="},"lastRemoteEphemeralKey":"BSOcykgxc7DGBhOBzVX5jAmEmP7vqbegp/qL4ePlAVcs","previousCounter":0,"rootKey":"RuHKD9CR96VRDOFlbrvfy4jqMyL0xKoZL3zC6j93DBc="},"indexInfo":{"baseKey":"BSrFkijVNDljoR95d2hZSQd7zoo0pW8qlcafVwdzod44","baseKeyType":1,"closed":-1,"used":1703296482182,"created":1703296482182,"remoteIdentityKey":"BScHToX+iCI6QAFouIBu+xA67vNuaxa7oqJWA7EnmBA9"},"_chains":{"BRMqU9xZlO41eUfHMMu6SgGzH9rPabakejyqeRzmDP8S":{"chainKey":{"counter":6,"key":"thcyr3M2VNKBbzkogMhoqGLh2A1UwAwnEWOXJTSRxYk="},"chainType":1,"messageKeys":{}}},"pendingPreKey":{"signedKeyId":10,"baseKey":"BSrFkijVNDljoR95d2hZSQd7zoo0pW8qlcafVwdzod44","preKeyId":8229037}}},"version":"v1"}