{"_sessions":{"BZs/2nbLoEvc9YhhaoixD1kA2D6mH1r2Ew8uhKFHL5E1":{"registrationId":16177,"currentRatchet":{"ephemeralKeyPair":{"pubKey":"BU70bqW6JQDu03arU48OiQXZEXcajMUm5gVFk+IWkQlc","privKey":"6HfSiq/U+EY+GknlxwMHXsKeHGc6HWRCYUyo7uYCsmE="},"lastRemoteEphemeralKey":"BdauQBuSgZ5yA0YUb2o5MM6gIvFottdCGeF9IK+WT0dz","previousCounter":0,"rootKey":"bji60OjHfCrdHXIYNv5G2jXG01X6JSCDtknnzETdgHs="},"indexInfo":{"baseKey":"BZs/2nbLoEvc9YhhaoixD1kA2D6mH1r2Ew8uhKFHL5E1","baseKeyType":1,"closed":-1,"used":1703296481246,"created":1703296481246,"remoteIdentityKey":"BaYH4ECu7iTMdY2crs6UL6szOBxdZ/qQckJV5VLT7UsZ"},"_chains":{"BU70bqW6JQDu03arU48OiQXZEXcajMUm5gVFk+IWkQlc":{"chainKey":{"counter":6,"key":"ykvhNIrN1li7tOuxAEWsopOmGaVC4bC0X3P8P3UG9vI="},"chainType":1,"messageKeys":{}}},"pendingPreKey":{"signedKeyId":1,"baseKey":"BZs/2nbLoEvc9YhhaoixD1kA2D6mH1r2Ew8uhKFHL5E1"}}},"version":"v1"}