{"_sessions":{"BXWuQPEy1IqstD8iAajiF2JVyesdJXVbC6qT6LaNRlJt":{"registrationId":279092481,"currentRatchet":{"ephemeralKeyPair":{"pubKey":"Bcy+oLB8HQdZRMexQAEwHfzdFIrRXpy0bFBomTx/ow4R","privKey":"UGufgl68Po187K9AB/Jk/tggNKQDjrS42BWoIUlq82E="},"lastRemoteEphemeralKey":"BcLA19tscNjg63hzdiJOpIHxG3xzM/7t1KYDaBhlcNpa","previousCounter":2,"rootKey":"r+GqF9RMXFRIq/XjZDdQsNBIlr4facY+wOBGc6mxrW8="},"indexInfo":{"baseKey":"BXWuQPEy1IqstD8iAajiF2JVyesdJXVbC6qT6LaNRlJt","baseKeyType":1,"closed":-1,"used":1703308816762,"created":1703296482328,"remoteIdentityKey":"Bec0Pdd45IJbscsb2BmBPrGM6vWpDGQT3EBYkxXlN5U5"},"_chains":{"BcLA19tscNjg63hzdiJOpIHxG3xzM/7t1KYDaBhlcNpa":{"chainKey":{"counter":1,"key":"0Ys+u2+kxO6mC+V9NoJvWnxoRJ3vq/hQLGogJZ1f4wE="},"chainType":2,"messageKeys":{}},"Bcy+oLB8HQdZRMexQAEwHfzdFIrRXpy0bFBomTx/ow4R":{"chainKey":{"counter":3,"key":"2wO8JLUzpfF7CWE/CisU9TPujs69ByiZsXqMIf93r3I="},"chainType":1,"messageKeys":{}}}}},"version":"v1"}