{"_sessions":{"BfbeG2jm2khiGTe/C3mvx+bvG5MCPfiT/bBj6DQXG0d+":{"registrationId":1429208427,"currentRatchet":{"ephemeralKeyPair":{"pubKey":"Baj6Msd0PCXDisNA30o6lqeoZYH0uB64i8lzFzE22hA9","privKey":"uOHtGz2DtZt/6dKq/vB86OsQ7R2kBagKX7YLJaSRVkg="},"lastRemoteEphemeralKey":"Beb0K9r+zeINEmGZOgnSNSqiEG89vQWqS3RepF+DDEoK","previousCounter":0,"rootKey":"idK2PxGtklyvsytqe2qnF8KSgb+iafgptS3ARQMAcFU="},"indexInfo":{"baseKey":"BfbeG2jm2khiGTe/C3mvx+bvG5MCPfiT/bBj6DQXG0d+","baseKeyType":1,"closed":-1,"used":1703322489787,"created":1703322489787,"remoteIdentityKey":"Bcu2pZ5sh4yMJZ/U8qNT+bBxgc9tTLxdSIcigCMmpMhB"},"_chains":{"Baj6Msd0PCXDisNA30o6lqeoZYH0uB64i8lzFzE22hA9":{"chainKey":{"counter":10,"key":"IB2NSr9Iacg2czDhq3kH1BtUSAKZ+wvdVWzNwC5Yuhc="},"chainType":1,"messageKeys":{}}},"pendingPreKey":{"signedKeyId":5,"baseKey":"BfbeG2jm2khiGTe/C3mvx+bvG5MCPfiT/bBj6DQXG0d+","preKeyId":13573057}}},"version":"v1"}