{"_sessions":{"BcFX5XoFhM2h1/uO8qt5nDgUVTYqJPjubciOB5/mkAEu":{"registrationId":8667,"currentRatchet":{"ephemeralKeyPair":{"pubKey":"BV0hATzsBw/k2eXEOZbiYIZPjOj7psw7BC67UjDcGfMQ","privKey":"8HRQJ/pQu8mpNX7bvG5qOMxvINF94hNYdErRWKnEcGo="},"lastRemoteEphemeralKey":"BfzME4ke2stIFQz6gk3pBJ0rWcm9I5ycRidwbfcUWLNb","previousCounter":0,"rootKey":"vXF+rGIlBVRlgaFKJHMZqPX/0sWFraV/gs9FvME1fj4="},"indexInfo":{"baseKey":"BcFX5XoFhM2h1/uO8qt5nDgUVTYqJPjubciOB5/mkAEu","baseKeyType":1,"closed":-1,"used":1703296480655,"created":1703296480655,"remoteIdentityKey":"BSKJdugLgmYJZEcvyx2Gg2CL2e/zKqcaBT//QyyqLsQB"},"_chains":{"BV0hATzsBw/k2eXEOZbiYIZPjOj7psw7BC67UjDcGfMQ":{"chainKey":{"counter":6,"key":"hsLz5C5W7fWGFAztPDgbuuvpgrE5XG8MDzzaNJPFmqE="},"chainType":1,"messageKeys":{}}},"pendingPreKey":{"signedKeyId":2,"baseKey":"BcFX5XoFhM2h1/uO8qt5nDgUVTYqJPjubciOB5/mkAEu","preKeyId":2777}}},"version":"v1"}