{"_sessions":{"BVWAkgNDSH9UehkSi2vOU6kg/JqKLqxRmmrEbmtVzfAM":{"registrationId":1919882759,"currentRatchet":{"ephemeralKeyPair":{"pubKey":"BQO/NCHOTDM+b+fFjYyYp0+JsBeTcuhJyhrjHAfDdT4K","privKey":"6P+qJ9ghBx/6LmrdY9TJSHUlxuXnKHWizAiA0UtNIV0="},"lastRemoteEphemeralKey":"BadU7dW5IpNlemU6/rp33MnrpTL30/kDUHYMgnQDgMFq","previousCounter":1,"rootKey":"ImOrdVFunVKQ5KM4If0VF7SIuxg/5vJdHp6i5tOqg/8="},"indexInfo":{"baseKey":"BVWAkgNDSH9UehkSi2vOU6kg/JqKLqxRmmrEbmtVzfAM","baseKeyType":1,"closed":-1,"used":1703326019689,"created":1703322489846,"remoteIdentityKey":"Ba6V08curLB/xbOgWkmPp7uXMuybRpGO9nROZ5nPqxhb"},"_chains":{"BadU7dW5IpNlemU6/rp33MnrpTL30/kDUHYMgnQDgMFq":{"chainKey":{"counter":0,"key":"5VyCtCXwovs7mQVjXIRMqv4aneirjyX3DyICOyA0pSM="},"chainType":2,"messageKeys":{}},"BQO/NCHOTDM+b+fFjYyYp0+JsBeTcuhJyhrjHAfDdT4K":{"chainKey":{"counter":8,"key":"ex3a0Cib/3fsx9RcZya8Ypo5sUJApIm22dsaAFOYZF0="},"chainType":1,"messageKeys":{}}}}},"version":"v1"}