{"_sessions":{"BZ1ftUi4ux7E6DeQORQVsy/c+wfOsgH5j6cVGrGmEOQH":{"registrationId":1150968346,"currentRatchet":{"ephemeralKeyPair":{"pubKey":"BYU/jHzUDI0eL083vwyZXYJXyOf1zn62B34S9czKvEkA","privKey":"UKHsu8LkmpXyTmV2exofziEjHou4A52EfcUot3hY0Ek="},"lastRemoteEphemeralKey":"BUG0STgJ1gZaFC5yijMvix+/5ptRxu0beE4Lk/NGbE4N","previousCounter":0,"rootKey":"2QLxTfQklJXC9U9aun7mfJyhy5jo4Yg3eFcwcrY+cCQ="},"indexInfo":{"baseKey":"BZ1ftUi4ux7E6DeQORQVsy/c+wfOsgH5j6cVGrGmEOQH","baseKeyType":1,"closed":-1,"used":1703298462165,"created":1703298462165,"remoteIdentityKey":"BQ633BGUWxmfGTO0dQj1KtAUFuPEgwC9JjV2usa1J0lF"},"_chains":{"BYU/jHzUDI0eL083vwyZXYJXyOf1zn62B34S9czKvEkA":{"chainKey":{"counter":2,"key":"1NKXvNSVivcYEinwpfsV6ln0WFyDyOo8ZEdlbfzEBIg="},"chainType":1,"messageKeys":{}}},"pendingPreKey":{"signedKeyId":20,"baseKey":"BZ1ftUi4ux7E6DeQORQVsy/c+wfOsgH5j6cVGrGmEOQH","preKeyId":8061303}}},"version":"v1"}