{"_sessions":{"BTHQxMojCE8FRsB0peg/kYxwKYdgRtg8C5vXPQ1W89oQ":{"registrationId":1982155066,"currentRatchet":{"ephemeralKeyPair":{"pubKey":"BdsbIkqUfJ9YEkuBkVDwEz9M8aSjb0400PFsLTUnxXEH","privKey":"wOsz+6nr2VoBobN+Al4y7qnVXwTpED/qTy/ytMajw3I="},"lastRemoteEphemeralKey":"Bd+DCQ6BQLbtLcvnnq5t8q7blx4SaY12Apuoy4VSV14h","previousCounter":0,"rootKey":"eNlNJ1b5cOm3aVPJ75ksxHMye9SHpQykLhJDLPdJzUw="},"indexInfo":{"baseKey":"BTHQxMojCE8FRsB0peg/kYxwKYdgRtg8C5vXPQ1W89oQ","baseKeyType":1,"closed":-1,"used":1703296482214,"created":1703296482214,"remoteIdentityKey":"BXyaDXZtJhcNpOyt/2VMXtdyn7Xz2k3N4qU9qbsjCyo4"},"_chains":{"BdsbIkqUfJ9YEkuBkVDwEz9M8aSjb0400PFsLTUnxXEH":{"chainKey":{"counter":6,"key":"1Ls3kdhekECwBhLtFVJ1j0hengC0VbwU8qPOFVCJahw="},"chainType":1,"messageKeys":{}}},"pendingPreKey":{"signedKeyId":29,"baseKey":"BTHQxMojCE8FRsB0peg/kYxwKYdgRtg8C5vXPQ1W89oQ","preKeyId":15595501}}},"version":"v1"}