{"_sessions":{"BShgmwIT4LmJc/3ra+rgIH+Ym4GHNBcCHUK+JhjV3+V3":{"registrationId":333686773,"currentRatchet":{"ephemeralKeyPair":{"pubKey":"Bft2l38a/Lr7JaTYyqFuSBgBRIgf/oqG9Y5ul8h+FnRo","privKey":"iD+jfWtH8JtnNBB3Q4bklYxspDE1MQ/BRe43kCrfMns="},"lastRemoteEphemeralKey":"BRVYQrVZb8AG9BxPiBuylmBIj732qNiEnGPyZoxh3qQ8","previousCounter":0,"rootKey":"Rt6th3aXSoAEQV6zCIe7pte+eIaIzyG9x2uoLL4E4t8="},"indexInfo":{"baseKey":"BShgmwIT4LmJc/3ra+rgIH+Ym4GHNBcCHUK+JhjV3+V3","baseKeyType":1,"closed":-1,"used":1703296482204,"created":1703296482204,"remoteIdentityKey":"BZqsGqFBy1PodhJtfU+twUoapWSpDdH2tTcG8TVa94Y0"},"_chains":{"Bft2l38a/Lr7JaTYyqFuSBgBRIgf/oqG9Y5ul8h+FnRo":{"chainKey":{"counter":9,"key":"kgoJSq/NEQXNulmi4NdyXbLkYlsnanYKIsoo5/DOFbo="},"chainType":1,"messageKeys":{}}},"pendingPreKey":{"signedKeyId":0,"baseKey":"BShgmwIT4LmJc/3ra+rgIH+Ym4GHNBcCHUK+JhjV3+V3"}}},"version":"v1"}