{"_sessions":{"BaSyVGrFiDHQQRQ0pt8GDd+HKQmu4qitlYniX04jAZc4":{"registrationId":1021309081,"currentRatchet":{"ephemeralKeyPair":{"pubKey":"BQOIGfl9x+AydJQpQXD+Y42Z9Kl+UKceiemj6AqMK+9I","privKey":"aAbKq5tPwlirFFlK/9xwe1zGams8XCTzypuqQYVd3HY="},"lastRemoteEphemeralKey":"BSBLHHZgt6rri+ZjkDadJr5zRP9Xy1KZ8NPr0aLnd7JT","previousCounter":0,"rootKey":"XFvRKokNvgAgGVR+ww6eWn1azMCCKO7VUfjzDYcSCZU="},"indexInfo":{"baseKey":"BaSyVGrFiDHQQRQ0pt8GDd+HKQmu4qitlYniX04jAZc4","baseKeyType":1,"closed":-1,"used":1703296482278,"created":1703296482278,"remoteIdentityKey":"BUI3xAX4mqwsRbO+jklO1Lh4U6fbdGKgbEfsiQdHCC8p"},"_chains":{"BQOIGfl9x+AydJQpQXD+Y42Z9Kl+UKceiemj6AqMK+9I":{"chainKey":{"counter":6,"key":"eMUhNOeOE+KcTckxNXs8/CIiMo7LZlwZMW8U8uYtGxc="},"chainType":1,"messageKeys":{}}},"pendingPreKey":{"signedKeyId":36,"baseKey":"BaSyVGrFiDHQQRQ0pt8GDd+HKQmu4qitlYniX04jAZc4","preKeyId":2570101}}},"version":"v1"}