{"_sessions":{"BZ+qWhwudcLLpeczGDCSt9Lgqtb84AGPMLG8tgN45/1Q":{"registrationId":2082563749,"currentRatchet":{"ephemeralKeyPair":{"pubKey":"BTLM0/Kbxud72Q56kqCVaote6o9BBbLUiOVdTwD3maoC","privKey":"KF4d/efISvPRqLo6PhMWtQt0N+90EY6Yydyx0UUEcFA="},"lastRemoteEphemeralKey":"Bb5EzNx++oeSXUYGXqTTvOJ/sU1mwph2pa1bV69hrEFn","previousCounter":0,"rootKey":"3lgMNEDAFnDIesMUnuODTUjwKHFXHJZmoge44Sq0aqg="},"indexInfo":{"baseKey":"BZ+qWhwudcLLpeczGDCSt9Lgqtb84AGPMLG8tgN45/1Q","baseKeyType":1,"closed":-1,"used":1703296482319,"created":1703296482319,"remoteIdentityKey":"BaP4VU5882Vhi1or6zUJIxAbstaffwcQu+P3VGOAyPpT"},"_chains":{"BTLM0/Kbxud72Q56kqCVaote6o9BBbLUiOVdTwD3maoC":{"chainKey":{"counter":6,"key":"pslUeDww9w/gMTHrNygi/ef+Ukibs5X/yxL2DCAFdhc="},"chainType":1,"messageKeys":{}}},"pendingPreKey":{"signedKeyId":2,"baseKey":"BZ+qWhwudcLLpeczGDCSt9Lgqtb84AGPMLG8tgN45/1Q","preKeyId":9350001}}},"version":"v1"}