{"_sessions":{"BVNQStLEaZJomDRtsFXe1Fyy2oAzgC8eACPhuJmLPIY1":{"registrationId":610247154,"currentRatchet":{"ephemeralKeyPair":{"pubKey":"BZb+uvjj3deiv71lZKTACdPZQXjURHfqqrT0XZX0aOZZ","privKey":"QLORd4fvXyqlagPGf0FplnD9HX9v+OjZ6oKpZkCw7nU="},"lastRemoteEphemeralKey":"Bf8UOMqUgTebXa0WzVN695/ZFmE+XpYS12eWZ4NKIFMG","previousCounter":2,"rootKey":"7a4KQjIVTWxsODDkrn3+uSkj5As5nMLk0ZKGaQAMt9U="},"indexInfo":{"baseKey":"BVNQStLEaZJomDRtsFXe1Fyy2oAzgC8eACPhuJmLPIY1","baseKeyType":1,"closed":-1,"used":1703384342009,"created":1703298462144,"remoteIdentityKey":"Ba16Ek3j1A1UKZ6/4Y3LC8WbT+6mwK1E/AWRkarTGXh0"},"_chains":{"Bf8UOMqUgTebXa0WzVN695/ZFmE+XpYS12eWZ4NKIFMG":{"chainKey":{"counter":5,"key":"x0cXQ3XAGoJDet9nFCo4W/z2gUcOEJhlc74Tu4k3rRQ="},"chainType":2,"messageKeys":{}},"BZb+uvjj3deiv71lZKTACdPZQXjURHfqqrT0XZX0aOZZ":{"chainKey":{"counter":-1,"key":"M0wThIQOX6Z+E7FmLluQ6Ebv07y8J196U6ZuKfh40XY="},"chainType":1,"messageKeys":{}}}}},"version":"v1"}