{"_sessions":{"BaZ0Xn9W83UjMZZhX1F7LoPj1Au2h4Qjm7W1UmH9kqVe":{"registrationId":225845494,"currentRatchet":{"ephemeralKeyPair":{"pubKey":"BfjRnxJjUxi0EOrpmjMsBlSPte8Fg3ECAVXsvvKzOLUe","privKey":"4A0e4RnORgK2y8uphL5OLGDsZBTl+u3S6JMGMxiniUg="},"lastRemoteEphemeralKey":"BcKPDTUnFL1SBPxsPOXpvJ5OyByzcNgIch746juiN0ZK","previousCounter":0,"rootKey":"jh2fP6VgI79KHw8j+YoVGrOIyncHSUQ5v77tafyTJg0="},"indexInfo":{"baseKey":"BaZ0Xn9W83UjMZZhX1F7LoPj1Au2h4Qjm7W1UmH9kqVe","baseKeyType":1,"closed":-1,"used":1703322489739,"created":1703322489739,"remoteIdentityKey":"Bf+VRLA/mtySrXOinmKZShxIS6/GZ/e8w+y0SchtT9ll"},"_chains":{"BfjRnxJjUxi0EOrpmjMsBlSPte8Fg3ECAVXsvvKzOLUe":{"chainKey":{"counter":10,"key":"13PFYGqYx+nvyQsOIv3QrmqCarTzUsIh+rmXjF/G+eM="},"chainType":1,"messageKeys":{}}},"pendingPreKey":{"signedKeyId":0,"baseKey":"BaZ0Xn9W83UjMZZhX1F7LoPj1Au2h4Qjm7W1UmH9kqVe","preKeyId":1935162}}},"version":"v1"}