{"_sessions":{"BZDiZt4TF6IGd7cTzdm6GXrArJJ53N4sEqwSz0cVIENN":{"registrationId":117,"currentRatchet":{"ephemeralKeyPair":{"pubKey":"BSle0Yq02GghVK8HzVHwBezQ8im1abCR6z6lw4SNfZo/","privKey":"4GwrU4YSY2G4hJhA549akkYdR5WfKOZEOn2QQNsQInI="},"lastRemoteEphemeralKey":"Bd43LylkfFRYM+jhb39XHtPktFyHkjepw7YnUiCe+R0t","previousCounter":0,"rootKey":"vpelHItzsS/cnM+KAMxw7J0A/pg+5KW5C8P8U94pXlY="},"indexInfo":{"baseKey":"BZDiZt4TF6IGd7cTzdm6GXrArJJ53N4sEqwSz0cVIENN","baseKeyType":1,"closed":1703336440433,"used":1703322489509,"created":1703322489509,"remoteIdentityKey":"BdfxICxqayhF8lpfAH+uKZUs2vmqWgVNWm2xkyeXv/Vm"},"_chains":{"BSle0Yq02GghVK8HzVHwBezQ8im1abCR6z6lw4SNfZo/":{"chainKey":{"counter":9,"key":"L7c6HV4cgSsCFBG2ZFW+WyAn1Y2qIqmfk+EORzLr62M="},"chainType":1,"messageKeys":{}}},"pendingPreKey":{"signedKeyId":1,"baseKey":"BZDiZt4TF6IGd7cTzdm6GXrArJJ53N4sEqwSz0cVIENN","preKeyId":143}},"BeFY2qFyiQU9XxI4f9xPoFC3Du+hJFXL2m3KCNOyYPM0":{"registrationId":117,"currentRatchet":{"ephemeralKeyPair":{"pubKey":"BUpqjks/m85ttWvl7Ji73TsuRTrWUY8VR1MbxOtlPFQe","privKey":"IFzS59VOp1/g1r8sujTK5BQlIBjkWtRCK4MuHibqY2g="},"lastRemoteEphemeralKey":"Bd43LylkfFRYM+jhb39XHtPktFyHkjepw7YnUiCe+R0t","previousCounter":0,"rootKey":"5b9Wo5AHJFSRWDLq7eWJmQvm5Vh54NZ9nWAIt8N4vmw="},"indexInfo":{"baseKey":"BeFY2qFyiQU9XxI4f9xPoFC3Du+hJFXL2m3KCNOyYPM0","baseKeyType":1,"closed":-1,"used":1703336440424,"created":1703336440424,"remoteIdentityKey":"BdfxICxqayhF8lpfAH+uKZUs2vmqWgVNWm2xkyeXv/Vm"},"_chains":{"BUpqjks/m85ttWvl7Ji73TsuRTrWUY8VR1MbxOtlPFQe":{"chainKey":{"counter":0,"key":"no09oDGQnfUVaTP69CdcBYKF+kP+EZfSxa+auwYFgb0="},"chainType":1,"messageKeys":{}}},"pendingPreKey":{"signedKeyId":1,"baseKey":"BeFY2qFyiQU9XxI4f9xPoFC3Du+hJFXL2m3KCNOyYPM0","preKeyId":252}}},"version":"v1"}