{"_sessions":{"BaL4UnYXMngbly6I5GdluA4hbvmZcaMTPxuOJI3Hrodr":{"registrationId":2095359796,"currentRatchet":{"ephemeralKeyPair":{"pubKey":"BUO7nIlnkIiN1rlghwi3SoB1Jn6nzxs39+D8kFG4Op8v","privKey":"yJ8mZHFrj+B+4vYNEMOp5ZAa2I/B0fACmjfzP4VeiXk="},"lastRemoteEphemeralKey":"BfRqjLovLMgMoYXl+onpfaDfBLKPeiG8JTw8Be331ylv","previousCounter":0,"rootKey":"W0l2LxPWXy2XJiLwTvdJfg7TV4TEVnifCO30f97IJ48="},"indexInfo":{"baseKey":"BaL4UnYXMngbly6I5GdluA4hbvmZcaMTPxuOJI3Hrodr","baseKeyType":2,"closed":1703384405808,"used":1703384405031,"created":1703384405031,"remoteIdentityKey":"BUgMmMVkXko4q1Wb4nD5KDvOdv2553rebvsWJoRPqp4N"},"_chains":{"BfRqjLovLMgMoYXl+onpfaDfBLKPeiG8JTw8Be331ylv":{"chainKey":{"counter":1,"key":"Rkgs9qjT2SSLlEJean3dMSYzJhyzPVHOct2iUQi0BJw="},"chainType":2,"messageKeys":{}},"BUO7nIlnkIiN1rlghwi3SoB1Jn6nzxs39+D8kFG4Op8v":{"chainKey":{"counter":-1,"key":"wLfyUIkg7TAvJdGeHAVqN7kCcC7kgH/Y7D29QNyssQ8="},"chainType":1,"messageKeys":{}}}},"BWVx/+VorhqMDxqFmX1rSayFauyJmz55D5aWeZkz/Dgw":{"registrationId":2095359796,"currentRatchet":{"ephemeralKeyPair":{"pubKey":"BW+0QEZny/CsxQKdMaZJceOCnFK5lhJvAGxup0OwN28L","privKey":"wFsShQnBAVnWgKoVc6kNJDhN4RGNVpHXXVzcAiZ9wXU="},"lastRemoteEphemeralKey":"BZH+luBRUaMKqCejcMy3Jds+KRQ9GMRRn2wXKcJj+twi","previousCounter":0,"rootKey":"CbOPvnQmAHVNfs1vBPd8hu+34wrt7FkhHzs9BfMZzGI="},"indexInfo":{"baseKey":"BWVx/+VorhqMDxqFmX1rSayFauyJmz55D5aWeZkz/Dgw","baseKeyType":2,"closed":-1,"used":1703384405818,"created":1703384405818,"remoteIdentityKey":"BUgMmMVkXko4q1Wb4nD5KDvOdv2553rebvsWJoRPqp4N"},"_chains":{"BZH+luBRUaMKqCejcMy3Jds+KRQ9GMRRn2wXKcJj+twi":{"chainKey":{"counter":1,"key":"iLWzLK0ZefKHHjMtsscPE7ddNkQ6XDOUmZpW51VBrYU="},"chainType":2,"messageKeys":{}},"BW+0QEZny/CsxQKdMaZJceOCnFK5lhJvAGxup0OwN28L":{"chainKey":{"counter":-1,"key":"wLfXUTPfl4CVAhsUIS5Ij2Yk0ZkGrCUAV2GoStm8caA="},"chainType":1,"messageKeys":{}}}}},"version":"v1"}