{"_sessions":{"BXIo24u3/1dTGR8UAxZxpcO2MfH/vAX/cnu4w5BBOc46":{"registrationId":14948,"currentRatchet":{"ephemeralKeyPair":{"pubKey":"BamROFftHCH+GteNSScl356dvY5AGTqUgeDV/xLGTmdX","privKey":"SJvuPbQ3fD+xi/8l3XRUKj5d/h1fO3I68dk+ZAaf4VQ="},"lastRemoteEphemeralKey":"Bf32uJJPUhqkg0jjnUKA8kpar3guhH0m37sT4WR2KPsx","previousCounter":0,"rootKey":"e83Oy6kxoPc8afkBaBfzdd4k6mV9W05dRwyKnHeV6KY="},"indexInfo":{"baseKey":"BXIo24u3/1dTGR8UAxZxpcO2MfH/vAX/cnu4w5BBOc46","baseKeyType":1,"closed":-1,"used":1703296481646,"created":1703296481646,"remoteIdentityKey":"BUSeHqd1yPX6hInqiE9D5TlBEWD6/zZAhpmMYjN1q/9W"},"_chains":{"BamROFftHCH+GteNSScl356dvY5AGTqUgeDV/xLGTmdX":{"chainKey":{"counter":6,"key":"pwcYGhsUCos6g77/7SIXjxzzbVb6vCIZ6JetD0GqZRw="},"chainType":1,"messageKeys":{}}},"pendingPreKey":{"signedKeyId":2,"baseKey":"BXIo24u3/1dTGR8UAxZxpcO2MfH/vAX/cnu4w5BBOc46","preKeyId":5655}}},"version":"v1"}