{"_sessions":{"BQeE8G/b60UJhJqvzrbs6k9IurV4MAkkgAREiQgyoq4b":{"registrationId":307283980,"currentRatchet":{"ephemeralKeyPair":{"pubKey":"BdWN3J1AuLDVu7aeE6k5UzRtS3C/aRZPW+VcybBctYwl","privKey":"EO5HVbnYOJLu5lA47oRLCHj19OdsfzTvwSCnNVJ0bHc="},"lastRemoteEphemeralKey":"BRghiQyAJBzEX+U3BeV50r8IzysgQf1gbvhbqkRt85ca","previousCounter":0,"rootKey":"0wYGcA+vP4aBqoLRIsdZWz3QgWiEKyn+XuswR4yr5zA="},"indexInfo":{"baseKey":"BQeE8G/b60UJhJqvzrbs6k9IurV4MAkkgAREiQgyoq4b","baseKeyType":1,"closed":-1,"used":1703296480555,"created":1703296480555,"remoteIdentityKey":"BRpgWNn6JpnOu3/dQ2ycZmAQ22rlJOHHjnsLAOCDWSxJ"},"_chains":{"BdWN3J1AuLDVu7aeE6k5UzRtS3C/aRZPW+VcybBctYwl":{"chainKey":{"counter":6,"key":"oLGM22SGtqd2XPKmBQ6tn3MsAXM4WFFdpvuh6wVKVUs="},"chainType":1,"messageKeys":{}}},"pendingPreKey":{"signedKeyId":1,"baseKey":"BQeE8G/b60UJhJqvzrbs6k9IurV4MAkkgAREiQgyoq4b","preKeyId":6938476}}},"version":"v1"}