{"_sessions":{"BdQr5MwYB4W5CRPu/XcpVkCQh0/T5IDOKFJzgHwvZ6of":{"registrationId":113,"currentRatchet":{"ephemeralKeyPair":{"pubKey":"BTePz8eFvNT7yNZ611kZpAHI7K1tqKVDyiit23Zyb20t","privKey":"0J2DbMI7pEaLHSRx8aJh/p3ULc4CXdOCT50AVmtPmmo="},"lastRemoteEphemeralKey":"Bc0lx7OXoVkEZKs9g1ajUNtEoPRZE2MJHCSRhj/QqT9g","previousCounter":0,"rootKey":"e1NU+LbgcUx0An01j2aKo+MOJFamCIGTCKfHsB4qjaU="},"indexInfo":{"baseKey":"BdQr5MwYB4W5CRPu/XcpVkCQh0/T5IDOKFJzgHwvZ6of","baseKeyType":1,"closed":1703298814129,"used":1703298813704,"created":1703298813704,"remoteIdentityKey":"BS1NHC0d9yHuNVX8XE/BvmQD2W/g/dVcwpHxIwvEKd4H"},"_chains":{"BTePz8eFvNT7yNZ611kZpAHI7K1tqKVDyiit23Zyb20t":{"chainKey":{"counter":0,"key":"PF2ApluUSk59TiPOhRDNNq9qMsdfiwqaudjKyqNeUU4="},"chainType":1,"messageKeys":{}}},"pendingPreKey":{"signedKeyId":1,"baseKey":"BdQr5MwYB4W5CRPu/XcpVkCQh0/T5IDOKFJzgHwvZ6of","preKeyId":61}},"BT7oTtnmmFctHHsPOQkMhfFpe4ImcTQD2ukYvdEV0jd8":{"registrationId":113,"currentRatchet":{"ephemeralKeyPair":{"pubKey":"BdgMFNVCrsoS5AEfOByJx19/st0tTUiXKAyZPn7wRlow","privKey":"wO9YZvsI1w84J33H7TDySgWESzfdlNSqiH53P9ac23U="},"lastRemoteEphemeralKey":"BXuBXeV4MtlT4OLVU6Kul1cb7XyUfLKeVK1tCs1AbnU1","previousCounter":0,"rootKey":"ollc6f056al854lv8TlYUpvI/aDsDszPgzlIRCRnUtY="},"indexInfo":{"baseKey":"BT7oTtnmmFctHHsPOQkMhfFpe4ImcTQD2ukYvdEV0jd8","baseKeyType":2,"closed":1703298814959,"used":1703298814142,"created":1703298814142,"remoteIdentityKey":"BS1NHC0d9yHuNVX8XE/BvmQD2W/g/dVcwpHxIwvEKd4H"},"_chains":{"BXuBXeV4MtlT4OLVU6Kul1cb7XyUfLKeVK1tCs1AbnU1":{"chainKey":{"counter":0,"key":"ddh5ylcik8ZNoW9ww2ES/z79ver3HM4Nt+jVQEwn/TY="},"chainType":2,"messageKeys":{}},"BdgMFNVCrsoS5AEfOByJx19/st0tTUiXKAyZPn7wRlow":{"chainKey":{"counter":-1,"key":"898YMN3stNZ6iPKP+Web5oBZo5cbylH3i8Y9RHKCFsg="},"chainType":1,"messageKeys":{}}}},"BVdbWaOWaypC4H/ieBjECzTwo10T+bqLdQHKmgxEzJdF":{"registrationId":113,"currentRatchet":{"ephemeralKeyPair":{"pubKey":"BdYLXRk8+RnCOADiM1zL7pVjYJNY91W4DdUdWD8R14cL","privKey":"gLe99e+0mO2k64ZhrXQmb4n0MyjyJcb7iKXbphHKHFE="},"lastRemoteEphemeralKey":"BbCFkAQMw5uNB0tYIfvcsLpUbJXsHUNy8v5DX6iIskEA","previousCounter":0,"rootKey":"fqK6Yj7M9V0GUacCku+jQHd/LsWYwMor96aoEv+wghs="},"indexInfo":{"baseKey":"BVdbWaOWaypC4H/ieBjECzTwo10T+bqLdQHKmgxEzJdF","baseKeyType":2,"closed":1703298815344,"used":1703298814968,"created":1703298814968,"remoteIdentityKey":"BS1NHC0d9yHuNVX8XE/BvmQD2W/g/dVcwpHxIwvEKd4H"},"_chains":{"BbCFkAQMw5uNB0tYIfvcsLpUbJXsHUNy8v5DX6iIskEA":{"chainKey":{"counter":0,"key":"5FJ7eIWGISpv5XIN60nc5BN2xhVmhOfJnshU36gG3LY="},"chainType":2,"messageKeys":{}},"BdYLXRk8+RnCOADiM1zL7pVjYJNY91W4DdUdWD8R14cL":{"chainKey":{"counter":-1,"key":"IDiS/xeJIU7iSxRcuJpCrlvnFfNsvzBVaaNEPNaFW+g="},"chainType":1,"messageKeys":{}}}},"BaneZQbGBftMFQKIyc/4heCB+/O/W8l3fmku62ifIR4X":{"registrationId":113,"currentRatchet":{"ephemeralKeyPair":{"pubKey":"BYR3ySddkObu0nsrxv5IxDv4B1HlbnWPUEH2yVrE4t9g","privKey":"UKLiKJgsjFUg2z890gPUphbjHMGwTkZNaKfjI/j7jlw="},"lastRemoteEphemeralKey":"Bc0lx7OXoVkEZKs9g1ajUNtEoPRZE2MJHCSRhj/QqT9g","previousCounter":0,"rootKey":"RNcZ/CB+E3McRmD5zy9sy58Upb5cE7wS4A2ryFxQ6+k="},"indexInfo":{"baseKey":"BaneZQbGBftMFQKIyc/4heCB+/O/W8l3fmku62ifIR4X","baseKeyType":1,"closed":1703298934018,"used":1703298815327,"created":1703298815327,"remoteIdentityKey":"BS1NHC0d9yHuNVX8XE/BvmQD2W/g/dVcwpHxIwvEKd4H"},"_chains":{"BYR3ySddkObu0nsrxv5IxDv4B1HlbnWPUEH2yVrE4t9g":{"chainKey":{"counter":0,"key":"BnFGtJNayeKCfpBBHBkZbLo7t76dEgSWgThiTaNlgp4="},"chainType":1,"messageKeys":{}}},"pendingPreKey":{"signedKeyId":1,"baseKey":"BaneZQbGBftMFQKIyc/4heCB+/O/W8l3fmku62ifIR4X","preKeyId":58}},"BfZaRU8I2SqV5H78RhaUcQAxpWxpBpkceq41KLLqJ0E8":{"registrationId":113,"currentRatchet":{"ephemeralKeyPair":{"pubKey":"BYJB6v7n69tarLLQ18Bx/ls8ZH2FN0H0cNLw9ASgjU0y","privKey":"CCZlM1iaLxAHx9F3pvGJR/UA4eoK6VSFVAhlSVuR9FY="},"lastRemoteEphemeralKey":"Bc0lx7OXoVkEZKs9g1ajUNtEoPRZE2MJHCSRhj/QqT9g","previousCounter":0,"rootKey":"XV/Olf/kEkCOY4V/pn6viQxpWUHDagZnW5RNEXbklxw="},"indexInfo":{"baseKey":"BfZaRU8I2SqV5H78RhaUcQAxpWxpBpkceq41KLLqJ0E8","baseKeyType":1,"closed":1703298949644,"used":1703298934007,"created":1703298934007,"remoteIdentityKey":"BS1NHC0d9yHuNVX8XE/BvmQD2W/g/dVcwpHxIwvEKd4H"},"_chains":{"BYJB6v7n69tarLLQ18Bx/ls8ZH2FN0H0cNLw9ASgjU0y":{"chainKey":{"counter":0,"key":"EZfe+XmuvW4WICBRFBe56ER7F/3gIQLbP97sWm7eUL0="},"chainType":1,"messageKeys":{}}},"pendingPreKey":{"signedKeyId":1,"baseKey":"BfZaRU8I2SqV5H78RhaUcQAxpWxpBpkceq41KLLqJ0E8","preKeyId":42}},"BRNZqEZ7Rq4YI/zkw7E4cF3qBA+bdWk2MmmnPV1mcIwr":{"registrationId":113,"currentRatchet":{"ephemeralKeyPair":{"pubKey":"BXQDPW3Tx1j9SLyLTatM5MXcBBBlCTg3n1MrgH7uJ8ZI","privKey":"KPMSgbFzJ2129nmLNFVQDVYMYyV18573BuNNAxrlqXw="},"lastRemoteEphemeralKey":"Bc0lx7OXoVkEZKs9g1ajUNtEoPRZE2MJHCSRhj/QqT9g","previousCounter":0,"rootKey":"04Y6kag6ytkbkM8Uhb32kGg2yQ2EihhSJkTQG5up0lc="},"indexInfo":{"baseKey":"BRNZqEZ7Rq4YI/zkw7E4cF3qBA+bdWk2MmmnPV1mcIwr","baseKeyType":1,"closed":1703299286860,"used":1703298949599,"created":1703298949599,"remoteIdentityKey":"BS1NHC0d9yHuNVX8XE/BvmQD2W/g/dVcwpHxIwvEKd4H"},"_chains":{"BXQDPW3Tx1j9SLyLTatM5MXcBBBlCTg3n1MrgH7uJ8ZI":{"chainKey":{"counter":0,"key":"oHEj8eosFxZubHqLftKrj2Ne64E6L5QgTDDcKNQhVqw="},"chainType":1,"messageKeys":{}}},"pendingPreKey":{"signedKeyId":1,"baseKey":"BRNZqEZ7Rq4YI/zkw7E4cF3qBA+bdWk2MmmnPV1mcIwr","preKeyId":53}},"BbGjEVImvrd9G2PoO5aRxs0fT0CG0cddgUP8ELLjk3Mc":{"registrationId":113,"currentRatchet":{"ephemeralKeyPair":{"pubKey":"BQqY/+1Ie9gn1/K4W2sRn+glr7qc4E1LMbd8ovizAU00","privKey":"UD/1lbxvfzxagzft7fqLzOMgZ/6RMqEy3oF5KMO9blU="},"lastRemoteEphemeralKey":"Bc0lx7OXoVkEZKs9g1ajUNtEoPRZE2MJHCSRhj/QqT9g","previousCounter":0,"rootKey":"7qAm8X8mMRRq4cUCAXT6fV7Gk0zhjCWD8PUsWGr8Rws="},"indexInfo":{"baseKey":"BbGjEVImvrd9G2PoO5aRxs0fT0CG0cddgUP8ELLjk3Mc","baseKeyType":1,"closed":1703304481187,"used":1703299286845,"created":1703299286845,"remoteIdentityKey":"BS1NHC0d9yHuNVX8XE/BvmQD2W/g/dVcwpHxIwvEKd4H"},"_chains":{"BQqY/+1Ie9gn1/K4W2sRn+glr7qc4E1LMbd8ovizAU00":{"chainKey":{"counter":0,"key":"S/yfSFOukGUns4jVqRHWm5sLausIq1FlDkbOntO8Hc4="},"chainType":1,"messageKeys":{}}},"pendingPreKey":{"signedKeyId":1,"baseKey":"BbGjEVImvrd9G2PoO5aRxs0fT0CG0cddgUP8ELLjk3Mc","preKeyId":67}},"BVnb+EqBicg+eh7lcXlpIraZRe5k5CWycefIstjs885O":{"registrationId":113,"currentRatchet":{"ephemeralKeyPair":{"pubKey":"BaCOiLa5H/RG98TeIg748aKkpHVChgwyhFLb4NV3xbRg","privKey":"SOHP2oMJeS06ftkGsiuWgNS8lnKKqWFVDEvE/+pPSko="},"lastRemoteEphemeralKey":"Bc0lx7OXoVkEZKs9g1ajUNtEoPRZE2MJHCSRhj/QqT9g","previousCounter":0,"rootKey":"gcmgufRrA+6hDx5+wxA7SdKQLwQQhqnvBy1BWYqgIXI="},"indexInfo":{"baseKey":"BVnb+EqBicg+eh7lcXlpIraZRe5k5CWycefIstjs885O","baseKeyType":1,"closed":1703309522707,"used":1703304481158,"created":1703304481158,"remoteIdentityKey":"BS1NHC0d9yHuNVX8XE/BvmQD2W/g/dVcwpHxIwvEKd4H"},"_chains":{"BaCOiLa5H/RG98TeIg748aKkpHVChgwyhFLb4NV3xbRg":{"chainKey":{"counter":0,"key":"ND2hr87hkUI544AvIkR6u4jqJ82DGeb68vZNJPazbTo="},"chainType":1,"messageKeys":{}}},"pendingPreKey":{"signedKeyId":1,"baseKey":"BVnb+EqBicg+eh7lcXlpIraZRe5k5CWycefIstjs885O","preKeyId":44}},"BTXU/FI6IzQJp7VQJlN6jUwGfzSXFBWA+vopouEC+nxr":{"registrationId":113,"currentRatchet":{"ephemeralKeyPair":{"pubKey":"BeUrI54XjxorU6YZ4e+rF1/8DHAh/XtFZeYH+tawbYxp","privKey":"APIpIUK25QzJzFlOP505Sk4acZHMWmnjXfjZu9y3cVE="},"lastRemoteEphemeralKey":"Bc0lx7OXoVkEZKs9g1ajUNtEoPRZE2MJHCSRhj/QqT9g","previousCounter":0,"rootKey":"zEceFbCNsXaIhLbuBxvrjcyUSnFXLfLz9VLKPYOjGeM="},"indexInfo":{"baseKey":"BTXU/FI6IzQJp7VQJlN6jUwGfzSXFBWA+vopouEC+nxr","baseKeyType":1,"closed":1703310450704,"used":1703309522638,"created":1703309522638,"remoteIdentityKey":"BS1NHC0d9yHuNVX8XE/BvmQD2W/g/dVcwpHxIwvEKd4H"},"_chains":{"BeUrI54XjxorU6YZ4e+rF1/8DHAh/XtFZeYH+tawbYxp":{"chainKey":{"counter":0,"key":"tO7dC67Wqi3paAtegoNmc93n+pYFyS/7xYM3bx+bZIM="},"chainType":1,"messageKeys":{}}},"pendingPreKey":{"signedKeyId":1,"baseKey":"BTXU/FI6IzQJp7VQJlN6jUwGfzSXFBWA+vopouEC+nxr","preKeyId":55}},"BXS+ll7hdRGjX/wpJuAkSR2aHxHOniTcQsZPAvWZJ6Jy":{"registrationId":113,"currentRatchet":{"ephemeralKeyPair":{"pubKey":"BV7is36esBH8mYOC3yomfbU52XK1JTkVqZP8TPzFgJh0","privKey":"WJLHlJYiOjnRnIOBs0PpIxoEOiC8kLd1Gz/HuiDVVF0="},"lastRemoteEphemeralKey":"Bc0lx7OXoVkEZKs9g1ajUNtEoPRZE2MJHCSRhj/QqT9g","previousCounter":0,"rootKey":"6XjPZquZ0YTfm2F2aADqdOGqcyrn05+6AOwlZrUEtxE="},"indexInfo":{"baseKey":"BXS+ll7hdRGjX/wpJuAkSR2aHxHOniTcQsZPAvWZJ6Jy","baseKeyType":1,"closed":1703310452578,"used":1703310450694,"created":1703310450694,"remoteIdentityKey":"BS1NHC0d9yHuNVX8XE/BvmQD2W/g/dVcwpHxIwvEKd4H"},"_chains":{"BV7is36esBH8mYOC3yomfbU52XK1JTkVqZP8TPzFgJh0":{"chainKey":{"counter":0,"key":"F7JbHssEdcgZ63SIKtdlQz8dCEJoBTQdKK+7DTKDcXo="},"chainType":1,"messageKeys":{}}},"pendingPreKey":{"signedKeyId":1,"baseKey":"BXS+ll7hdRGjX/wpJuAkSR2aHxHOniTcQsZPAvWZJ6Jy","preKeyId":50}},"BYuqhqlNyUmNxnQ/ZG9ZgBNGwyu+MU3mDVhjZ+Ry/xA/":{"registrationId":113,"currentRatchet":{"ephemeralKeyPair":{"pubKey":"BR+YZ3LwJfetBk9nV02UvzUn1IdPkzjqpUTtwRRcdE0o","privKey":"SO6VXHes/Va2yzNWd4nKWvdy81SostvcvnVq6QrbmWs="},"lastRemoteEphemeralKey":"Bc0lx7OXoVkEZKs9g1ajUNtEoPRZE2MJHCSRhj/QqT9g","previousCounter":0,"rootKey":"4nWNJBnoWuIHQ8VMoP08ei8kPMeE4JKcyPWuIGlVqKU="},"indexInfo":{"baseKey":"BYuqhqlNyUmNxnQ/ZG9ZgBNGwyu+MU3mDVhjZ+Ry/xA/","baseKeyType":1,"closed":1703310454493,"used":1703310452569,"created":1703310452569,"remoteIdentityKey":"BS1NHC0d9yHuNVX8XE/BvmQD2W/g/dVcwpHxIwvEKd4H"},"_chains":{"BR+YZ3LwJfetBk9nV02UvzUn1IdPkzjqpUTtwRRcdE0o":{"chainKey":{"counter":0,"key":"LiX/XcLr6jU1JdT8rv7yM8UWrUJeshMB1Pe8bKdOuuI="},"chainType":1,"messageKeys":{}}},"pendingPreKey":{"signedKeyId":1,"baseKey":"BYuqhqlNyUmNxnQ/ZG9ZgBNGwyu+MU3mDVhjZ+Ry/xA/","preKeyId":48}},"BXsVVBMni0JwL43mgmONVYIKI9YX7TyklS87uQCogm55":{"registrationId":113,"currentRatchet":{"ephemeralKeyPair":{"pubKey":"BXD4pcxt5IO9cBMGNdSwY4a5Mj7bQ59VnG/vCJJHxhw1","privKey":"IP+isKhvmDOM4Cqyt1x7uiQN7f+YvshvkAY1GhnSsUk="},"lastRemoteEphemeralKey":"Bc0lx7OXoVkEZKs9g1ajUNtEoPRZE2MJHCSRhj/QqT9g","previousCounter":0,"rootKey":"noR8tZCn+J3Wb8dIjzG8ALYhwWaxdqRivsXIuI5KCj8="},"indexInfo":{"baseKey":"BXsVVBMni0JwL43mgmONVYIKI9YX7TyklS87uQCogm55","baseKeyType":1,"closed":1703310456657,"used":1703310454485,"created":1703310454485,"remoteIdentityKey":"BS1NHC0d9yHuNVX8XE/BvmQD2W/g/dVcwpHxIwvEKd4H"},"_chains":{"BXD4pcxt5IO9cBMGNdSwY4a5Mj7bQ59VnG/vCJJHxhw1":{"chainKey":{"counter":0,"key":"Z2VW2wPNYl3PeCksHk6Uv+/g4TTwpEuFtOf5DLLWOZ0="},"chainType":1,"messageKeys":{}}},"pendingPreKey":{"signedKeyId":1,"baseKey":"BXsVVBMni0JwL43mgmONVYIKI9YX7TyklS87uQCogm55","preKeyId":68}},"BUhW8QnoGamx7wbyrndMUCPjDtHojUFrDZiHnZYC5KkS":{"registrationId":113,"currentRatchet":{"ephemeralKeyPair":{"pubKey":"BZGQVUxejNPNzzZnEs6th0hXn/O8Q21yFbEYkxIh0INI","privKey":"aLYyqxwK0q84y9TTxJWMXJr2TCUZBMHF5yhgA8JjUkg="},"lastRemoteEphemeralKey":"Bc0lx7OXoVkEZKs9g1ajUNtEoPRZE2MJHCSRhj/QqT9g","previousCounter":0,"rootKey":"ysIgqaS+VJqyAieyL+ABpNqRmlLyfL+eAEuaSgUOxcU="},"indexInfo":{"baseKey":"BUhW8QnoGamx7wbyrndMUCPjDtHojUFrDZiHnZYC5KkS","baseKeyType":1,"closed":1703310459222,"used":1703310456648,"created":1703310456648,"remoteIdentityKey":"BS1NHC0d9yHuNVX8XE/BvmQD2W/g/dVcwpHxIwvEKd4H"},"_chains":{"BZGQVUxejNPNzzZnEs6th0hXn/O8Q21yFbEYkxIh0INI":{"chainKey":{"counter":0,"key":"A2QItfnyR9wg9WfrD5uF/UNge1Y+4TKYJS6pqGqroQc="},"chainType":1,"messageKeys":{}}},"pendingPreKey":{"signedKeyId":1,"baseKey":"BUhW8QnoGamx7wbyrndMUCPjDtHojUFrDZiHnZYC5KkS","preKeyId":62}},"BRMGPOhopi/pRV+KizLXk/yrMRJHJGz4Mer65iGSoBFJ":{"registrationId":113,"currentRatchet":{"ephemeralKeyPair":{"pubKey":"BVP97uefXpJ9lYrwHWQyqnH/5kDH/OARlpthW47UCWUU","privKey":"OMpv3Szoq9G57D1NomHSesrYT/E+Sthi+d0cK/NhjFg="},"lastRemoteEphemeralKey":"Bc0lx7OXoVkEZKs9g1ajUNtEoPRZE2MJHCSRhj/QqT9g","previousCounter":0,"rootKey":"xNNPLg8T2bCwqRYXYQEStHh2/zNxe1XX4E56yuoZ4W4="},"indexInfo":{"baseKey":"BRMGPOhopi/pRV+KizLXk/yrMRJHJGz4Mer65iGSoBFJ","baseKeyType":1,"closed":-1,"used":1703310459215,"created":1703310459215,"remoteIdentityKey":"BS1NHC0d9yHuNVX8XE/BvmQD2W/g/dVcwpHxIwvEKd4H"},"_chains":{"BVP97uefXpJ9lYrwHWQyqnH/5kDH/OARlpthW47UCWUU":{"chainKey":{"counter":0,"key":"UVSh0kWsAHlbD8xhiBKO9PmvvC5zgpPQNMEIlsmIpMg="},"chainType":1,"messageKeys":{}}},"pendingPreKey":{"signedKeyId":1,"baseKey":"BRMGPOhopi/pRV+KizLXk/yrMRJHJGz4Mer65iGSoBFJ","preKeyId":57}}},"version":"v1"}