{"_sessions":{"BdDhAgAxWIDWovhxBoU8WJWn+dEZOi4t0DuEJufPadt+":{"registrationId":16350,"currentRatchet":{"ephemeralKeyPair":{"pubKey":"BRv+4G0JX2FssXPxBw8H8U1Gpy4mCR/Bk1EsuTVoRg4D","privKey":"mGo+5X2/r9+zQ4fTWbEiNG3/4QYx7el+x4wa1mxLQ00="},"lastRemoteEphemeralKey":"BVUjOETY0bOnAgp4txhJMYsAQb26TURl6CtNGN01oJRW","previousCounter":0,"rootKey":"ZaP67jT+86tJpmy5Zojz2vZA/whE16whVEfgyMRXaOQ="},"indexInfo":{"baseKey":"BdDhAgAxWIDWovhxBoU8WJWn+dEZOi4t0DuEJufPadt+","baseKeyType":1,"closed":-1,"used":1703296480867,"created":1703296480867,"remoteIdentityKey":"Belt7079X2Fb+ooA64Q3Jmhip0Eg3Bgtye4lPHQSK8FE"},"_chains":{"BRv+4G0JX2FssXPxBw8H8U1Gpy4mCR/Bk1EsuTVoRg4D":{"chainKey":{"counter":6,"key":"PIsl9A//knm8F4bjHQbXJZWn3I+k6m/nwOCFbLtiBb0="},"chainType":1,"messageKeys":{}}},"pendingPreKey":{"signedKeyId":1,"baseKey":"BdDhAgAxWIDWovhxBoU8WJWn+dEZOi4t0DuEJufPadt+"}}},"version":"v1"}