{"_sessions":{"BdPQQPbZH9FRGAPyY9R1xeBaPffbORDTo5hdKKITpOtD":{"registrationId":6390,"currentRatchet":{"ephemeralKeyPair":{"pubKey":"BdLkDtTKZAHHnWP/1Zp5wZilyRnOjkybd/0h0y1WNOhu","privKey":"QC1tapXpmNvrf/su9xZ1aIuMwpCrXCiySy0CAqxQX08="},"lastRemoteEphemeralKey":"BVeEQBREctiqmWLoQD44U3m5MrNZwVJNVoOgLkJas1MT","previousCounter":0,"rootKey":"X7OlgKy3ysxMnhpb1gdyYRqwRCZNdoeSe0lA1mwy0gM="},"indexInfo":{"baseKey":"BdPQQPbZH9FRGAPyY9R1xeBaPffbORDTo5hdKKITpOtD","baseKeyType":1,"closed":-1,"used":1703296481443,"created":1703296481443,"remoteIdentityKey":"BeAWxhcx0RrEobT4Nbd7fUWQDgs/C6eKyWt+/hJHa0IB"},"_chains":{"BdLkDtTKZAHHnWP/1Zp5wZilyRnOjkybd/0h0y1WNOhu":{"chainKey":{"counter":6,"key":"OUXSXoy9XBpi688Wb5fvBFOVQ5fG0t/NmhUQrGvCpcI="},"chainType":1,"messageKeys":{}}},"pendingPreKey":{"signedKeyId":1,"baseKey":"BdPQQPbZH9FRGAPyY9R1xeBaPffbORDTo5hdKKITpOtD","preKeyId":94}}},"version":"v1"}