{"_sessions":{"Bb1J2LbQUwiAU9+jSnK6CWb5uSI6yX5dJ/W/6bo1abIE":{"registrationId":806820155,"currentRatchet":{"ephemeralKeyPair":{"pubKey":"BY+RO26zSTyZqGGmz1HGEUXTcfTTb23Z6t8iqm3uemgB","privKey":"GDGYSSCWE+KybHzx/cJg0E0d19GdXS2/NiJgUuxWrXc="},"lastRemoteEphemeralKey":"BW0KcwJ21h90i2+tPBv6hhnNFk6MZA6uOKPDyI9ouZ1L","previousCounter":0,"rootKey":"TdQrs05GKbGnAQniJ/V6UZg1L1bElighubjPRLg26vw="},"indexInfo":{"baseKey":"Bb1J2LbQUwiAU9+jSnK6CWb5uSI6yX5dJ/W/6bo1abIE","baseKeyType":1,"closed":-1,"used":1703296482153,"created":1703296482153,"remoteIdentityKey":"Ba4RdBnty4zUVZcT2R4DMugGa5J2ECMhhqhjHSaMInlt"},"_chains":{"BY+RO26zSTyZqGGmz1HGEUXTcfTTb23Z6t8iqm3uemgB":{"chainKey":{"counter":6,"key":"qFLsEPn6QrcwmIpZitHQGYgBX0GRN583fdr3zOeJ9rI="},"chainType":1,"messageKeys":{}}},"pendingPreKey":{"signedKeyId":9,"baseKey":"Bb1J2LbQUwiAU9+jSnK6CWb5uSI6yX5dJ/W/6bo1abIE","preKeyId":10993792}}},"version":"v1"}