{"_sessions":{"BTOTC9yvGm44XO6CalrqXSesBS1M1DLxqv9hP+e66tRl":{"registrationId":813,"currentRatchet":{"ephemeralKeyPair":{"pubKey":"BZ7TJnLauJhQS3geIDHNqO1kzjJ26XVhXmSVAhwO5Ywj","privKey":"QNOHzz0sAUSOjfsAmUQvJAvIIiIqoDINJeQV/QmXFU4="},"lastRemoteEphemeralKey":"BfwWmfNslUKBSqk1Z/bY5chyU31iORRafr0xvNCMh5Ff","previousCounter":0,"rootKey":"LuZFHN+gH55gi0C7gnmbdQTaDsES11d5QbixUbi8Vcw="},"indexInfo":{"baseKey":"BTOTC9yvGm44XO6CalrqXSesBS1M1DLxqv9hP+e66tRl","baseKeyType":1,"closed":-1,"used":1703296480938,"created":1703296480938,"remoteIdentityKey":"BZ0QNitcoQ6+1APcSUiJdVW+SwSbn+OhjhOBlWegyqgL"},"_chains":{"BZ7TJnLauJhQS3geIDHNqO1kzjJ26XVhXmSVAhwO5Ywj":{"chainKey":{"counter":6,"key":"/ujIkmeJVf1dQwZeoB3V52/pvSvwmBKe9lmqUnFEGeY="},"chainType":1,"messageKeys":{}}},"pendingPreKey":{"signedKeyId":2,"baseKey":"BTOTC9yvGm44XO6CalrqXSesBS1M1DLxqv9hP+e66tRl","preKeyId":1052}}},"version":"v1"}