{"_sessions":{"BZg7rjxVBdciMSsdniDcJgP/ko+lgGccXPIuOvxc9U11":{"registrationId":1144204699,"currentRatchet":{"ephemeralKeyPair":{"pubKey":"BVr2764mhMGvSYc3+56l/DUm16GbehjYkpZ56sX6u+dp","privKey":"+LtpMiqffK77u4+cPYiy4/rswM4FLMObsKAqUflqOE8="},"lastRemoteEphemeralKey":"BT9C4Zx6Tizqh4iaJo2vpq2UpB0mKPIMTjwRek1Lf1R1","previousCounter":1,"rootKey":"TrXmlUevhb7Ct0H+mHYKOlepNrxGoD/aaeQsQrJUmTA="},"indexInfo":{"baseKey":"BZg7rjxVBdciMSsdniDcJgP/ko+lgGccXPIuOvxc9U11","baseKeyType":1,"closed":-1,"used":1703313911411,"created":1703296482486,"remoteIdentityKey":"BavPIYTM7epHmznlwcy/xc56IWZxBFe5h2oVt49Z9C97"},"_chains":{"BWb374XI0LcpM6GwzkQQ4TA/N0XFJTkqWN4ylxB0Fv9F":{"chainKey":{"counter":0},"chainType":2,"messageKeys":{}},"BT9C4Zx6Tizqh4iaJo2vpq2UpB0mKPIMTjwRek1Lf1R1":{"chainKey":{"counter":0,"key":"uwtQwyWouIDvD+ks8seyzTCPkn5oxYdnYQ8X/4l+PWo="},"chainType":2,"messageKeys":{}},"BVr2764mhMGvSYc3+56l/DUm16GbehjYkpZ56sX6u+dp":{"chainKey":{"counter":3,"key":"+1eV3tMGF9L5GlfjlAndKAskSnoWXB0YYOg7qjNgdwE="},"chainType":1,"messageKeys":{}}}}},"version":"v1"}