{"_sessions":{"Be+qMqgIppFYUEZcu4eQsVsjOY0IXV6AlpeRnW9n5rZM":{"registrationId":825543144,"currentRatchet":{"ephemeralKeyPair":{"pubKey":"BcDwzTvsBJHonkHWdfHwb5JWf5+15LF7HwtyTVd4/VsN","privKey":"mLzAUjzatLDUcrsHxzKFgUFnaJbSa9VuD1IWMG+Ry10="},"lastRemoteEphemeralKey":"BVCH8txMa16iEX4Cv18LgeL65f9g0Iu+iruNOhb/GLQ0","previousCounter":2,"rootKey":"w/WYlIWkMnu3QjNLqr1lCsdVJvn+84Wnr/JPjP/+JVU="},"indexInfo":{"baseKey":"Be+qMqgIppFYUEZcu4eQsVsjOY0IXV6AlpeRnW9n5rZM","baseKeyType":1,"closed":-1,"used":1703319367063,"created":1703296482030,"remoteIdentityKey":"Bb8CD0rT2Bg7nv2S9tAXEnQksGnjI/3BejNoqYSaZ2Bj"},"_chains":{"BfnZkE/nE9NtNXWTouUQcltDE+v4gEy1nGi3oAWSboR5":{"chainKey":{"counter":0},"chainType":2,"messageKeys":{}},"BVCH8txMa16iEX4Cv18LgeL65f9g0Iu+iruNOhb/GLQ0":{"chainKey":{"counter":0,"key":"Pzal73PR8Rynzzy7CGr7WmB4KpuVaeaRPp5PEFjiG4s="},"chainType":2,"messageKeys":{}},"BcDwzTvsBJHonkHWdfHwb5JWf5+15LF7HwtyTVd4/VsN":{"chainKey":{"counter":0,"key":"ZyQ2D6+oDauNLC7Pap8/HZpwJEiYhXpRyhWTI+jwY3o="},"chainType":1,"messageKeys":{}}}}},"version":"v1"}