{"_sessions":{"BTyi6pHlu6xpSnYxV4XsISgmUaBA6xwrOBaY1lv1+64k":{"registrationId":1196682574,"currentRatchet":{"ephemeralKeyPair":{"pubKey":"Baw/oYp2IYFfeZ7hgJFTmmv4by1/NSj0PpfkltZ7OKw7","privKey":"YK7TD/IBVseqU0LxiwgbxVoRzBZhs4KAFhHLmmiYKWw="},"lastRemoteEphemeralKey":"BUIs/yNr9SjHNIMLVoqUJY+UP3Sx4jg6Ty4+2j44opQO","previousCounter":0,"rootKey":"0Yl08hXyCbxQ70gGH8LtrzJoOtY7bPiRasfMRtlQSQ4="},"indexInfo":{"baseKey":"BTyi6pHlu6xpSnYxV4XsISgmUaBA6xwrOBaY1lv1+64k","baseKeyType":1,"closed":-1,"used":1703296482347,"created":1703296482347,"remoteIdentityKey":"BX6YJRt4aSp1gv2Qx+RclxonpkPDCYLehBuKayvSQ6Rb"},"_chains":{"Baw/oYp2IYFfeZ7hgJFTmmv4by1/NSj0PpfkltZ7OKw7":{"chainKey":{"counter":6,"key":"h0D6AsQYqWpkiXU+/rgRFbwjowb4MswdLETSgVqWNm8="},"chainType":1,"messageKeys":{}}},"pendingPreKey":{"signedKeyId":1,"baseKey":"BTyi6pHlu6xpSnYxV4XsISgmUaBA6xwrOBaY1lv1+64k","preKeyId":2091679}}},"version":"v1"}