{"_sessions":{"BYD2wY6ueCjNrM7TshsIC1N57uIpMS8o0quM3Dmaapo2":{"registrationId":1158963384,"currentRatchet":{"ephemeralKeyPair":{"pubKey":"BZysULy2QBIThp6q2wR89bJ3DwjrcA3yf1rS1eEnZwhK","privKey":"aBWijbYmgxDGvNUA4lbe3S4NajwgPDJIezr4X5baqHA="},"lastRemoteEphemeralKey":"BYMFRP5jCNfL0xRlKXC+fPXTF5i2FIqJ2j1YwhYSgPpG","previousCounter":0,"rootKey":"ZYXZyaAQIAzkDJ2DIeYLW+KF2jcM/AsGrAy9w5EZb4Y="},"indexInfo":{"baseKey":"BYD2wY6ueCjNrM7TshsIC1N57uIpMS8o0quM3Dmaapo2","baseKeyType":1,"closed":-1,"used":1703322489679,"created":1703322489679,"remoteIdentityKey":"BQm3XYBNjfrBngqpNS01lc0fzdalAM9G32MHuu8bx+Bu"},"_chains":{"BZysULy2QBIThp6q2wR89bJ3DwjrcA3yf1rS1eEnZwhK":{"chainKey":{"counter":10,"key":"bfkh4hyvH6fk0j+6KbbtFcVE2EqY98auyNB560eV9C0="},"chainType":1,"messageKeys":{}}},"pendingPreKey":{"signedKeyId":0,"baseKey":"BYD2wY6ueCjNrM7TshsIC1N57uIpMS8o0quM3Dmaapo2","preKeyId":13051205}}},"version":"v1"}