{"_sessions":{"BYYHjCtVK+/emQoAwo+dj2a5wtMNBFrLoQ+O6JF+J5El":{"registrationId":272742227,"currentRatchet":{"ephemeralKeyPair":{"pubKey":"BUeVQMeYHV5mirtEVtIZirOSvgZknM6gjUeAHMNoDbZ6","privKey":"uB4H6vUvYjD1ql+nfF9GV5zZCGiYL4yvqw7JV2NlfkQ="},"lastRemoteEphemeralKey":"BU7cqEQYUc6PFyt9X1HJ4D8zBBlba9gUt0qaFZMtfqkG","previousCounter":2,"rootKey":"gqnrO5rJZhVwJpbcoMZaibc7K5L0ZsmBAWtpmmryVgs="},"indexInfo":{"baseKey":"BYYHjCtVK+/emQoAwo+dj2a5wtMNBFrLoQ+O6JF+J5El","baseKeyType":2,"closed":-1,"used":1703384393694,"created":1703297422989,"remoteIdentityKey":"BUB9izHrFOzCh9gGasVZ13Hcoo2u4pHss5O9j+FBQoYu"},"_chains":{"BTexkUS7kffrjcgIkW3ywc3Tq7jPDhgYtHxE+o2OKUNX":{"chainKey":{"counter":0},"chainType":2,"messageKeys":{}},"BU7cqEQYUc6PFyt9X1HJ4D8zBBlba9gUt0qaFZMtfqkG":{"chainKey":{"counter":0,"key":"hMM1/pdC81+9yYRZzdI0edKUYwyf0YKeFgJ79IacLvM="},"chainType":2,"messageKeys":{}},"BUeVQMeYHV5mirtEVtIZirOSvgZknM6gjUeAHMNoDbZ6":{"chainKey":{"counter":-1,"key":"92AT7/TrBK+5MCqRdUQYTGrqqREL+YYe4ZULH8WnI2M="},"chainType":1,"messageKeys":{}}}}},"version":"v1"}