{"_sessions":{"BRxXXL6LGpJxnWPtsNwFkRKYyIckjMKmYuUWgIKhSpEv":{"registrationId":258096904,"currentRatchet":{"ephemeralKeyPair":{"pubKey":"Bc2ovYrMEAqUcj1k53A1FKGrgbihCPhjZUQx10nVAiIC","privKey":"0P56GgyB7cZCb9CPSFp3kmSG6noP4YVWRUjdVTMK9UI="},"lastRemoteEphemeralKey":"BdnZhWrw2cqY1aWXonyGb4QncMZfSuFyv1Fd/eEIbQdf","previousCounter":0,"rootKey":"u5IuAnwDL+GG63SemQty27pk+Xwo99TkfCU9AU/+PGQ="},"indexInfo":{"baseKey":"BRxXXL6LGpJxnWPtsNwFkRKYyIckjMKmYuUWgIKhSpEv","baseKeyType":1,"closed":-1,"used":1703322489688,"created":1703322489688,"remoteIdentityKey":"BWYF02CbpWIT5nphJvkGFFXYUSzzsw2YZWO0cl+LeQoZ"},"_chains":{"Bc2ovYrMEAqUcj1k53A1FKGrgbihCPhjZUQx10nVAiIC":{"chainKey":{"counter":10,"key":"JJ9B+eZt+3bSKEAEucY/a7QNkAWGwobbbukZaLJKsho="},"chainType":1,"messageKeys":{}}},"pendingPreKey":{"signedKeyId":1,"baseKey":"BRxXXL6LGpJxnWPtsNwFkRKYyIckjMKmYuUWgIKhSpEv"}}},"version":"v1"}