{"_sessions":{"BRipHAPE+6A/+bUa+vJWu9bwTbHxmZadB7duMtV4DotJ":{"registrationId":1397687040,"currentRatchet":{"ephemeralKeyPair":{"pubKey":"BQ2ZhcUKczRuEmDvjCdHXpNJzBaBEMhEiFg/z5y19fID","privKey":"4ByZahqrqq7M3F8k4YCRa4Atk0LP5sBhA891tMh9/Fc="},"lastRemoteEphemeralKey":"BSkkbn5ab91vZN1+hwkE3cdfAlE84c9T2yTt2b2YYVJ+","previousCounter":0,"rootKey":"JCIb6LmDTY9EXHlE2AhfRTRh4CY9sifC79/+eSMwhV0="},"indexInfo":{"baseKey":"BRipHAPE+6A/+bUa+vJWu9bwTbHxmZadB7duMtV4DotJ","baseKeyType":1,"closed":-1,"used":1703298462125,"created":1703298462125,"remoteIdentityKey":"BVEsbDh2MmduMmlhwcCBNnOraNFB4qnad0fVQkqBATAH"},"_chains":{"BQ2ZhcUKczRuEmDvjCdHXpNJzBaBEMhEiFg/z5y19fID":{"chainKey":{"counter":2,"key":"Iw9aTOXtAiyImg9iNkAUDIQ8B/Fqke+Ehy1wInW75z4="},"chainType":1,"messageKeys":{}}},"pendingPreKey":{"signedKeyId":3,"baseKey":"BRipHAPE+6A/+bUa+vJWu9bwTbHxmZadB7duMtV4DotJ","preKeyId":16658800}}},"version":"v1"}