{"_sessions":{"BWzP3F8Q4hvVTlcgEH6eRsAAgRIiZiogxsfVGltam6pH":{"registrationId":1207388344,"currentRatchet":{"ephemeralKeyPair":{"pubKey":"BZcMJG82GBhmgMOUc7A1aDhLXyZNYbB3mhN8g/mcKPNm","privKey":"INLhdNLaK0UhHdljm7hd7n1XlozXq5VwPpBpczfrpHk="},"lastRemoteEphemeralKey":"BeUCXckS/FhK3gbmvGVgEqpvAdGsOLJ+KafHFuofdg0E","previousCounter":0,"rootKey":"ZxZ7f6c/rCbJbRIAVbm5RXtS+X9DZR/TiR+uBkf4TXE="},"indexInfo":{"baseKey":"BWzP3F8Q4hvVTlcgEH6eRsAAgRIiZiogxsfVGltam6pH","baseKeyType":1,"closed":-1,"used":1703296482514,"created":1703296482514,"remoteIdentityKey":"BfuVcp5D8ob5Tdl92BEeTUOv1hZHphCX4rNAUtzay9MD"},"_chains":{"BZcMJG82GBhmgMOUc7A1aDhLXyZNYbB3mhN8g/mcKPNm":{"chainKey":{"counter":6,"key":"gZe6Mxpv/9dmKGRZWRLCfdlgI0oVw1EGAcXAo38TyzI="},"chainType":1,"messageKeys":{}}},"pendingPreKey":{"signedKeyId":3,"baseKey":"BWzP3F8Q4hvVTlcgEH6eRsAAgRIiZiogxsfVGltam6pH","preKeyId":13929556}}},"version":"v1"}