{"_sessions":{"BQRS4Dhaa+dpDZvjmz1A8TVd8Oy6LxQjP20i1a3M3Np8":{"registrationId":106,"currentRatchet":{"ephemeralKeyPair":{"pubKey":"BWyqxptH7HplSmm3cAvLK2ufbMVA5JZXbLznkaS10XVN","privKey":"kOWRt9wbIGcbj9/+HePytdizWgmWSf12iSZJdXfbfFk="},"lastRemoteEphemeralKey":"BU8iLpEnxDKVb9Az8wFKkldOi3eBkqniisqu66RLnjYz","previousCounter":1,"rootKey":"Lv/r44j+xR+zpzbvV7LJqPeJkA1bZsYLuj3+Yl0+93A="},"indexInfo":{"baseKey":"BQRS4Dhaa+dpDZvjmz1A8TVd8Oy6LxQjP20i1a3M3Np8","baseKeyType":1,"closed":1703308139090,"used":1703308817658,"created":1703296480509,"remoteIdentityKey":"BfD8jLJhIIYYyku1A3va2j95WVzPb/Ae6bzFbbGlPQx5"},"_chains":{"BfViSyhmwdQVZCgQS55QWwTY4dVy9dcwhaf/NuXcFckh":{"chainKey":{"counter":2},"chainType":2,"messageKeys":{}},"BU8iLpEnxDKVb9Az8wFKkldOi3eBkqniisqu66RLnjYz":{"chainKey":{"counter":4,"key":"hkQpha3xfV17ilFllZLkvDtdFrcJczztInCm7ClJHFo="},"chainType":2,"messageKeys":{}},"BWyqxptH7HplSmm3cAvLK2ufbMVA5JZXbLznkaS10XVN":{"chainKey":{"counter":-1,"key":"XVAZu7l439dCZQYsPaBLA9n3I8uCXqzzBilaj9ZzW+g="},"chainType":1,"messageKeys":{}}}},"BY1kcXdpvfZnQFapomQ7+Cm8gwwBUZrVohsDfISq8MwH":{"registrationId":106,"currentRatchet":{"ephemeralKeyPair":{"pubKey":"BY8+8Keabwd57apjF4ISBRi7OKvlMqaRdF7vwd8An80t","privKey":"KMmmwvgl+lzi39I7u8+XLJB7Y1dgmMkrevIYDRoOUUY="},"lastRemoteEphemeralKey":"BU8iLpEnxDKVb9Az8wFKkldOi3eBkqniisqu66RLnjYz","previousCounter":-1,"rootKey":"xz+bsEsvLRq4PST+m7TLWZ7jPFNX5Lw/tUmvELDYf+s="},"indexInfo":{"baseKey":"BY1kcXdpvfZnQFapomQ7+Cm8gwwBUZrVohsDfISq8MwH","baseKeyType":1,"closed":1703313927276,"used":1703308139073,"created":1703308139073,"remoteIdentityKey":"BfD8jLJhIIYYyku1A3va2j95WVzPb/Ae6bzFbbGlPQx5"},"_chains":{"BU8iLpEnxDKVb9Az8wFKkldOi3eBkqniisqu66RLnjYz":{"chainKey":{"counter":3,"key":"4sBZJGF0EdYoZvxY7ToBD++LM5iEXni2C2Qv3nFL9Yw="},"chainType":2,"messageKeys":{"0":"k0V47Oo8W3pXEb7GUV8UYq1ekg3IWkAHZIUXALexkNw=","1":"xp+Ty0Smb+TNG2IymP0iBQVqC3otGcMrYFl6yAXHjg8=","2":"TNV7LopTOdlAyMMD1TXHOkiGJonOIkcLVXq4KBgY0pc="}},"BY8+8Keabwd57apjF4ISBRi7OKvlMqaRdF7vwd8An80t":{"chainKey":{"counter":1,"key":"kti12IiJIZWC74BBFKlz3ZrOkKETbEPMSM7zk5A8eoU="},"chainType":1,"messageKeys":{}}},"pendingPreKey":{"signedKeyId":1,"baseKey":"BY1kcXdpvfZnQFapomQ7+Cm8gwwBUZrVohsDfISq8MwH","preKeyId":866}},"BQuCTbIBMDoJW833o8HyR7YljXBZhzND5B08G1t1tfMQ":{"registrationId":106,"currentRatchet":{"ephemeralKeyPair":{"pubKey":"Bfx50cJ+JQ7hL8BNekodVtreuEKeO2hX9S8nKPAAubwB","privKey":"ID3xv/w8JZFZDpRX6Oy+LQaMDazwLQ4agWTWFnqz7UE="},"lastRemoteEphemeralKey":"BQuwMESMtwOSKNNA+rgGupVO8NkKCzilIIOeIs6KF+hI","previousCounter":0,"rootKey":"Y44ySapUenLfmz3ev4OwTa0XbziwzajhjENxZ2cQymk="},"indexInfo":{"baseKey":"BQuCTbIBMDoJW833o8HyR7YljXBZhzND5B08G1t1tfMQ","baseKeyType":1,"closed":1703313927897,"used":1703313927263,"created":1703313927263,"remoteIdentityKey":"BfD8jLJhIIYYyku1A3va2j95WVzPb/Ae6bzFbbGlPQx5"},"_chains":{"Bfx50cJ+JQ7hL8BNekodVtreuEKeO2hX9S8nKPAAubwB":{"chainKey":{"counter":0,"key":"MkHah9Py/iCgnxQ4P1RHQF5zXG4jyhzloQ+Fqzq2rL4="},"chainType":1,"messageKeys":{}}},"pendingPreKey":{"signedKeyId":1,"baseKey":"BQuCTbIBMDoJW833o8HyR7YljXBZhzND5B08G1t1tfMQ","preKeyId":867}},"BV1Jgb/2033Pta9zffsQr5okjGvfm0NR2TIrtHmVe5M8":{"registrationId":106,"currentRatchet":{"ephemeralKeyPair":{"pubKey":"BdEL/YCCcxP73Ss2EztdIJlWGlaclwxjJRBu/O7jZ44e","privKey":"aKFe7im9OgFh1KIUhlJjr5S3wRLJj7+7qzqnEUlc73A="},"lastRemoteEphemeralKey":"BVfNPhZ8m+Qi7TIFZdWPZzGjHDMGD8sbUXNqgLYH/3sd","previousCounter":1,"rootKey":"Su8D9AQdbIIukdu9oyVuPf6T43Z6bpdb3EvGgSCD6sE="},"indexInfo":{"baseKey":"BV1Jgb/2033Pta9zffsQr5okjGvfm0NR2TIrtHmVe5M8","baseKeyType":1,"closed":1703332839051,"used":1703329058369,"created":1703313927879,"remoteIdentityKey":"BfD8jLJhIIYYyku1A3va2j95WVzPb/Ae6bzFbbGlPQx5"},"_chains":{"BVfNPhZ8m+Qi7TIFZdWPZzGjHDMGD8sbUXNqgLYH/3sd":{"chainKey":{"counter":1,"key":"l33Vrnb8MSZ0pEoHLCXyeB/AV6BK/SqA/Ab4bCF1F/I="},"chainType":2,"messageKeys":{}},"BdEL/YCCcxP73Ss2EztdIJlWGlaclwxjJRBu/O7jZ44e":{"chainKey":{"counter":-1,"key":"vRLgWsH8M6cs6MK5oU//dWOccg5yeb2MMruDkuvNZE8="},"chainType":1,"messageKeys":{}}}},"BRuLqi9QeuXZvQiWEAAouJ7S9WgOHBbUxD+Hi+nSk4B1":{"registrationId":106,"currentRatchet":{"ephemeralKeyPair":{"pubKey":"BWRjOQ+A+g9ekMeeZMzlPMiCePKlWK2Rjv3Yc1WAnART","privKey":"mD/YzE7Ty6WHrBmw2OyB6H6dLAD58tEdKVfJYMYHw3Q="},"lastRemoteEphemeralKey":"BSBS+LpNM8qkZjJawkIytuWRom4jectJSPzoY+RLtkso","previousCounter":0,"rootKey":"+H1jQ1GIm+pJmIETaYdaQtdspi7yBa3P9vKD8EQoVao="},"indexInfo":{"baseKey":"BRuLqi9QeuXZvQiWEAAouJ7S9WgOHBbUxD+Hi+nSk4B1","baseKeyType":1,"closed":-1,"used":1703384396522,"created":1703332839035,"remoteIdentityKey":"BfD8jLJhIIYYyku1A3va2j95WVzPb/Ae6bzFbbGlPQx5"},"_chains":{"BSBS+LpNM8qkZjJawkIytuWRom4jectJSPzoY+RLtkso":{"chainKey":{"counter":17,"key":"jgHXFRf2XpH8SsiAnPRrbxeTSt1fb0zSdR1KPATL6Dw="},"chainType":2,"messageKeys":{}},"BWRjOQ+A+g9ekMeeZMzlPMiCePKlWK2Rjv3Yc1WAnART":{"chainKey":{"counter":-1,"key":"W+c7y3OTxPW1LICB0lsWxFd5jKrm8EjJjsIHZdqnxnM="},"chainType":1,"messageKeys":{}}}}},"version":"v1"}