{"_sessions":{"BX4/uZnEZsYG/DUVQvxmu8aSS7yZmRN1JIU0yB7G1hNL":{"registrationId":3574,"currentRatchet":{"ephemeralKeyPair":{"pubKey":"BUAWFrphBJMwrfwJYaOdemlUTx/X/KfidQztkj0GsGRQ","privKey":"0InO2Xb0xb0+5/ggJCBOEzoEugDlk/OcbwOsOSQYD1U="},"lastRemoteEphemeralKey":"BbwR5iEz9ulTv2Ya58xoWj1/MRXeFMRrzcrJjwDAWlNg","previousCounter":0,"rootKey":"D3Jbs7bdo3hgamlKU7/vK1DCqQdk3Pju6oKUsOMqY0E="},"indexInfo":{"baseKey":"BX4/uZnEZsYG/DUVQvxmu8aSS7yZmRN1JIU0yB7G1hNL","baseKeyType":1,"closed":-1,"used":1703322489495,"created":1703322489495,"remoteIdentityKey":"BW5SWkt2Nwnon1aSh3h7ueanXuwY8S0pohP0c7g32mJO"},"_chains":{"BUAWFrphBJMwrfwJYaOdemlUTx/X/KfidQztkj0GsGRQ":{"chainKey":{"counter":10,"key":"Fz6T1UpT0jUkkLCxEaBI+AIrK0DqEbG3tQrx8keIzwQ="},"chainType":1,"messageKeys":{}}},"pendingPreKey":{"signedKeyId":1,"baseKey":"BX4/uZnEZsYG/DUVQvxmu8aSS7yZmRN1JIU0yB7G1hNL","preKeyId":351}}},"version":"v1"}