{"_sessions":{"Be3iBvgg1DMpV4vstUTeOTc2HcvAAFzbIqEObj1nq6oR":{"registrationId":542410147,"currentRatchet":{"ephemeralKeyPair":{"pubKey":"BbQLTDhU+6+OXNsm7OCMeg8l3OpoQmFl8dNWCPlq1J05","privKey":"kExEW5eNyV1Pk2P8iQOUu/V2ckUr7XrUPwyViO+Hjmw="},"lastRemoteEphemeralKey":"BTOzgMNzAYi72G4n6dEIM1pLXL3yrfeXAXyMJSS2K3wu","previousCounter":0,"rootKey":"s1J9dsll8eyCHx5gA+LWHS+wLheRdKhYXpUduyyvA2k="},"indexInfo":{"baseKey":"Be3iBvgg1DMpV4vstUTeOTc2HcvAAFzbIqEObj1nq6oR","baseKeyType":1,"closed":-1,"used":1703322489759,"created":1703322489759,"remoteIdentityKey":"BVY97Rc9Qfr15zNFRPqKUYLCaCeRA6qA1SRATq9tGTR9"},"_chains":{"BbQLTDhU+6+OXNsm7OCMeg8l3OpoQmFl8dNWCPlq1J05":{"chainKey":{"counter":10,"key":"x+1daGqW8u1cCF94iOa7qe4H0tGF+moAxMJb7jNKaV8="},"chainType":1,"messageKeys":{}}},"pendingPreKey":{"signedKeyId":2,"baseKey":"Be3iBvgg1DMpV4vstUTeOTc2HcvAAFzbIqEObj1nq6oR","preKeyId":16227345}}},"version":"v1"}