{"_sessions":{"BSJxKF8Y5mtQuSTIDl+CbBKE3EtuVLYgVhjgShovgWEO":{"registrationId":1130632599,"currentRatchet":{"ephemeralKeyPair":{"pubKey":"BRCpiyVL+hY3HBqvYtbZ3NThXfhHE4HoVkLctUV/3Bg9","privKey":"IK68EQZDqldpMFaISodzxcdjFP6EQY1eQb3QyMOPREU="},"lastRemoteEphemeralKey":"Bazml+tmccUNw+LFPDSL5KzD4rPWnSNrsjumifhKGO1y","previousCounter":0,"rootKey":"UhOmLJDhdzwq+rHG772qM/RrWOUwJHArCbStDmbm+0Q="},"indexInfo":{"baseKey":"BSJxKF8Y5mtQuSTIDl+CbBKE3EtuVLYgVhjgShovgWEO","baseKeyType":1,"closed":-1,"used":1703296481220,"created":1703296481220,"remoteIdentityKey":"BaSJtB1gEkbrsuBxbFG69dGC2eWmJggdR59YkE1fFIRm"},"_chains":{"BRCpiyVL+hY3HBqvYtbZ3NThXfhHE4HoVkLctUV/3Bg9":{"chainKey":{"counter":6,"key":"cJEMymgqM3ZZIAJxYTGeJkQNLyYnL+nopd/slVzc3n4="},"chainType":1,"messageKeys":{}}},"pendingPreKey":{"signedKeyId":3,"baseKey":"BSJxKF8Y5mtQuSTIDl+CbBKE3EtuVLYgVhjgShovgWEO","preKeyId":5623559}}},"version":"v1"}