{"_sessions":{"BbZi3oAL3dsknar3PJhGaYFh5C0Ogsw+QYUZP5vuvu1e":{"registrationId":1611907198,"currentRatchet":{"ephemeralKeyPair":{"pubKey":"BU7Ssql7k8SO05RDv+VGoTWA/kSBEnp29eOb5EUKUHoD","privKey":"2HSOD7JuUBGi4tHU8PlpWC5Mxwiqui7xzrL0YAyKs08="},"lastRemoteEphemeralKey":"BVPUICbNsvOikPNklf6qdYtxr7RZIEqxtXHgEMFdbsFM","previousCounter":0,"rootKey":"8ReVLsGxOKuWIWcRg92UB4Il7fMoFWzg0pzA5wPY5P0="},"indexInfo":{"baseKey":"BbZi3oAL3dsknar3PJhGaYFh5C0Ogsw+QYUZP5vuvu1e","baseKeyType":1,"closed":-1,"used":1703296482099,"created":1703296482099,"remoteIdentityKey":"Bca8GHT34cphtDOGkfdIfDgV3b+3kIPpbEAKD+pUQAU0"},"_chains":{"BU7Ssql7k8SO05RDv+VGoTWA/kSBEnp29eOb5EUKUHoD":{"chainKey":{"counter":17,"key":"uiqIvDjkKs90lTD+yNoc0T8iaZ9szSvg4pZVIhO3B8E="},"chainType":1,"messageKeys":{}}},"pendingPreKey":{"signedKeyId":0,"baseKey":"BbZi3oAL3dsknar3PJhGaYFh5C0Ogsw+QYUZP5vuvu1e","preKeyId":10568915}}},"version":"v1"}