{"_sessions":{"BVxrFtGTDCNnZ+OEhKRCSZSMT33hkDR8RCebID2B5qwC":{"registrationId":1709028494,"currentRatchet":{"ephemeralKeyPair":{"pubKey":"Be9kdk64H4hNfvgjhVRs6BA1lqKry7Xw7dPAI0rJjsE/","privKey":"OB1olIgF9UL4AkoMPjELOFogE4uIARCfxrGZpGZYukg="},"lastRemoteEphemeralKey":"BdwtlMaJlAxpaIMSZRPBnYaSOzxC5r8Yu9D1plGJNrIK","previousCounter":0,"rootKey":"vdxyt3mOPyPWvAYkVXAOFbrXl+TGrAK9WzkJoeEjAs0="},"indexInfo":{"baseKey":"BVxrFtGTDCNnZ+OEhKRCSZSMT33hkDR8RCebID2B5qwC","baseKeyType":1,"closed":-1,"used":1703296479900,"created":1703296479900,"remoteIdentityKey":"Bds85E0mRfnLI56oTBP/PEEyx+XHeEjeq/vs6T5Ka0RZ"},"_chains":{"Be9kdk64H4hNfvgjhVRs6BA1lqKry7Xw7dPAI0rJjsE/":{"chainKey":{"counter":6,"key":"l+aEwBI8sNLRJCDR8NerPvkXPxN34fJJPEKd/uPZMqQ="},"chainType":1,"messageKeys":{}}},"pendingPreKey":{"signedKeyId":95,"baseKey":"BVxrFtGTDCNnZ+OEhKRCSZSMT33hkDR8RCebID2B5qwC","preKeyId":16057110}}},"version":"v1"}