{"_sessions":{"Bezwx5CdmqhyWUeS0WGHrxbueKWqZS+LIzkJPwXAwlRS":{"registrationId":1974,"currentRatchet":{"ephemeralKeyPair":{"pubKey":"Bek2pmky1WfI4+rMnedoX/ya7BNfp+ukZxw7Iu1e/8cd","privKey":"mEvafLulmdtJos6+yzuI2DmejSWPy+iAqYeZ/6kG72w="},"lastRemoteEphemeralKey":"Bbi8U3BMocNkvK5+Dw0PrfiFaA9TowUlV+dTYbRSgcFs","previousCounter":0,"rootKey":"DYgFlx60RxMeYyvsKJMjlHewpeCLz8chfLYWHdafJnU="},"indexInfo":{"baseKey":"Bezwx5CdmqhyWUeS0WGHrxbueKWqZS+LIzkJPwXAwlRS","baseKeyType":1,"closed":-1,"used":1703313924834,"created":1703313924834,"remoteIdentityKey":"BXYUTFD2UDgulgi54bfED67lGs78DFURVQT5nIHhJAYb"},"_chains":{"Bek2pmky1WfI4+rMnedoX/ya7BNfp+ukZxw7Iu1e/8cd":{"chainKey":{"counter":3,"key":"hkCvbHcpTadJicqsXyrpEPAN/N+biMCXeUXa0T4ZCXk="},"chainType":1,"messageKeys":{}}},"pendingPreKey":{"signedKeyId":1,"baseKey":"Bezwx5CdmqhyWUeS0WGHrxbueKWqZS+LIzkJPwXAwlRS","preKeyId":42}}},"version":"v1"}