{"_sessions":{"BRs+tIQC0RjPam7u2sw/zBobTEVAFgEs+Pdk5F4+cnUP":{"registrationId":182196542,"currentRatchet":{"ephemeralKeyPair":{"pubKey":"BabCA7OZ9ltZPbBQyAmJ+rdRfIKVyzDf6nt7TJJaG784","privKey":"CAxMQZub97rSHSVnpG/+fQoygKmJVey3h6iPN+86imI="},"lastRemoteEphemeralKey":"BYzmNSQCDyeQrLIhW89NnzVYINUGX82aQ4hIEtjntT1z","previousCounter":0,"rootKey":"2LLW4B/Yd55qvcT+B8qjPFXuR4z3IP0MWN/v26klciY="},"indexInfo":{"baseKey":"BRs+tIQC0RjPam7u2sw/zBobTEVAFgEs+Pdk5F4+cnUP","baseKeyType":1,"closed":-1,"used":1703296482372,"created":1703296482372,"remoteIdentityKey":"BQFLl4euHHUZRgCrCsSbusTD+rIFbovd6FEE8cajDz8g"},"_chains":{"BabCA7OZ9ltZPbBQyAmJ+rdRfIKVyzDf6nt7TJJaG784":{"chainKey":{"counter":6,"key":"HzldGEg3XWbW+EfVLCmbaLNjZw1W4ZiDhOXKVih4+pg="},"chainType":1,"messageKeys":{}}},"pendingPreKey":{"signedKeyId":13,"baseKey":"BRs+tIQC0RjPam7u2sw/zBobTEVAFgEs+Pdk5F4+cnUP","preKeyId":11438601}}},"version":"v1"}