{"_sessions":{"BfGlIY9njiYoHlInxkhijFcEPa/5qwuOdHVAjLP+38hI":{"registrationId":1527782173,"currentRatchet":{"ephemeralKeyPair":{"pubKey":"BTT4tixZpn7DNrjBNaoDQYjT+Ylid25xnQcCsMu+iklw","privKey":"OG7NJR7xSq3ZRFbibiWjvpu3l22w8JYr1c6nuluHBlM="},"lastRemoteEphemeralKey":"BdlirBjHAYj89yER/je1HmN1FnTW7h3r2LFoYLWZlCAN","previousCounter":0,"rootKey":"IOgZz+uvtCQL/qidJtDVqbXhBfeu6MYyC1gg7VUVjdg="},"indexInfo":{"baseKey":"BfGlIY9njiYoHlInxkhijFcEPa/5qwuOdHVAjLP+38hI","baseKeyType":1,"closed":-1,"used":1703322489675,"created":1703322489675,"remoteIdentityKey":"BVYl0w8wXTRW5LydF6T6CMRbEEssISuZZH7EjdD+HMIj"},"_chains":{"BTT4tixZpn7DNrjBNaoDQYjT+Ylid25xnQcCsMu+iklw":{"chainKey":{"counter":10,"key":"YD85E2G5TNwqSz7dbd6WjL9vx7MJ2CjR4CwD2g0odqg="},"chainType":1,"messageKeys":{}}},"pendingPreKey":{"signedKeyId":0,"baseKey":"BfGlIY9njiYoHlInxkhijFcEPa/5qwuOdHVAjLP+38hI"}}},"version":"v1"}