{"_sessions":{"Bcorf2eDjqSwsKmGmpNzX6R8MXAi7tDYNiljcmMDK9AG":{"registrationId":604332796,"currentRatchet":{"ephemeralKeyPair":{"pubKey":"BXUvBj9/s0sQx2MDeiCDRa6CTJ1R89xvDpJJ6HblLeVv","privKey":"qD+pOyn99PAVjKQZzicPKWHraSuEBfwLadfZkcApg08="},"lastRemoteEphemeralKey":"BX8jgBp3sEFUIO+nJW6VYLuDaU5u6umhODV+BhvfkTQZ","previousCounter":0,"rootKey":"Meu+chM89sR6/1lcjBhJtt2YHkD7oBGztcOzmXnJ3go="},"indexInfo":{"baseKey":"Bcorf2eDjqSwsKmGmpNzX6R8MXAi7tDYNiljcmMDK9AG","baseKeyType":1,"closed":-1,"used":1703322489671,"created":1703322489671,"remoteIdentityKey":"BWx5UaUqM1Mw2uedSTNCvVhhCqqogKis2pB09WS+OxVh"},"_chains":{"BXUvBj9/s0sQx2MDeiCDRa6CTJ1R89xvDpJJ6HblLeVv":{"chainKey":{"counter":10,"key":"l2S/tpU1QJXafrxRpbCXK/ayPh4LuWkPhP5d1VpmH3c="},"chainType":1,"messageKeys":{}}},"pendingPreKey":{"signedKeyId":9,"baseKey":"Bcorf2eDjqSwsKmGmpNzX6R8MXAi7tDYNiljcmMDK9AG","preKeyId":3097841}}},"version":"v1"}