{"_sessions":{"BacBHGeF3ZDR5KYqzjjhFwzeZhyQd1XOnYNAsFKCgocu":{"registrationId":1065066988,"currentRatchet":{"ephemeralKeyPair":{"pubKey":"BTr4CUGe679gENLw/7McLx780qpDL+ophcf8v5AQwAUv","privKey":"GIGsigTqtQpFaekoTcjcUZlyHDUv9zAwJHidcZvosUg="},"lastRemoteEphemeralKey":"BQ30EOj3Gke3bPwh5fU2tZqAtR9JgMi1SwlAVaK38DsM","previousCounter":0,"rootKey":"xT8witHtAtzk0sbWJL85mH5DY8pzewvBs2JfXZpOwwk="},"indexInfo":{"baseKey":"BacBHGeF3ZDR5KYqzjjhFwzeZhyQd1XOnYNAsFKCgocu","baseKeyType":1,"closed":-1,"used":1703296482009,"created":1703296482009,"remoteIdentityKey":"Bfo9PuqH8mlnCHcq2OoF85m1RhlFhGy4i98SvR6kPLcZ"},"_chains":{"BTr4CUGe679gENLw/7McLx780qpDL+ophcf8v5AQwAUv":{"chainKey":{"counter":6,"key":"3n2yQtWqOEzXnsMJFkBFIFlPLA9kllmxJ+25zdSsosQ="},"chainType":1,"messageKeys":{}}},"pendingPreKey":{"signedKeyId":6,"baseKey":"BacBHGeF3ZDR5KYqzjjhFwzeZhyQd1XOnYNAsFKCgocu","preKeyId":7471758}}},"version":"v1"}