{"_sessions":{"BV8jT+RLa2rxgIWWIqgZVihITi3cgn9KHZKtatqt4bVp":{"registrationId":9300,"currentRatchet":{"ephemeralKeyPair":{"pubKey":"BUrZ1O/bWqbUWp5Nnwl/u74ynwUu+xQL3lLvn3/kdsML","privKey":"uP2LpXv5OeB8FT70oAr+fCqpqU3ET3Sf6Nd79UwlN0I="},"lastRemoteEphemeralKey":"BWucHRSuSqyKLT7DP0AZKlxjDra2Dajn6YCdgrBHZzEm","previousCounter":0,"rootKey":"MJZ7HjSlRzFAiUSZFD/pfZQOu7Jp6lG+4zODR9R7wd4="},"indexInfo":{"baseKey":"BV8jT+RLa2rxgIWWIqgZVihITi3cgn9KHZKtatqt4bVp","baseKeyType":1,"closed":-1,"used":1703322489576,"created":1703322489576,"remoteIdentityKey":"BaAxKNV2sbby2GpwIes0DoiZN1ULEsEF6y9/4qpAswMg"},"_chains":{"BUrZ1O/bWqbUWp5Nnwl/u74ynwUu+xQL3lLvn3/kdsML":{"chainKey":{"counter":10,"key":"tg2/8Vvr2s6Bd2J8SmiGBOSHBa4bAzPPsDuwbvGlaAI="},"chainType":1,"messageKeys":{}}},"pendingPreKey":{"signedKeyId":1,"baseKey":"BV8jT+RLa2rxgIWWIqgZVihITi3cgn9KHZKtatqt4bVp"}}},"version":"v1"}