{"_sessions":{"BVY9qyYj7CFW8++Ljb/ESShRFvXpOlf/mng6uCqe9R4u":{"registrationId":1782177045,"currentRatchet":{"ephemeralKeyPair":{"pubKey":"BfVjMEJiPcKSA3A4bFvwgxgsRJ9/XKDJKJzZjboloP0B","privKey":"CCAZjxTz7CP9QFQIS/rjpqunAWGPvMMSfWK9NYFITlQ="},"lastRemoteEphemeralKey":"BawC/qVdkOjp2mHc6o7L1KjfjiRmfym22ApsuLinRhgX","previousCounter":0,"rootKey":"Em4yhIaztutq994+7p9ziHBgxduK7I4Gpn8SUyKbQvo="},"indexInfo":{"baseKey":"BVY9qyYj7CFW8++Ljb/ESShRFvXpOlf/mng6uCqe9R4u","baseKeyType":1,"closed":-1,"used":1703296481890,"created":1703296481890,"remoteIdentityKey":"Bc75yGcZoygZlVtMDjlFD4O0yV6XVJCgu08TjZfm//oV"},"_chains":{"BfVjMEJiPcKSA3A4bFvwgxgsRJ9/XKDJKJzZjboloP0B":{"chainKey":{"counter":6,"key":"IHN0tShmX8tOaguBlNVUHYqhlQKqtfmij5DFU32cPv4="},"chainType":1,"messageKeys":{}}},"pendingPreKey":{"signedKeyId":1,"baseKey":"BVY9qyYj7CFW8++Ljb/ESShRFvXpOlf/mng6uCqe9R4u","preKeyId":11937834}}},"version":"v1"}