{"_sessions":{"BQrVHLbW5Dkz+0O9fBiPXFP54CIsyeMvRrUBGOxqViAy":{"registrationId":8859,"currentRatchet":{"ephemeralKeyPair":{"pubKey":"Beu69Rvg6/y/YyVy8/vSGKGqxV9f1XsmUm306aXdqQEZ","privKey":"8NztF0NetEezYduLniAca0e1mbBYObQ3M9sJ9GTEO0o="},"lastRemoteEphemeralKey":"Bc4l9mVpjh28UBIZuJrW4He4u90PKgBA8Qy+jDlC8dgE","previousCounter":0,"rootKey":"PIIxXOwev6P9skVQdryYUzbfptD1WykX9Kny3H6M+vo="},"indexInfo":{"baseKey":"BQrVHLbW5Dkz+0O9fBiPXFP54CIsyeMvRrUBGOxqViAy","baseKeyType":1,"closed":-1,"used":1703296481437,"created":1703296481437,"remoteIdentityKey":"BUSB+Buc4k17B9IPoe9jKhLJDTwIwNNAHzPDoJblmekA"},"_chains":{"Beu69Rvg6/y/YyVy8/vSGKGqxV9f1XsmUm306aXdqQEZ":{"chainKey":{"counter":6,"key":"PYHrp5BoAdIBeqYzpWPhinjxOEVbgewcx+cOHdI5AlM="},"chainType":1,"messageKeys":{}}},"pendingPreKey":{"signedKeyId":1,"baseKey":"BQrVHLbW5Dkz+0O9fBiPXFP54CIsyeMvRrUBGOxqViAy","preKeyId":176}}},"version":"v1"}