{"_sessions":{"BXr2H9ayRTzTKFgvEoAJyQ9nT2mCfrLzEfd/hFoZK6UU":{"registrationId":1803805708,"currentRatchet":{"ephemeralKeyPair":{"pubKey":"BdMcL/sLl6e1Gj5AFy8xZO79EkLVMQ78iU5Fjm7Xy/52","privKey":"eHLznecblV/y0LUZgfr97BjkxY2cb2FTzMEHjx3BdV0="},"lastRemoteEphemeralKey":"BVj8Cox372o2xxvP/1bC4c/JOZCCg7oq8XyboCKwpUZU","previousCounter":0,"rootKey":"b2NkadrdRW8u7FKE8jssbrTEQqjaBrBdePOeHBz4pZ8="},"indexInfo":{"baseKey":"BXr2H9ayRTzTKFgvEoAJyQ9nT2mCfrLzEfd/hFoZK6UU","baseKeyType":1,"closed":-1,"used":1703322489661,"created":1703322489661,"remoteIdentityKey":"BTBSMlwihc8hsDlXCvh90XKGV3v2i1d98a3XBADY86ZA"},"_chains":{"BdMcL/sLl6e1Gj5AFy8xZO79EkLVMQ78iU5Fjm7Xy/52":{"chainKey":{"counter":10,"key":"wyksj3SagmRtiHxeB+/f8G54oF3xI6nKpr6dlCulWiA="},"chainType":1,"messageKeys":{}}},"pendingPreKey":{"signedKeyId":0,"baseKey":"BXr2H9ayRTzTKFgvEoAJyQ9nT2mCfrLzEfd/hFoZK6UU","preKeyId":16033851}}},"version":"v1"}