{"_sessions":{"BatdXoQe67AzkakIKYJdsol41T2LLMX1RqWaLx4BRosF":{"registrationId":1614061752,"currentRatchet":{"ephemeralKeyPair":{"pubKey":"BecTunhYptj/PPLwLE5aY6gJQXmtywzLyfuONvrswuV8","privKey":"QF4CFnimVkqj1bowv9tu6fwWPilfqALlh5oQSqzS1GI="},"lastRemoteEphemeralKey":"BRZzC+PCSWrpiynPDacl0km1mfvWwleR64kag2hkJ2o5","previousCounter":0,"rootKey":"c4Wq01x2azar4kB4NkIIKrTrU3T1UTC5Yk8RtIr+dkc="},"indexInfo":{"baseKey":"BatdXoQe67AzkakIKYJdsol41T2LLMX1RqWaLx4BRosF","baseKeyType":2,"closed":-1,"used":1703297595729,"created":1703297595729,"remoteIdentityKey":"BRwE22MCD6eaurAnpSH1urkcoSpiIqKrN3rJwqa5rRo3"},"_chains":{"BRZzC+PCSWrpiynPDacl0km1mfvWwleR64kag2hkJ2o5":{"chainKey":{"counter":1,"key":"q+KgTUgyK6yG/Okb9NlGopL1O1BTbrnYy2H23SIwe78="},"chainType":2,"messageKeys":{}},"BecTunhYptj/PPLwLE5aY6gJQXmtywzLyfuONvrswuV8":{"chainKey":{"counter":2,"key":"SMgYYni7SdIHLizMIhjDctTORAOZRVcGr5JEX0dPWik="},"chainType":1,"messageKeys":{}}}}},"version":"v1"}