{"_sessions":{"BZjmZTiUn5Ir2te8FuaeKpd+TzZLqMLelx6eJ3yQML4Q":{"registrationId":11035,"currentRatchet":{"ephemeralKeyPair":{"pubKey":"BS1dR2R02U/SrInVUN2CEv6Et5wCDozfIYcCSW8aJddG","privKey":"2GmYLPHedu7t6l9YO5vJ80/zr+PJB5F95Wldspkhgl0="},"lastRemoteEphemeralKey":"BY4SqJqKjVxh4PQ3MdXIGE7sPYZXEFWdG4+8WdE2GQgt","previousCounter":0,"rootKey":"TtGthEKn3LhhXL0LGD/cCePgRIW+UcY2uevDlhlTR1A="},"indexInfo":{"baseKey":"BZjmZTiUn5Ir2te8FuaeKpd+TzZLqMLelx6eJ3yQML4Q","baseKeyType":1,"closed":-1,"used":1703296480914,"created":1703296480914,"remoteIdentityKey":"BQ0AyxaZ3X96NfjVlo2aO5fwHIOlwHBw/YrAFqoF4VBr"},"_chains":{"BS1dR2R02U/SrInVUN2CEv6Et5wCDozfIYcCSW8aJddG":{"chainKey":{"counter":6,"key":"uIuod2Y8nGPxkyr2TWp69vAqb0bwR4hy8stXG9qdHkA="},"chainType":1,"messageKeys":{}}},"pendingPreKey":{"signedKeyId":1,"baseKey":"BZjmZTiUn5Ir2te8FuaeKpd+TzZLqMLelx6eJ3yQML4Q"}}},"version":"v1"}