{"_sessions":{"BZKXdbwaaiPOqgjakvT3cwCkXTcxg1CcU5aJcUNnV040":{"registrationId":1712646914,"currentRatchet":{"ephemeralKeyPair":{"pubKey":"BeXhAKuoKTmPXBDvIqkpgaV7xNQS3UQVoFesJrHQdt0V","privKey":"KMGoE3lMZCo6hF5ZYw7k2Oz7/dRPC/9+z4YXk6I2S3U="},"lastRemoteEphemeralKey":"BTV5VlVreGgjGepTMjk5mW9xDIWh0o0a4WzJ57ffCbMY","previousCounter":0,"rootKey":"BE3qg+0BwgMzeArrx8Auhi6ZX53L5egvIwaEfDusuJ4="},"indexInfo":{"baseKey":"BZKXdbwaaiPOqgjakvT3cwCkXTcxg1CcU5aJcUNnV040","baseKeyType":1,"closed":-1,"used":1703296482172,"created":1703296482172,"remoteIdentityKey":"BfdakOkhHZG58YJ5r0OhnsiVv0/ogX/Vd8Y2Vr9Btc4j"},"_chains":{"BeXhAKuoKTmPXBDvIqkpgaV7xNQS3UQVoFesJrHQdt0V":{"chainKey":{"counter":6,"key":"ypqqnFdnzPlIBw6Z+zgYv9LUY6X8/A8Z1DVbAUeUq0Q="},"chainType":1,"messageKeys":{}}},"pendingPreKey":{"signedKeyId":10,"baseKey":"BZKXdbwaaiPOqgjakvT3cwCkXTcxg1CcU5aJcUNnV040","preKeyId":5706103}}},"version":"v1"}