{"_sessions":{"BXb+FAKuSB4/KkzPZtj3aoe019p9JHk5zpWHXNnpsAgT":{"registrationId":1900030357,"currentRatchet":{"ephemeralKeyPair":{"pubKey":"BfiF9MdlBT7N9iPJTE2rhKP3dDct2gUDdg4asgirPpwm","privKey":"eLBnJ2EEuVzhmZ2/ERQUPqofqExHHtKbz8baQcL1MUk="},"lastRemoteEphemeralKey":"BbTtvTr0I4PtmE+484Ny/8sqRjv/dpfio7jJcyNDkQgb","previousCounter":0,"rootKey":"QhQGg4lAf0Pw0iD38B4mGIPRU+nhaCf+ArAt/r9VGdo="},"indexInfo":{"baseKey":"BXb+FAKuSB4/KkzPZtj3aoe019p9JHk5zpWHXNnpsAgT","baseKeyType":1,"closed":-1,"used":1703298462207,"created":1703298462207,"remoteIdentityKey":"BXzPetpfxCu2FtdrC8g1YynjSsfi7nR6JHf65lk6gqJ2"},"_chains":{"BfiF9MdlBT7N9iPJTE2rhKP3dDct2gUDdg4asgirPpwm":{"chainKey":{"counter":2,"key":"6HMRLYi/ugoG+VBUBgnr/EiPM0f8VnIRcnTHOIDSKe8="},"chainType":1,"messageKeys":{}}},"pendingPreKey":{"signedKeyId":0,"baseKey":"BXb+FAKuSB4/KkzPZtj3aoe019p9JHk5zpWHXNnpsAgT","preKeyId":3616901}}},"version":"v1"}