{"_sessions":{"BSXsT63dcd9NWyYQUbseLLP2wB8+LMxXvWvOzvCfisU0":{"registrationId":1324908790,"currentRatchet":{"ephemeralKeyPair":{"pubKey":"Bb2+l+ppV5tR468vpb1DfWExAq6vHptjFDLUpTi1jKtL","privKey":"yPx0fQMEdL3+LIHVKqf4u0sc8BuOJYNqCbf/x+NE500="},"lastRemoteEphemeralKey":"BULnWfq7WJRJ1oRQG52yavhPqPvPXNXUvddiSiM18b9e","previousCounter":0,"rootKey":"TxYFdrPZXSnHmH+gOAg8nc+ZiE5EzCwx6g4pcesbhZA="},"indexInfo":{"baseKey":"BSXsT63dcd9NWyYQUbseLLP2wB8+LMxXvWvOzvCfisU0","baseKeyType":1,"closed":-1,"used":1703296482055,"created":1703296482055,"remoteIdentityKey":"BSvdXltlebRgXibwvkWSRPt3EZZqg6WCVw74+C6rexl5"},"_chains":{"Bb2+l+ppV5tR468vpb1DfWExAq6vHptjFDLUpTi1jKtL":{"chainKey":{"counter":6,"key":"OMZwRAxkOyADehBvV8Z99sKGNL1rZTmoUre3bu7+IPY="},"chainType":1,"messageKeys":{}}},"pendingPreKey":{"signedKeyId":3,"baseKey":"BSXsT63dcd9NWyYQUbseLLP2wB8+LMxXvWvOzvCfisU0","preKeyId":155975}}},"version":"v1"}