{"_sessions":{"BdwMINEPfsmHGcP+7ztOG75gxu+X5cNq+27e1h8BLL9l":{"registrationId":751381239,"currentRatchet":{"ephemeralKeyPair":{"pubKey":"BbTmqTME2rqUYWmHS59OsD6Hu6FjOM3FleLDtSpKIz1J","privKey":"YIDSjzXfB/wNxVP5N/K8fRvhLDQqul1xzGP3kZlzLmc="},"lastRemoteEphemeralKey":"BTKC7w0df8UxUyBWsdSO+siFqPhqlDTMQ55CPUqtNOpe","previousCounter":0,"rootKey":"meLUY0z+OksTHzNKCtN3k4RSc/vcXx/lW5Mos+euGoU="},"indexInfo":{"baseKey":"BdwMINEPfsmHGcP+7ztOG75gxu+X5cNq+27e1h8BLL9l","baseKeyType":1,"closed":-1,"used":1703296481469,"created":1703296481469,"remoteIdentityKey":"Bcm7Gfq3hPJmgksP3wrPfck4480ACUvjjrr69pwPXeRW"},"_chains":{"BbTmqTME2rqUYWmHS59OsD6Hu6FjOM3FleLDtSpKIz1J":{"chainKey":{"counter":6,"key":"fPmpgqvD11vT4leiVkcR1/uCQQpGjnYm2p7RCTj0ezE="},"chainType":1,"messageKeys":{}}},"pendingPreKey":{"signedKeyId":1,"baseKey":"BdwMINEPfsmHGcP+7ztOG75gxu+X5cNq+27e1h8BLL9l","preKeyId":1403171}}},"version":"v1"}