{"_sessions":{"BQef5OWSPvlVHpd2EwQFPk0kawVyleNV5NnePik+M7lK":{"registrationId":152580361,"currentRatchet":{"ephemeralKeyPair":{"pubKey":"BbrWdfineDWHuJdXxMJwt4J8g8KOYAX/f1J34onqIAg3","privKey":"AARokSwA72hTGw0RBgjP1HtBYhjEP24C/hHL0vdp7Xs="},"lastRemoteEphemeralKey":"BVQDedWmTBo+1PPkKLZI5NxDk/rNbrVAMXt+jlE0bhtw","previousCounter":0,"rootKey":"tx5+dizizaGgc3bvPmEOCcZjEMU8dscQnHTwJA+AlRA="},"indexInfo":{"baseKey":"BQef5OWSPvlVHpd2EwQFPk0kawVyleNV5NnePik+M7lK","baseKeyType":1,"closed":-1,"used":1703296482339,"created":1703296482339,"remoteIdentityKey":"BUK3ONzCkUFKclTjIMlc2J+dY0GtV1XkHpNWEXnCCggW"},"_chains":{"BbrWdfineDWHuJdXxMJwt4J8g8KOYAX/f1J34onqIAg3":{"chainKey":{"counter":6,"key":"dUtRpVhw1/veHHJ7XhxvWAqv+i8pI4y33XwSkelkKMo="},"chainType":1,"messageKeys":{}}},"pendingPreKey":{"signedKeyId":3,"baseKey":"BQef5OWSPvlVHpd2EwQFPk0kawVyleNV5NnePik+M7lK","preKeyId":12864564}}},"version":"v1"}