{"_sessions":{"BSPEio+2NJAEuJdOseG2HEsePEV6meg4yLp76MG+SUN0":{"registrationId":896011343,"currentRatchet":{"ephemeralKeyPair":{"pubKey":"Bb7xpGe5YbixvIUbMwP0AL5NNQUtM9HdvHgv7XIdTr0L","privKey":"eGzOP3FALFQbZPRVhDVkouJJOgC0WVEoVuiPRI5uoVI="},"lastRemoteEphemeralKey":"BbO0SX4NwR5bms2HAYtLxBGQBz50Q/GFFCG01A6bsWxc","previousCounter":0,"rootKey":"73W98V8wqDKFOqS4NefHVosowFvy6+KwvOj4C1XLY84="},"indexInfo":{"baseKey":"BSPEio+2NJAEuJdOseG2HEsePEV6meg4yLp76MG+SUN0","baseKeyType":1,"closed":-1,"used":1703322489830,"created":1703322489830,"remoteIdentityKey":"BTqzvQUr2PfqpKaSD4B+9EUQwVuOvgcfUwUmyOkFkf4s"},"_chains":{"Bb7xpGe5YbixvIUbMwP0AL5NNQUtM9HdvHgv7XIdTr0L":{"chainKey":{"counter":10,"key":"qNJYxQRbsjpye3r7TeJtGcPlOhaxe/C989e/Cm1dFoM="},"chainType":1,"messageKeys":{}}},"pendingPreKey":{"signedKeyId":6,"baseKey":"BSPEio+2NJAEuJdOseG2HEsePEV6meg4yLp76MG+SUN0","preKeyId":11054385}}},"version":"v1"}