{"_sessions":{"BVPz2jmu8b5GtkxIZwQOk+S9qoEibN2F3FvEoCTkwSIc":{"registrationId":264274632,"currentRatchet":{"ephemeralKeyPair":{"pubKey":"BeGO2h6138ThT0iJPiripHfeaFWGUPRSY/SF2aBuyb5g","privKey":"QJ5rqn65lH2Fp9lxb8r0aOzdAch9tPc32OzX1iccMkU="},"lastRemoteEphemeralKey":"BTYFb+Jo2Rmbd0oaBkSE52mgc7RUY7B+necRpzhxkFED","previousCounter":0,"rootKey":"xT0vLSObxCJgTw0v6d9+HqX/MsVuT8Zvt7AzyLdES+0="},"indexInfo":{"baseKey":"BVPz2jmu8b5GtkxIZwQOk+S9qoEibN2F3FvEoCTkwSIc","baseKeyType":1,"closed":-1,"used":1703296480969,"created":1703296480969,"remoteIdentityKey":"BSdF+XnGtewgK+8J0YF9+CUon11PFUOoV1sphCKBYD1S"},"_chains":{"BeGO2h6138ThT0iJPiripHfeaFWGUPRSY/SF2aBuyb5g":{"chainKey":{"counter":6,"key":"9wYCozsZQ7YcfB787nrW3LOqO5RFqcis22lWyzMcY6g="},"chainType":1,"messageKeys":{}}},"pendingPreKey":{"signedKeyId":1,"baseKey":"BVPz2jmu8b5GtkxIZwQOk+S9qoEibN2F3FvEoCTkwSIc","preKeyId":4289261}}},"version":"v1"}