{"_sessions":{"Bf8nOOEIKWH0bA1penS+OBxAW/XnFJeP+CsPelk9f5U5":{"registrationId":15001,"currentRatchet":{"ephemeralKeyPair":{"pubKey":"BQIhrzSN7q2ZmFtm2VEhGa07nKkr8j0PKrPcN55ag5BL","privKey":"sGjsbkUZA/rZI+FkrqQQ5KsKbTS0T8dlzC6mDylgMWs="},"lastRemoteEphemeralKey":"BQhDfZ+vV63b9S7tkJ/LunVzDNud9NX4RElVrqUN8EYl","previousCounter":0,"rootKey":"CVCVegIUh1c7Y9D3FCY3l/Kw00dNwG/YaK1rHKoS/7E="},"indexInfo":{"baseKey":"Bf8nOOEIKWH0bA1penS+OBxAW/XnFJeP+CsPelk9f5U5","baseKeyType":1,"closed":-1,"used":1703296481477,"created":1703296481477,"remoteIdentityKey":"BWIWfsODndKbCsp8DI9G9QA0e3axi9kS2KZHFh4y8sZ9"},"_chains":{"BQIhrzSN7q2ZmFtm2VEhGa07nKkr8j0PKrPcN55ag5BL":{"chainKey":{"counter":6,"key":"86RS0vDH8rY54ILsqGtHltoqAyViX1tPkm1lIumhtA4="},"chainType":1,"messageKeys":{}}},"pendingPreKey":{"signedKeyId":1,"baseKey":"Bf8nOOEIKWH0bA1penS+OBxAW/XnFJeP+CsPelk9f5U5","preKeyId":113}}},"version":"v1"}