{"_sessions":{"BUCkYics0iOH+dbgQUiCxaew6mrGPRIEScxsYbbLaGRo":{"registrationId":912966787,"currentRatchet":{"ephemeralKeyPair":{"pubKey":"BYhDNzmywLMzou67HD+4QqSS34u3zcja5waUcHspvxJa","privKey":"gGfJ7GWMxRFes4A6jNd7EwG79mRNUgE04po3aeD1sW0="},"lastRemoteEphemeralKey":"Be/Rl088MFbb0/UlZ4yA82Fm+zprGube+Xp3gphlIwV4","previousCounter":0,"rootKey":"63aR4OEeKU9eBg1pcAO3NpZ5T2tQipK8+gUT/y77YTk="},"indexInfo":{"baseKey":"BUCkYics0iOH+dbgQUiCxaew6mrGPRIEScxsYbbLaGRo","baseKeyType":2,"closed":-1,"used":1703298728267,"created":1703298728267,"remoteIdentityKey":"BS5iwS97ppAG9IsOqQDHznpy1ag9eG6a3nBLjNMnVShv"},"_chains":{"Be/Rl088MFbb0/UlZ4yA82Fm+zprGube+Xp3gphlIwV4":{"chainKey":{"counter":8,"key":"1PnSA/qFTyN14YxJov7dYwRscUghuWbsq8apuIz9k4I="},"chainType":2,"messageKeys":{"0":"Qhe8E2kE3IrghaZZ8UP9F69ioa2ESqShR3BAIZ8AgCk=","1":"nWtnu914eSZGgbtJ+ahsIPM5JzSVG4MWxFE2121wkVU=","2":"po5QD7e5MDRfc2k8bV1WNLHr8GMW/jtIMDO13ZuarWY=","3":"xcqHmB1uZp4m61y5I+QrkDw/lINQwfMAaXW6zYMyxYI=","4":"qdaFNO/DerkLFF05SBeJInX8/cfFiCLcDsbbya/c2wI=","5":"13TvBLhMOxOxOtEwrhVm8gFpX8kTONxwddlM1iaLbUA="}},"BYhDNzmywLMzou67HD+4QqSS34u3zcja5waUcHspvxJa":{"chainKey":{"counter":-1,"key":"ZyIavYbXDBACz0Y1JTWomau6VDDGPkzx7VmheKiImXY="},"chainType":1,"messageKeys":{}}}}},"version":"v1"}