{"_sessions":{"BfrSKCqgsgDKuobffYls5IYRbx5llfj/2oLKEA8x/upF":{"registrationId":3107,"currentRatchet":{"ephemeralKeyPair":{"pubKey":"BaFDjcwDtmOF7aIeMnvVh3w4Qjm+fcBXFnCDfsgxcUFm","privKey":"IGQ26bK8cN5grFrAOnN18F8bSVVE2Llt0302iFLjYH0="},"lastRemoteEphemeralKey":"BV4eHhev346BnVdGXP/IOkIRAbutjDvZ9f2anxs57i5i","previousCounter":0,"rootKey":"/uvpUq9T78hYqmVXd9gWIaHaRzMqZYDVZfeQ9lwa0E4="},"indexInfo":{"baseKey":"BfrSKCqgsgDKuobffYls5IYRbx5llfj/2oLKEA8x/upF","baseKeyType":1,"closed":-1,"used":1703322489620,"created":1703322489620,"remoteIdentityKey":"BSNzrnGRzJBgbwS3L/VFDStbybKjDH5npSM5xaSkgZE+"},"_chains":{"BaFDjcwDtmOF7aIeMnvVh3w4Qjm+fcBXFnCDfsgxcUFm":{"chainKey":{"counter":10,"key":"eK8H6m8//EluQGoIgm6W3apSAuKOuadAwlr9TNHbFBI="},"chainType":1,"messageKeys":{}}},"pendingPreKey":{"signedKeyId":1,"baseKey":"BfrSKCqgsgDKuobffYls5IYRbx5llfj/2oLKEA8x/upF","preKeyId":524}}},"version":"v1"}