{"_sessions":{"BehD2Cu8uV27pykUVNbpV5+bs6CVLBY4NI3RY2LJkE1Q":{"registrationId":679736283,"currentRatchet":{"ephemeralKeyPair":{"pubKey":"BULTCF8vREQVlb3b8bja/ktLT4zi5qap+FUyfP3MNOQK","privKey":"yAdeWjrWv8eQsnoT7vrepKwS8afVKEvVUgJsVRXuIXo="},"lastRemoteEphemeralKey":"BWllsiHhKiB8VUFry9X+qWa+rWf+jAPorj/wzx/wQRxd","previousCounter":0,"rootKey":"DmIr3Ip0tE0rtWoabBZujjHVI47xpFOTBwVXbTG1ywg="},"indexInfo":{"baseKey":"BehD2Cu8uV27pykUVNbpV5+bs6CVLBY4NI3RY2LJkE1Q","baseKeyType":1,"closed":-1,"used":1703298462283,"created":1703298462283,"remoteIdentityKey":"BSKv4+728ncRaRHTzwtqxQYzryH21zRptYo6XAGjvRYf"},"_chains":{"BULTCF8vREQVlb3b8bja/ktLT4zi5qap+FUyfP3MNOQK":{"chainKey":{"counter":2,"key":"0oISb59IMv9NpONFSaEypI8Aw1ZFN7ovDI4nX1zN5rQ="},"chainType":1,"messageKeys":{}}},"pendingPreKey":{"signedKeyId":41,"baseKey":"BehD2Cu8uV27pykUVNbpV5+bs6CVLBY4NI3RY2LJkE1Q","preKeyId":7261428}}},"version":"v1"}