{"_sessions":{"BTxFfyHqxFjcf+VuqI5ICQKIDzttrrpFZCQ9X2+zvu9D":{"registrationId":983,"currentRatchet":{"ephemeralKeyPair":{"pubKey":"BaCEviuU6wR04G245LQoIbl4ovjW46rGtb2VySdY3glH","privKey":"8BVEizEPNFTIC3lYErg70zN1+qcQei+C653JZ65PPUA="},"lastRemoteEphemeralKey":"BcmJb/AxRBpG6lQvIyLeMztVkFm094qw3fRlpT9KdK0S","previousCounter":0,"rootKey":"FZQhPJJABwyNnccaXwv+LCjKUbmF3Mitm8elymtIf6Y="},"indexInfo":{"baseKey":"BTxFfyHqxFjcf+VuqI5ICQKIDzttrrpFZCQ9X2+zvu9D","baseKeyType":1,"closed":-1,"used":1703296481497,"created":1703296481497,"remoteIdentityKey":"BUnh2QYOiHOG0BXk2WqHVBUPUhrPsMAnYaE9Vt636sts"},"_chains":{"BaCEviuU6wR04G245LQoIbl4ovjW46rGtb2VySdY3glH":{"chainKey":{"counter":6,"key":"jPUG1C0zSro/fBk9bPyeulD/FM9Lbc4q+E23r8Rx9Os="},"chainType":1,"messageKeys":{}}},"pendingPreKey":{"signedKeyId":1,"baseKey":"BTxFfyHqxFjcf+VuqI5ICQKIDzttrrpFZCQ9X2+zvu9D","preKeyId":188}}},"version":"v1"}