{"_sessions":{"BSMBUu7Irx4Gu8Dk/K48SB+KjYnwNPyNGlRw2MblY511":{"registrationId":740472940,"currentRatchet":{"ephemeralKeyPair":{"pubKey":"Bd53dECo9/qgNfzXEYU9ORPpPN3zo1R3BgEzc0cs/upR","privKey":"oCvGY7eiSMF4rXy12N0G7fhSd6CD8N4+Vgm6l1oA4FE="},"lastRemoteEphemeralKey":"BTgXJZE0CbClp/592X7zykClUJwfWX70URUyNIigBvJj","previousCounter":0,"rootKey":"Vdoh5SiepexDAES3C7NVHtzq9OgZwKdV9E5WsAS+F/4="},"indexInfo":{"baseKey":"BSMBUu7Irx4Gu8Dk/K48SB+KjYnwNPyNGlRw2MblY511","baseKeyType":1,"closed":-1,"used":1703384390574,"created":1703296481933,"remoteIdentityKey":"BYMjUXZyj132xYJVAe9VssBEZDoiroPqA9KloZ7HWt07"},"_chains":{"Ba5xioIAdbzuysGJrjiXoqqeBmqIgHlQjc4RTj6cgE5w":{"chainKey":{"counter":0},"chainType":2,"messageKeys":{}},"BThd+p0W5d1YiUntb54GEoAC80DggV0Z98piNJMEaaov":{"chainKey":{"counter":1},"chainType":2,"messageKeys":{}},"Be1HbiCjSkek4Dy47mW0XWtCYlbwQMaOugPdUgofve1o":{"chainKey":{"counter":0},"chainType":2,"messageKeys":{}},"BTgXJZE0CbClp/592X7zykClUJwfWX70URUyNIigBvJj":{"chainKey":{"counter":3,"key":"wz7pcRpn5K5tOq3cjyvMCQ/SRZ8x57AUGRBpMBegi+M="},"chainType":2,"messageKeys":{}},"Bd53dECo9/qgNfzXEYU9ORPpPN3zo1R3BgEzc0cs/upR":{"chainKey":{"counter":-1,"key":"8CZ7pd5TKxRsy+fiJNAvSzERpvDoltt8jyjCW4M41O4="},"chainType":1,"messageKeys":{}}}}},"version":"v1"}