{"_sessions":{"BbnbVevvTSenF/XwcZxQaLLSE5P9NfomhTgHpViw1wBK":{"registrationId":691637292,"currentRatchet":{"ephemeralKeyPair":{"pubKey":"BXYipYKvYk6fRtXxFz76PQSuyJJ9Qs87omyugf3FERow","privKey":"0FELW4DmMeP+wov6NbwyDLLggRouG5lEdZbCEDvcqWw="},"lastRemoteEphemeralKey":"BXp6KAbb5ylw9jyfKlcWgvSteelQ6nqVPYzl/XUjP1of","previousCounter":9,"rootKey":"MRCuzYgOb8Ltsn6yvytoL0vbdYvApdd6tFLmnRjUFCY="},"indexInfo":{"baseKey":"BbnbVevvTSenF/XwcZxQaLLSE5P9NfomhTgHpViw1wBK","baseKeyType":1,"closed":-1,"used":1703338280449,"created":1703322489809,"remoteIdentityKey":"BWK4BlPRZQa3MtjJUodZwvzo33KWSYelLUGGlAxAQFFG"},"_chains":{"BXp6KAbb5ylw9jyfKlcWgvSteelQ6nqVPYzl/XUjP1of":{"chainKey":{"counter":0,"key":"ShmcEQ948WZb00npymjestCv9Ag3iC3iXRYCksvWdK0="},"chainType":2,"messageKeys":{}},"BXYipYKvYk6fRtXxFz76PQSuyJJ9Qs87omyugf3FERow":{"chainKey":{"counter":0,"key":"AOOhx/9LU2GHjH9rdETo51Wl/GNkZ+kxnbu4pOe4OM8="},"chainType":1,"messageKeys":{}}}}},"version":"v1"}