{"_sessions":{"BcEQDPxdpLuqkiUegNn88l5MQWNS/1T1ZoejVtwRHy5p":{"registrationId":1554206024,"currentRatchet":{"ephemeralKeyPair":{"pubKey":"Bd5orhLKcdGrmMfR59YMCLQerRGv8uUjEdkxydrRXq1f","privKey":"EM7o6/Wm+tp4WjH4eW7VDamDA/bMt/aOTu1dIJcnsHg="},"lastRemoteEphemeralKey":"BZiOUDcbXHqRU6H4iuZSOl5YdYsAUzoAesPkCQ8tuGZb","previousCounter":0,"rootKey":"MvuhRolnVDq9wDFUvqNcKGcWRlbhVxXor2ORUKhDi5o="},"indexInfo":{"baseKey":"BcEQDPxdpLuqkiUegNn88l5MQWNS/1T1ZoejVtwRHy5p","baseKeyType":2,"closed":-1,"used":1703319374171,"created":1703319374171,"remoteIdentityKey":"BUGM0crbvYI7gHfdFPInefSxaXuAJqGgCom3f5d2THdG"},"_chains":{"BZiOUDcbXHqRU6H4iuZSOl5YdYsAUzoAesPkCQ8tuGZb":{"chainKey":{"counter":0,"key":"Dla5dzxGvUr3txzYin2W/LdoWC+q8/0NtPyf5lRKhM0="},"chainType":2,"messageKeys":{}},"Bd5orhLKcdGrmMfR59YMCLQerRGv8uUjEdkxydrRXq1f":{"chainKey":{"counter":-1,"key":"xSpEin3CVAujYH3D+cXlQ8TaaQm8fWMBfq8LOl+g0/Q="},"chainType":1,"messageKeys":{}}}}},"version":"v1"}