{"_sessions":{"BdqcPLBOEGNi6qEHhVIaLJJsAtINA057XpWaN//qgPQ4":{"registrationId":1503199939,"currentRatchet":{"ephemeralKeyPair":{"pubKey":"Barb2O6ibMTcFRMNZ76GcnYla8jN9ocAwzp8cZtyvGIr","privKey":"EL8/ThF/ZinedbgmQ0wR8RjYwV2Lu85cwaevigvh/V4="},"lastRemoteEphemeralKey":"Baz9nCRH4yEIu7y6nBdj5i2KpkUHOeHHLBxwviUfJLYg","previousCounter":0,"rootKey":"5qkbQBFPykKfQWf8HU9jky2dJ2BKqsO6KjLUrrKdlRk="},"indexInfo":{"baseKey":"BdqcPLBOEGNi6qEHhVIaLJJsAtINA057XpWaN//qgPQ4","baseKeyType":1,"closed":-1,"used":1703322489462,"created":1703322489462,"remoteIdentityKey":"BZVXpvKVi4q0mqIKKVjjPE2EIel+5Sa3FfmK+oD7Grhr"},"_chains":{"Barb2O6ibMTcFRMNZ76GcnYla8jN9ocAwzp8cZtyvGIr":{"chainKey":{"counter":10,"key":"ocmjj7gpnekbjVPJR1oL8UcFlJpQsg0kp4x1iW6xiIU="},"chainType":1,"messageKeys":{}}},"pendingPreKey":{"signedKeyId":1,"baseKey":"BdqcPLBOEGNi6qEHhVIaLJJsAtINA057XpWaN//qgPQ4"}}},"version":"v1"}