{"_sessions":{"BZr7P7Wact1WfTklZYc/RoVQoBtcQj/HjN6Xj/qKpqR2":{"registrationId":148,"currentRatchet":{"ephemeralKeyPair":{"pubKey":"BYvDRMMyZOTGzWjReR0WBImkcbOxEugsGqNH3WJmghJt","privKey":"kNPUrHamkyAkWe+3tsVpiH3oJR6Z4cP+vlK34FSXFWY="},"lastRemoteEphemeralKey":"BVgOXdpKb7EUK3WwC6WwDKFLh5OWDd8cXzJXVPqHhhlV","previousCounter":0,"rootKey":"TOHGcUXBbSEJNQzB/SNAsmd6a40P1S20YFuiu8SGd7Q="},"indexInfo":{"baseKey":"BZr7P7Wact1WfTklZYc/RoVQoBtcQj/HjN6Xj/qKpqR2","baseKeyType":1,"closed":-1,"used":1703322489504,"created":1703322489504,"remoteIdentityKey":"BWwkhZYnigdnx/Johae2w18SwdG6OTdcqodDQtJg42Yc"},"_chains":{"BYvDRMMyZOTGzWjReR0WBImkcbOxEugsGqNH3WJmghJt":{"chainKey":{"counter":10,"key":"T+HgSKgqzhjiAAZYaGQlHSpotl4iLo5OVVmPqPDdCVg="},"chainType":1,"messageKeys":{}}},"pendingPreKey":{"signedKeyId":1,"baseKey":"BZr7P7Wact1WfTklZYc/RoVQoBtcQj/HjN6Xj/qKpqR2"}}},"version":"v1"}