{"_sessions":{"BTB+ZUDiKt99hsF0QLnoGCvSD7i4yIjSZUd5pOObznkM":{"registrationId":2139258230,"currentRatchet":{"ephemeralKeyPair":{"pubKey":"BR1FC3XSaUcz3AEQTuFMdM7P+VTyXAcyxEKHEOe5wThk","privKey":"QMXlYmKuBw4ZMC+r8Q+ltD/scFyz79j3yf5oXKPFv0g="},"lastRemoteEphemeralKey":"BUc36CS3xTqFEOfYdNVawVyWVhad6m/J3iD09Sj0bh0O","previousCounter":0,"rootKey":"db4zzi2iHLcaEWsjNbK746rzDPhPH34EJ3Zb0b6PImI="},"indexInfo":{"baseKey":"BTB+ZUDiKt99hsF0QLnoGCvSD7i4yIjSZUd5pOObznkM","baseKeyType":1,"closed":-1,"used":1703296481995,"created":1703296481995,"remoteIdentityKey":"BUYXivis8LVkiKc3ffzYjtdYoj9RkGE6eiN6HW22PBQs"},"_chains":{"BR1FC3XSaUcz3AEQTuFMdM7P+VTyXAcyxEKHEOe5wThk":{"chainKey":{"counter":6,"key":"ZjT+xsZhABiE1j6CPOZWNJyy7eqmTCSputpj06MtYhA="},"chainType":1,"messageKeys":{}}},"pendingPreKey":{"signedKeyId":13,"baseKey":"BTB+ZUDiKt99hsF0QLnoGCvSD7i4yIjSZUd5pOObznkM","preKeyId":10448080}}},"version":"v1"}