{"_sessions":{"Be609K73QbqpQE9to2f5WgHbNGW7pUywugtBj8Zmf7lW":{"registrationId":309441488,"currentRatchet":{"ephemeralKeyPair":{"pubKey":"BZVAjbzcsxee+agsLcFjZd0mgbs+706slLKmDT7JqjcK","privKey":"iKCaQ8KW/CsOGHob/82dpHwkVv6aMvqfurfansdVHkU="},"lastRemoteEphemeralKey":"BeqCpaLWl3i2PPxTleQgYAPeNeI/BW/+PGCY5gm9W4w1","previousCounter":0,"rootKey":"grtA12hly7IbFBdJPony8yneiqUCTcKpJUVRjL3oEvk="},"indexInfo":{"baseKey":"Be609K73QbqpQE9to2f5WgHbNGW7pUywugtBj8Zmf7lW","baseKeyType":1,"closed":-1,"used":1703296481967,"created":1703296481967,"remoteIdentityKey":"BWQJZUBzPJuO3SNJJZq41RWi6DSIH+1QUxyoRrZx2rcR"},"_chains":{"BZVAjbzcsxee+agsLcFjZd0mgbs+706slLKmDT7JqjcK":{"chainKey":{"counter":6,"key":"CbScz5+EQTIiGsA80kMXyOcoj6kGSrZv5/JuDuujJa8="},"chainType":1,"messageKeys":{}}},"pendingPreKey":{"signedKeyId":49,"baseKey":"Be609K73QbqpQE9to2f5WgHbNGW7pUywugtBj8Zmf7lW","preKeyId":11213531}}},"version":"v1"}