{"_sessions":{"Bey+LxUeM5cRCm3jNbyirdCNSLdQFD2jEzjJp5kF1phq":{"registrationId":9213820,"currentRatchet":{"ephemeralKeyPair":{"pubKey":"BcXeid4I/dtSJdfU48CPjSL4kPzWnIoNX/vhjf/DB2lW","privKey":"2AfZi8ZdFjOb9oihDOUM37r3508APnC1Z48c2d6NKmY="},"lastRemoteEphemeralKey":"BZf1EdXjgStTF7zAlgRNB2ksiyakmOd+y5Q943oanpcb","previousCounter":0,"rootKey":"qcmlkvhDCGFB10FlHnMpD4U2qME9VzW/PYq9JWPJeTU="},"indexInfo":{"baseKey":"Bey+LxUeM5cRCm3jNbyirdCNSLdQFD2jEzjJp5kF1phq","baseKeyType":1,"closed":-1,"used":1703322489666,"created":1703322489666,"remoteIdentityKey":"BWE0cG8Jtibebep4ANzQNSNYHvLP3e5sOAUbV+/Mj71u"},"_chains":{"BcXeid4I/dtSJdfU48CPjSL4kPzWnIoNX/vhjf/DB2lW":{"chainKey":{"counter":10,"key":"XyJ5bmjGMn/rTo/PodQC0Juy0LSgUuX/eWwUQdwjtds="},"chainType":1,"messageKeys":{}}},"pendingPreKey":{"signedKeyId":24,"baseKey":"Bey+LxUeM5cRCm3jNbyirdCNSLdQFD2jEzjJp5kF1phq","preKeyId":1774782}}},"version":"v1"}