{"_sessions":{"BVsf8DveIpyuL9Y3bPIHkB5J7OM0o173c1IMID/je1k6":{"registrationId":626239811,"currentRatchet":{"ephemeralKeyPair":{"pubKey":"BcJWFqLC7PHvzNpIgbaS9UhpOc0MaiX7FOkOP/3ahANQ","privKey":"2Ltdz+Ugadw+nkxWG9GwBBGjMKT2LDppfVd5IRbdVkg="},"lastRemoteEphemeralKey":"BWId79U8SpkgcOP8xWRH4hxwiae+TdYxC0qSeK2bqaoS","previousCounter":0,"rootKey":"myoRgLfuI2J6zQgPJRTb1te4C6klEFxh3+jAW6/4BaQ="},"indexInfo":{"baseKey":"BVsf8DveIpyuL9Y3bPIHkB5J7OM0o173c1IMID/je1k6","baseKeyType":1,"closed":-1,"used":1703296480626,"created":1703296480626,"remoteIdentityKey":"BUYvdqoUslqJ1qYdwMKVbmMbAnIey+DL4hc/YdgwyF5M"},"_chains":{"BcJWFqLC7PHvzNpIgbaS9UhpOc0MaiX7FOkOP/3ahANQ":{"chainKey":{"counter":6,"key":"6p8uzzVIiQbBhhfrZLKXCA3nPMPJHsoDpYTPsThuqqU="},"chainType":1,"messageKeys":{}}},"pendingPreKey":{"signedKeyId":2,"baseKey":"BVsf8DveIpyuL9Y3bPIHkB5J7OM0o173c1IMID/je1k6","preKeyId":6253215}}},"version":"v1"}