{"_sessions":{"BRWSb2j2Wed5oIWY8S4ZgzpBQL/T7qx9ocmzHksR5gQF":{"registrationId":2077402761,"currentRatchet":{"ephemeralKeyPair":{"pubKey":"BXHPCxt8TY/JumnDEo6p4VMellysE5qbZihkv2lLYwIj","privKey":"YBLdZvgyHOuoBmRDVbRrFzc4lI4t8avNfeuzBjZAYWk="},"lastRemoteEphemeralKey":"BTRJvE1FItHiZZbbWYhY/n4syS7GO95otZGihdjNBGsS","previousCounter":0,"rootKey":"eCwVqI/oGTlm2MgEkzoZHTUliolNtw+tSpx4VEZq5sc="},"indexInfo":{"baseKey":"BRWSb2j2Wed5oIWY8S4ZgzpBQL/T7qx9ocmzHksR5gQF","baseKeyType":1,"closed":-1,"used":1703322489793,"created":1703322489793,"remoteIdentityKey":"BbCM37TcRU3sr32buT7eD3OepZLgDAkWY08yltsIoOwJ"},"_chains":{"BXHPCxt8TY/JumnDEo6p4VMellysE5qbZihkv2lLYwIj":{"chainKey":{"counter":10,"key":"rkGeeTgjyNcPFBBFXvtS77auj1xweQBZXy6q0YtEAOE="},"chainType":1,"messageKeys":{}}},"pendingPreKey":{"signedKeyId":1,"baseKey":"BRWSb2j2Wed5oIWY8S4ZgzpBQL/T7qx9ocmzHksR5gQF","preKeyId":14139108}}},"version":"v1"}