{"_sessions":{"BRW6ec9XyZz4rBgknoT7feU1oamogY0tku4hxAmtM9Bg":{"registrationId":12515,"currentRatchet":{"ephemeralKeyPair":{"pubKey":"BUE9ntagICQ4pL/R/sjN7CrCfSORZvPrTL66DX8GGMIo","privKey":"gK6r2w/BNn5AvhlOAzOwAuWFF18Bzu2Ud9H04/jFil8="},"lastRemoteEphemeralKey":"BZrEdesi1kwZkpcJp8fQioLbLG6ox3m0jNKXnaodhLRZ","previousCounter":0,"rootKey":"FKJdHyjHdQ7ZCM0cXAy2ZmrvvnHiY8KFW+qKvKw8vFA="},"indexInfo":{"baseKey":"BRW6ec9XyZz4rBgknoT7feU1oamogY0tku4hxAmtM9Bg","baseKeyType":1,"closed":-1,"used":1703296480641,"created":1703296480641,"remoteIdentityKey":"BVaacrsrx5mWN/2QJkH+HApyHKqOxMOe1shuur+7OfY9"},"_chains":{"BUE9ntagICQ4pL/R/sjN7CrCfSORZvPrTL66DX8GGMIo":{"chainKey":{"counter":6,"key":"sXr6m/rp3eEilpjXyU+5arjLC36T126PX4S7KUmLYs8="},"chainType":1,"messageKeys":{}}},"pendingPreKey":{"signedKeyId":1,"baseKey":"BRW6ec9XyZz4rBgknoT7feU1oamogY0tku4hxAmtM9Bg"}}},"version":"v1"}