{"_sessions":{"Bd0MqWWbJzXDfoh8HizCwhd3PnuR1ScqJb0AWrknISVf":{"registrationId":2115670973,"currentRatchet":{"ephemeralKeyPair":{"pubKey":"BUebwKGLxvW2IWHEm0PmFzaIYDT9yviUmRaSF1SJHCUQ","privKey":"eOhFBZQwfSrmnspBiGfTxynVmCyl+Hib+kYXrFR46nA="},"lastRemoteEphemeralKey":"BVRKdJUSTAkduQ62aOtlK80p4XYCxVRjBtgIuVE/Qb8Y","previousCounter":0,"rootKey":"6TPXqL0NgH6dj0L5p+XqckhEmQbof6Kf/AdKbOECWRc="},"indexInfo":{"baseKey":"Bd0MqWWbJzXDfoh8HizCwhd3PnuR1ScqJb0AWrknISVf","baseKeyType":1,"closed":-1,"used":1703322489725,"created":1703322489725,"remoteIdentityKey":"Bb8TPOeWRO+RkL+CniaGKnoqj4peOWsMYF0QwrhS3QZ9"},"_chains":{"BUebwKGLxvW2IWHEm0PmFzaIYDT9yviUmRaSF1SJHCUQ":{"chainKey":{"counter":10,"key":"I14Mi8vUj5KNUcdBjQxvMfIUjq93rgHzFeYghZf0bu4="},"chainType":1,"messageKeys":{}}},"pendingPreKey":{"signedKeyId":37,"baseKey":"Bd0MqWWbJzXDfoh8HizCwhd3PnuR1ScqJb0AWrknISVf","preKeyId":3945162}}},"version":"v1"}