{"_sessions":{"BZmycSgHFcj3/tWneVtiYnpzcNc8NIy8HD1WP0oFh44E":{"registrationId":609505519,"currentRatchet":{"ephemeralKeyPair":{"pubKey":"BTbXNGxPpvnSmYJ8XbRmD0tbRlVnJKK3oCHhGUWJjakm","privKey":"cBRxMAiN1/V2D7/8Fs1O2bBA8XwsDzit3+IxyCEZyUA="},"lastRemoteEphemeralKey":"BbPsrsd3wqLiC18UgsGn1Zor1J7Po9/OmF7Q6Xey4fZq","previousCounter":0,"rootKey":"dAnH+qAMvpdBsk9iwP56O1FG7KZebPSkf01NGvPKW7g="},"indexInfo":{"baseKey":"BZmycSgHFcj3/tWneVtiYnpzcNc8NIy8HD1WP0oFh44E","baseKeyType":1,"closed":-1,"used":1703298462072,"created":1703298462072,"remoteIdentityKey":"Bd05yNuRTj+tKoYLoQJo9G0zYXaivKD4254lWkXfnIEM"},"_chains":{"BTbXNGxPpvnSmYJ8XbRmD0tbRlVnJKK3oCHhGUWJjakm":{"chainKey":{"counter":2,"key":"kGs4p/xa+RPq9Q+rr3EJUxHuw+iIU375i2NTe2l+auE="},"chainType":1,"messageKeys":{}}},"pendingPreKey":{"signedKeyId":270,"baseKey":"BZmycSgHFcj3/tWneVtiYnpzcNc8NIy8HD1WP0oFh44E","preKeyId":16452890}}},"version":"v1"}