{"_sessions":{"BR8MYrznZ/6dnxPKOAghiMrMwG1yOc5lKCY3h5vDr/lJ":{"registrationId":1056297637,"currentRatchet":{"ephemeralKeyPair":{"pubKey":"Ba5fwIk39lhrAjRQWQ4spx9xmyUvc8p/s3WhKTz0u+o/","privKey":"WO0c99hfBq3u6UW3jtLRuizBNYqdwg+3Y2m+wkUlrUk="},"lastRemoteEphemeralKey":"BcE/gApNRiw1Hc5VANiOSnEzS9hQzcL3f1lcv+GXM7J7","previousCounter":0,"rootKey":"sMRPoLrT514pyAvgz4W7ucFnjY/AjKeH5Jol/NrQulY="},"indexInfo":{"baseKey":"BR8MYrznZ/6dnxPKOAghiMrMwG1yOc5lKCY3h5vDr/lJ","baseKeyType":1,"closed":-1,"used":1703296482269,"created":1703296482269,"remoteIdentityKey":"BfJOVxi3QHzVjDCn7KHd/XI55Ex9s17s2jD6kUNSyPtC"},"_chains":{"Ba5fwIk39lhrAjRQWQ4spx9xmyUvc8p/s3WhKTz0u+o/":{"chainKey":{"counter":6,"key":"61ZPvCRsv/a6hMoRSuSlYyJi8D1qbsw/DDPq4JEG6XA="},"chainType":1,"messageKeys":{}}},"pendingPreKey":{"signedKeyId":10289582,"baseKey":"BR8MYrznZ/6dnxPKOAghiMrMwG1yOc5lKCY3h5vDr/lJ","preKeyId":10783}}},"version":"v1"}