{"_sessions":{"BTPckqvn3uKFx7lDGXeiuAB+C+9g3XFEtA2/Pf2EMChx":{"registrationId":963120002,"currentRatchet":{"ephemeralKeyPair":{"pubKey":"BTVdPnqJgrACygt88jOLeduD9EH7PcG6u8euTiH6Jloi","privKey":"8BP1L0Pfdy9krLwD6rupzGUFI06WkfggAuU+r/Y2iEs="},"lastRemoteEphemeralKey":"BRcO/sOv+VZt9QX8XfZBhTkOmHJiqCgBDdBP5qYqE6RU","previousCounter":0,"rootKey":"IEmsh0XbejqdVv+xBQ6olh7wJH7590xjdiDrMWXnPoA="},"indexInfo":{"baseKey":"BTPckqvn3uKFx7lDGXeiuAB+C+9g3XFEtA2/Pf2EMChx","baseKeyType":1,"closed":-1,"used":1703296481174,"created":1703296481174,"remoteIdentityKey":"BWD4zG+RGA73YZzNIC7B2fsOnIszrpPoPXvjvdNUE0U9"},"_chains":{"BTVdPnqJgrACygt88jOLeduD9EH7PcG6u8euTiH6Jloi":{"chainKey":{"counter":6,"key":"YGQ6ioLDc7inQ6VNis/cCgB+bkVATrCLZw9DJX1N8JY="},"chainType":1,"messageKeys":{}}},"pendingPreKey":{"signedKeyId":1,"baseKey":"BTPckqvn3uKFx7lDGXeiuAB+C+9g3XFEtA2/Pf2EMChx","preKeyId":11225654}}},"version":"v1"}