{"_sessions":{"BWjUi8SUC/cRUfk4II6r5T7kHmJZEHF06sxwtpy7NK4J":{"registrationId":1031330835,"currentRatchet":{"ephemeralKeyPair":{"pubKey":"BUVACEhTuyLCUBz0ml238XS620lZPDAT5/n6ZUVUFfxt","privKey":"mI9atPQ0ZORogvoGL/fcMKA1MD6EAzGeuB/gjW92VWY="},"lastRemoteEphemeralKey":"BS3LPFP9DVPT68tHHa40undeVSQib1CembgStekOmv4e","previousCounter":0,"rootKey":"q2YSM8GC898ooeuat1LkgXAcSmd+wxLyf+V84mLwAfs="},"indexInfo":{"baseKey":"BWjUi8SUC/cRUfk4II6r5T7kHmJZEHF06sxwtpy7NK4J","baseKeyType":1,"closed":-1,"used":1703296481699,"created":1703296481699,"remoteIdentityKey":"BSBAu95LXox9q32CV2kO+80O45vbpV7OrTcOVcDwyLgp"},"_chains":{"BUVACEhTuyLCUBz0ml238XS620lZPDAT5/n6ZUVUFfxt":{"chainKey":{"counter":6,"key":"cWgxpT0Kmvddf/c7K5F1q9gaCam2E8dDsMdax9mC9LM="},"chainType":1,"messageKeys":{}}},"pendingPreKey":{"signedKeyId":2,"baseKey":"BWjUi8SUC/cRUfk4II6r5T7kHmJZEHF06sxwtpy7NK4J","preKeyId":6911934}}},"version":"v1"}