{"_sessions":{"Bfv5+97iDrCUb7i8DJS11L1pz+XjkfLGpAjRxJ+M8tEO":{"registrationId":1001653353,"currentRatchet":{"ephemeralKeyPair":{"pubKey":"Ba6mEMt0qJ3pySGJZUKJKT5Zwt5IqbIke/zQ33v3yKok","privKey":"cHJAOj9K/YIMzYuHk0HlE0Dje9KQyYlIMMbTcVJWvlg="},"lastRemoteEphemeralKey":"BQNKOxbLCtwyac3pTxWfWX5AADGfhT7jRfe3Ou9H83xT","previousCounter":0,"rootKey":"8gvXX3Rgt1BqCSRdW/1lo6m2bfedQeKkfvoZ6XGzDCc="},"indexInfo":{"baseKey":"Bfv5+97iDrCUb7i8DJS11L1pz+XjkfLGpAjRxJ+M8tEO","baseKeyType":1,"closed":-1,"used":1703296482065,"created":1703296482065,"remoteIdentityKey":"Bdn2eJefXjbBKpPRiT0K3b31hFuzluFTeCjqWtf85hM9"},"_chains":{"Ba6mEMt0qJ3pySGJZUKJKT5Zwt5IqbIke/zQ33v3yKok":{"chainKey":{"counter":6,"key":"z+blymXxPmjTQGZ/oYb9jOqFin4CMs4RTRvg5fP12SI="},"chainType":1,"messageKeys":{}}},"pendingPreKey":{"signedKeyId":3,"baseKey":"Bfv5+97iDrCUb7i8DJS11L1pz+XjkfLGpAjRxJ+M8tEO","preKeyId":14242850}}},"version":"v1"}