{"_sessions":{"BcbM4TlAaZFH9tSkPRuGia3fw2vfQvOmpkcciUIQK99P":{"registrationId":53,"currentRatchet":{"ephemeralKeyPair":{"pubKey":"BVmyyw5vMM+v/f3ZPWop1YEPmgugdnh9MuoMuZTbMckH","privKey":"MK+TF6qHSIl//2bQxd6Ftbbt6SQ7oN+arI0T/dvNdVU="},"lastRemoteEphemeralKey":"BdJyY0XimSxctxEja5cS//9wovUeebxukkcNlZ3hZcRm","previousCounter":0,"rootKey":"LUl1LCejoeb9PdZVZZUGRaezm9sghmGumH8D1QOFb/4="},"indexInfo":{"baseKey":"BcbM4TlAaZFH9tSkPRuGia3fw2vfQvOmpkcciUIQK99P","baseKeyType":1,"closed":-1,"used":1703322489450,"created":1703322489450,"remoteIdentityKey":"BZn0cOii4Xy0VKjHv3ok8/yikVcOZp9hWO0qxO8ABmBN"},"_chains":{"BVmyyw5vMM+v/f3ZPWop1YEPmgugdnh9MuoMuZTbMckH":{"chainKey":{"counter":10,"key":"RyZzhKC5vn4g/FW1f8EV4FVNDYgKR7uad6oXPTd5VzI="},"chainType":1,"messageKeys":{}}},"pendingPreKey":{"signedKeyId":1,"baseKey":"BcbM4TlAaZFH9tSkPRuGia3fw2vfQvOmpkcciUIQK99P"}}},"version":"v1"}