{"_sessions":{"Bfh7GpIH/nmRcD7N4NJnKnhyc6tSa4MCalf9cuNrNGcT":{"registrationId":118231442,"currentRatchet":{"ephemeralKeyPair":{"pubKey":"BQi1/R9BNabqgXFiIOHK+l5IpG/yWVqW2cMxZ8UYKGIJ","privKey":"qBs9ayeqxV+K5dP51oLBbfSe0XdqYeHyClFJDNKqtVU="},"lastRemoteEphemeralKey":"BT2m65AtNYRw4AMXYidDzc2uPwnMq80EUckYYXOZCGZe","previousCounter":2,"rootKey":"IcY5+3VTDDdQT9BfS3+b1gX/BvDVCAiXMSKgsmJWSxQ="},"indexInfo":{"baseKey":"Bfh7GpIH/nmRcD7N4NJnKnhyc6tSa4MCalf9cuNrNGcT","baseKeyType":1,"closed":-1,"used":1703320984283,"created":1703298462100,"remoteIdentityKey":"BW+laj5J/ktPL99XX/VlHcgIbp4XrVZngoG54iPtzawl"},"_chains":{"BT2m65AtNYRw4AMXYidDzc2uPwnMq80EUckYYXOZCGZe":{"chainKey":{"counter":1,"key":"UqZRwt/O7qhPzSTJSUskCoWrcbGjeb1T0rGmPNYYdk4="},"chainType":2,"messageKeys":{}},"BQi1/R9BNabqgXFiIOHK+l5IpG/yWVqW2cMxZ8UYKGIJ":{"chainKey":{"counter":-1,"key":"APRZ2oApW/NhuiDhbpxO6R9j+BKrVueusMlZWW6lc2Q="},"chainType":1,"messageKeys":{}}}}},"version":"v1"}