{"_sessions":{"BWGK9NVzAlhLLyXOC+dsBj1HV5UZK9ByosDsEAXXD1xN":{"registrationId":283704930,"currentRatchet":{"ephemeralKeyPair":{"pubKey":"BWrw72tLPuoSwb9yvPOvGuALQ/vz5mw2/FXVSsNy4jk/","privKey":"GJk9dkKUMLaho6zTKlIx+DbpgIwfdUL69eObnCdP4nU="},"lastRemoteEphemeralKey":"BfOUUJFyCWL7H5edADfw8iHW1bC0cwRDoEbKobrgR7Ne","previousCounter":0,"rootKey":"JZKy61ePsNtDvd7/u+nhlujJs6+SOVXrHW8OVD5vThM="},"indexInfo":{"baseKey":"BWGK9NVzAlhLLyXOC+dsBj1HV5UZK9ByosDsEAXXD1xN","baseKeyType":1,"closed":-1,"used":1703296482113,"created":1703296482113,"remoteIdentityKey":"BRbT3o72vIv91NSynj2E+SIBzQ5MKMA/41q9Gx3eNBxc"},"_chains":{"BWrw72tLPuoSwb9yvPOvGuALQ/vz5mw2/FXVSsNy4jk/":{"chainKey":{"counter":6,"key":"OLyDhd7dgCmmDZMWVvXmRmjDuAmKUr42+cD7ikjAvZ0="},"chainType":1,"messageKeys":{}}},"pendingPreKey":{"signedKeyId":16,"baseKey":"BWGK9NVzAlhLLyXOC+dsBj1HV5UZK9ByosDsEAXXD1xN","preKeyId":14840502}}},"version":"v1"}