{"_sessions":{"BUnZEEhqrF8eYXO49mki8Ik5yXr384uMIgcygFV06Kh6":{"registrationId":1162071759,"currentRatchet":{"ephemeralKeyPair":{"pubKey":"BRGKpOhyALjj0Jf532XTL2Q/7VlJi6qxQ4iK7bCLERRN","privKey":"SDpQ9DowaZVMNbJyyn+awiDVBXTv8TWke7wUNbXCtXQ="},"lastRemoteEphemeralKey":"BelDpdvEExU74gXPouFR3v0r/cdga0oc+gSyrJNRgMF2","previousCounter":0,"rootKey":"x28VZQ+U5s2Rhx2IkuQFcvNbD4Ca5ifQZVV2RydP4tE="},"indexInfo":{"baseKey":"BUnZEEhqrF8eYXO49mki8Ik5yXr384uMIgcygFV06Kh6","baseKeyType":1,"closed":-1,"used":1703296479956,"created":1703296479956,"remoteIdentityKey":"BS9TVgDMw4iCPzvTeOBTjaoYpsolVgMVm6gci2KaPklb"},"_chains":{"BRGKpOhyALjj0Jf532XTL2Q/7VlJi6qxQ4iK7bCLERRN":{"chainKey":{"counter":6,"key":"Yjs2YU4LHPJy2gS3CXhCvSfzaE35/yQRcaSl56uU9TY="},"chainType":1,"messageKeys":{}}},"pendingPreKey":{"signedKeyId":2,"baseKey":"BUnZEEhqrF8eYXO49mki8Ik5yXr384uMIgcygFV06Kh6","preKeyId":3401952}}},"version":"v1"}