{"_sessions":{"BYj4eDVWBowdk+BHAdRwqXZGdlTzvLDn7skdLGleBwRF":{"registrationId":3451,"currentRatchet":{"ephemeralKeyPair":{"pubKey":"BTfEdSDE4G82Fuq4djxlRaloZqb4cVuIgwV/PQEnVCw3","privKey":"eB8ugdopTcg8TEuCeta6DZM9jnRFdLwqVxpQdKQC4U4="},"lastRemoteEphemeralKey":"BfqU1I0UvaNkcWGvyHOvu03DEANpo9RUJtaXAm7VF6Eb","previousCounter":0,"rootKey":"rJEjsX6yY6lFGFV2FSHq6Xbkh2EMaUeC5xRaR7Bu22Q="},"indexInfo":{"baseKey":"BYj4eDVWBowdk+BHAdRwqXZGdlTzvLDn7skdLGleBwRF","baseKeyType":1,"closed":-1,"used":1703296481624,"created":1703296481624,"remoteIdentityKey":"BX1ZsdLpmwUHXFBjcg1NOn4r4o9B608LVOximjJ+zkxK"},"_chains":{"BTfEdSDE4G82Fuq4djxlRaloZqb4cVuIgwV/PQEnVCw3":{"chainKey":{"counter":2,"key":"SIzxwH/H7MDk3PRYMkugh0O0iKpavycExqf6sYWwUEM="},"chainType":1,"messageKeys":{}}},"pendingPreKey":{"signedKeyId":1,"baseKey":"BYj4eDVWBowdk+BHAdRwqXZGdlTzvLDn7skdLGleBwRF","preKeyId":229}}},"version":"v1"}