{"_sessions":{"BR5VTblakB6AG/PAEvDZDzVzyBeP0/TzVxZJeBfBUXxK":{"registrationId":4363,"currentRatchet":{"ephemeralKeyPair":{"pubKey":"BUcqElvYUjVhKSvoCmxw3YSIQpFlAwS/P4Jp875BUutX","privKey":"yNqvWwOKhVkrFU9Tyv24fS89DhraZz52/+cOubpwsEA="},"lastRemoteEphemeralKey":"BWC4EsT1XoJzczl+g7qiEVx3kEKdy08L33RJBy2IOfAP","previousCounter":0,"rootKey":"oePUhB4NPrbFoySFzI7HC6yfogqG9kdxPvlVqSYj+YI="},"indexInfo":{"baseKey":"BR5VTblakB6AG/PAEvDZDzVzyBeP0/TzVxZJeBfBUXxK","baseKeyType":1,"closed":-1,"used":1703322489515,"created":1703322489515,"remoteIdentityKey":"BVRb1KpRbNqQuKhd6669nIjBtEBKfJ8J9qnLjffTc/N3"},"_chains":{"BUcqElvYUjVhKSvoCmxw3YSIQpFlAwS/P4Jp875BUutX":{"chainKey":{"counter":10,"key":"yJVhZfXR6d6hjdO79hmhp5otlTEcfkfHCixIWNbUnuI="},"chainType":1,"messageKeys":{}}},"pendingPreKey":{"signedKeyId":5,"baseKey":"BR5VTblakB6AG/PAEvDZDzVzyBeP0/TzVxZJeBfBUXxK","preKeyId":9411}}},"version":"v1"}