{"_sessions":{"BdoesopU+g7mXIyU1PLFKmZ+K8zdi0NhAzMcQWmeIE53":{"registrationId":124,"currentRatchet":{"ephemeralKeyPair":{"pubKey":"BYBhMtU7eIUW6FMRk382R8NIpQ3F8V+5ALKO7Ea7Nc9U","privKey":"WB0hZr9N2TZZm3VZAd+/fIemWd1xS7YZ0ewUMg+JSF8="},"lastRemoteEphemeralKey":"BZJQBRRpcGFjuQx57MmfMAqkeugvz1Shn/FOcSQcyz9W","previousCounter":0,"rootKey":"bBWBawhCgS8Ms1wGWG0WyNuijDFg4wiVWh8xPexleb8="},"indexInfo":{"baseKey":"BdoesopU+g7mXIyU1PLFKmZ+K8zdi0NhAzMcQWmeIE53","baseKeyType":1,"closed":1703332837619,"used":1703296480900,"created":1703296480900,"remoteIdentityKey":"BY5wCuvBM1geSW1wuGAdcvtxax3tgIzZp5jB/IB9GM1t"},"_chains":{"BYBhMtU7eIUW6FMRk382R8NIpQ3F8V+5ALKO7Ea7Nc9U":{"chainKey":{"counter":6,"key":"xdV69mAs3fgv94JlW+aj2W9C/DaRmLT3r9bE1YmZ4oo="},"chainType":1,"messageKeys":{}}},"pendingPreKey":{"signedKeyId":1,"baseKey":"BdoesopU+g7mXIyU1PLFKmZ+K8zdi0NhAzMcQWmeIE53","preKeyId":359}},"Bc5BjSCek2b/kZrh5vRFFbKqHwmnZ4McFhRkF7otDcYs":{"registrationId":124,"currentRatchet":{"ephemeralKeyPair":{"pubKey":"BYcQ90P/PiaoDMUNcPMLY0pYVf9jmzzpqcF1CHQmemgo","privKey":"UOz+3ku4oBahg42SXVwK1Qv6qyCGU8hKprwXrxVJN3w="},"lastRemoteEphemeralKey":"BZJQBRRpcGFjuQx57MmfMAqkeugvz1Shn/FOcSQcyz9W","previousCounter":0,"rootKey":"RRYWuSWssVJgvjr972peh/9Zm+bHyNWhEw7I7mM9UZI="},"indexInfo":{"baseKey":"Bc5BjSCek2b/kZrh5vRFFbKqHwmnZ4McFhRkF7otDcYs","baseKeyType":1,"closed":-1,"used":1703332837588,"created":1703332837588,"remoteIdentityKey":"BY5wCuvBM1geSW1wuGAdcvtxax3tgIzZp5jB/IB9GM1t"},"_chains":{"BYcQ90P/PiaoDMUNcPMLY0pYVf9jmzzpqcF1CHQmemgo":{"chainKey":{"counter":0,"key":"ycGED8taqRqGquRuyFda6gEHISzkVh/3YJ4fTWK/+8E="},"chainType":1,"messageKeys":{}}},"pendingPreKey":{"signedKeyId":1,"baseKey":"Bc5BjSCek2b/kZrh5vRFFbKqHwmnZ4McFhRkF7otDcYs"}}},"version":"v1"}