{"_sessions":{"BelnAXHNXgaW7qXzOo4+N3fKps1YvZxTp5XISCRKyD47":{"registrationId":15186,"currentRatchet":{"ephemeralKeyPair":{"pubKey":"BfYbDyyjoS6V4Lne6tJd6xSnuw4dqOV/IVjUIR9Dw4sL","privKey":"MBVnmkM45l11DQ0OaM4z2j2KsVc0wOjMUL79olXTJHA="},"lastRemoteEphemeralKey":"Bc7Q442K7vUTVFdW2LOFwSUY8CZlflrav7leFtNNVuF7","previousCounter":0,"rootKey":"I8YdKzhNOm2eZjOg5m5MWjfXmC6tqCQKeNBcgU9TFGc="},"indexInfo":{"baseKey":"BelnAXHNXgaW7qXzOo4+N3fKps1YvZxTp5XISCRKyD47","baseKeyType":1,"closed":-1,"used":1703296481120,"created":1703296481120,"remoteIdentityKey":"Ba8n6zYOnlGAEGoduoDjF4KtoCRbm3OJv4ph+c48ecdy"},"_chains":{"BfYbDyyjoS6V4Lne6tJd6xSnuw4dqOV/IVjUIR9Dw4sL":{"chainKey":{"counter":6,"key":"gU/SS4gb56u9kqcF5sqiIx7fIROil1x5aM+78MDgw80="},"chainType":1,"messageKeys":{}}},"pendingPreKey":{"signedKeyId":2,"baseKey":"BelnAXHNXgaW7qXzOo4+N3fKps1YvZxTp5XISCRKyD47","preKeyId":3438}}},"version":"v1"}