{"_sessions":{"BfNjuF23YU0HXb5ELOSBL3+gySeDyQeyPkJrnIlwWLI6":{"registrationId":13567,"currentRatchet":{"ephemeralKeyPair":{"pubKey":"BVR120ZgzFi5AS0y1R2aKXQ33qthYbya2JeOAAMvglQL","privKey":"oHHV78FKpmXvP3juAtl87PL8+wSUNZmZUwtIxFny02g="},"lastRemoteEphemeralKey":"BQ8NuC/cRF8BYFQRKSNWTs6y0iIabwoFW9aNaq6O2o8z","previousCounter":0,"rootKey":"iLzdv+d4m79nEfVcDMPucK82OAR5uneXAfRHUIromTI="},"indexInfo":{"baseKey":"BfNjuF23YU0HXb5ELOSBL3+gySeDyQeyPkJrnIlwWLI6","baseKeyType":1,"closed":-1,"used":1703296480692,"created":1703296480692,"remoteIdentityKey":"BaLtleNyi/XPO2dcf5rvcn2A4GPNDPg3OjBj8m32hbxd"},"_chains":{"BVR120ZgzFi5AS0y1R2aKXQ33qthYbya2JeOAAMvglQL":{"chainKey":{"counter":6,"key":"nI8hJyFinOIPxLCP9hA1rqAsEAMrIijW/zECAWm9vo4="},"chainType":1,"messageKeys":{}}},"pendingPreKey":{"signedKeyId":1,"baseKey":"BfNjuF23YU0HXb5ELOSBL3+gySeDyQeyPkJrnIlwWLI6"}}},"version":"v1"}