{"_sessions":{"BQFirTQMFrtyDAAUeF5WNIhKLZ4nS/oSbd5k0TWURTcJ":{"registrationId":369258824,"currentRatchet":{"ephemeralKeyPair":{"pubKey":"BTNfvnMwGFsO+n/XSGXY4VIrlI6L2Wbaw26JYDCrBV5l","privKey":"KP0B4luiVBndhRmKC/mXdbu8jx87GJfZJiExygCrJVI="},"lastRemoteEphemeralKey":"BeV44OYHjGrT71Ov3vbdS2qJD6a8hFuGdM41qlRytkkp","previousCounter":0,"rootKey":"UXc9v5wgFTeGdBCvjcE+CvqU2cKozz1nmo8+AnlpFb8="},"indexInfo":{"baseKey":"BQFirTQMFrtyDAAUeF5WNIhKLZ4nS/oSbd5k0TWURTcJ","baseKeyType":1,"closed":-1,"used":1703296482416,"created":1703296482416,"remoteIdentityKey":"Bf0Mk0uBTnJh4+KlbmlV4NASbJa/7iYB9Sx258U6Ut9B"},"_chains":{"BTNfvnMwGFsO+n/XSGXY4VIrlI6L2Wbaw26JYDCrBV5l":{"chainKey":{"counter":6,"key":"BhJ72TDwAEEa7chsQbVtnTanif/45UO7xWz7pogVx0U="},"chainType":1,"messageKeys":{}}},"pendingPreKey":{"signedKeyId":32,"baseKey":"BQFirTQMFrtyDAAUeF5WNIhKLZ4nS/oSbd5k0TWURTcJ","preKeyId":16573015}}},"version":"v1"}