{"_sessions":{"Bci9ta8teRMMw2hgU3Lt5rZJvS0H8uJkoaApXqWBWgg7":{"registrationId":1245779645,"currentRatchet":{"ephemeralKeyPair":{"pubKey":"BUxEgtccXcgnunXPjXdRo8/Zbd7jb/9ci8DwNDfgOt88","privKey":"KFNf44Xf4eMHhGXIldwXH/NF0f7DYRzwYkZLLKzUA2o="},"lastRemoteEphemeralKey":"BWz2wkW9iaenEyBUoU3Q5I2WpOmVjgTQfgQ33WBxISQQ","previousCounter":10,"rootKey":"gKbSi0ZVo5aGqVzDb3GatrqGl6e/NHW1NrxnVATXWys="},"indexInfo":{"baseKey":"Bci9ta8teRMMw2hgU3Lt5rZJvS0H8uJkoaApXqWBWgg7","baseKeyType":2,"closed":-1,"used":1703384366156,"created":1703307874357,"remoteIdentityKey":"BbkYWOBkhOYq1DjY/F9DT9wF+nnI9oK/1szEjYEGlkZh"},"_chains":{"BfjtwTabri3Wa0a6/IvLiHA+8Umd02iRaM6ozGYqmhwL":{"chainKey":{"counter":0},"chainType":2,"messageKeys":{}},"BWz2wkW9iaenEyBUoU3Q5I2WpOmVjgTQfgQ33WBxISQQ":{"chainKey":{"counter":0,"key":"ua5ULzvO19ea3vUvzMNc0oGxnRAz+eP/SVeBxnRu98s="},"chainType":2,"messageKeys":{}},"BUxEgtccXcgnunXPjXdRo8/Zbd7jb/9ci8DwNDfgOt88":{"chainKey":{"counter":-1,"key":"pUwpFeWz0/uTxM3VqFdNcf3PaCiAd+TKGQpVNOF1bYo="},"chainType":1,"messageKeys":{}}}}},"version":"v1"}