{"_sessions":{"BRuawb+Fh0at+p8VBm9R5GYBieDCgDP0lxkKGVcC0dcF":{"registrationId":1821236402,"currentRatchet":{"ephemeralKeyPair":{"pubKey":"BYRTLSnDECLunWjUXKJVt1J4JqE95BMjh568aM1KEXkn","privKey":"IJ2qudFgoctZarp5Y9rU4q0tCaV1k7z1LvX72OrGkVk="},"lastRemoteEphemeralKey":"BTy1Cct+BkrtMzh6gtMr5TjQrMDpJa0HgPJftSKd+7wd","previousCounter":0,"rootKey":"89sc+cPtAGZSgTuS9Pv7C9D2WorHe9x7jjyVpS19iuQ="},"indexInfo":{"baseKey":"BRuawb+Fh0at+p8VBm9R5GYBieDCgDP0lxkKGVcC0dcF","baseKeyType":1,"closed":-1,"used":1703296481881,"created":1703296481881,"remoteIdentityKey":"BYh2idpu5BEHvvwuOykNR2GIEfJG267gvKwHRrTiAAk4"},"_chains":{"BYRTLSnDECLunWjUXKJVt1J4JqE95BMjh568aM1KEXkn":{"chainKey":{"counter":6,"key":"weyOV2nAH2CwcrW+AzzjOJsgXXLAZ2gfu7ioItkuLVM="},"chainType":1,"messageKeys":{}}},"pendingPreKey":{"signedKeyId":14,"baseKey":"BRuawb+Fh0at+p8VBm9R5GYBieDCgDP0lxkKGVcC0dcF","preKeyId":12584434}}},"version":"v1"}