{"_sessions":{"BSIYWx98xCTGV53iYS5rmJYzzeutvgNYhgo1sUQC8n9S":{"registrationId":1898471114,"currentRatchet":{"ephemeralKeyPair":{"pubKey":"Bbn/PmDG7ZveGC3SOuSUxyWS2JJpolMQKwjLrmVXgC95","privKey":"2Cq5A/bZfqKZZAcU5mtBZDORtd/Vq1otQSg4L/Br2U4="},"lastRemoteEphemeralKey":"BTtFncMZvMofvo3WovFTwONb1upE8EentgGK7MvdMTQb","previousCounter":0,"rootKey":"tPU5Waryua70BmWqpZCDmJk7GNb/pRHWnbQ5PXAS2pI="},"indexInfo":{"baseKey":"BSIYWx98xCTGV53iYS5rmJYzzeutvgNYhgo1sUQC8n9S","baseKeyType":1,"closed":-1,"used":1703322489657,"created":1703322489657,"remoteIdentityKey":"Bc8wKmDfIjIpLJUpYodBlL2It4N/mji1rlZN7+LdaTJR"},"_chains":{"Bbn/PmDG7ZveGC3SOuSUxyWS2JJpolMQKwjLrmVXgC95":{"chainKey":{"counter":10,"key":"4fjVDQJQZ6Ncx2N23rAZyS8E7ysSh70gq3UwHf5QZcM="},"chainType":1,"messageKeys":{}}},"pendingPreKey":{"signedKeyId":1,"baseKey":"BSIYWx98xCTGV53iYS5rmJYzzeutvgNYhgo1sUQC8n9S","preKeyId":537000}}},"version":"v1"}