{"_sessions":{"BZEKYpZAbFSyrk+pu6XSPQkEl4D8UnmIw+mx0c2WADI+":{"registrationId":1832510593,"currentRatchet":{"ephemeralKeyPair":{"pubKey":"BeObDtya1ws8IQLsmX0pA4gSquj07vskv28sLLrtN1N9","privKey":"0BmiBmLfmFarb8YeA6jN1Cb8E1wLG5KhpMabA0NZo0g="},"lastRemoteEphemeralKey":"BdtlCbnWy/MMnoap8VOGgoX4lyd9Vm+ry5iB8ohTSjYF","previousCounter":0,"rootKey":"kYMbGSzrWIL42e8MbkUOxuwXRAJEEBEk6f3geOhEGCI="},"indexInfo":{"baseKey":"BZEKYpZAbFSyrk+pu6XSPQkEl4D8UnmIw+mx0c2WADI+","baseKeyType":1,"closed":-1,"used":1703296482495,"created":1703296482495,"remoteIdentityKey":"BWgpJG1j/zigTGiisa5WfXPJWIKDE8wOeNvPDBeeDyYM"},"_chains":{"BeObDtya1ws8IQLsmX0pA4gSquj07vskv28sLLrtN1N9":{"chainKey":{"counter":6,"key":"ixEvmrsb6RWFg4r4BHSQS6MMbU4pCrbT5Rke+JmUssY="},"chainType":1,"messageKeys":{}}},"pendingPreKey":{"signedKeyId":1,"baseKey":"BZEKYpZAbFSyrk+pu6XSPQkEl4D8UnmIw+mx0c2WADI+","preKeyId":5656183}}},"version":"v1"}