{"_sessions":{"BX1/x7iVpheChas4x84jchFhDmH8XkyeN4imFcwz41Ys":{"registrationId":1093411292,"currentRatchet":{"ephemeralKeyPair":{"pubKey":"BdJtQwyAB4VEnu8HTmZ5q84izOtcaCwKxxWT1c6yEE9/","privKey":"YEKzWNrhb5mCFyOJRPgdZc4Yd314Nh93PNclFepKv0o="},"lastRemoteEphemeralKey":"BenBvlBlSqHdmLlH9zKDR+yO3aVZWIbsyk6J3xruvPZR","previousCounter":0,"rootKey":"gPTJXJ0CbvRfnfN6gaEGHC++SJrUevTIhE2v5gGvtfY="},"indexInfo":{"baseKey":"BX1/x7iVpheChas4x84jchFhDmH8XkyeN4imFcwz41Ys","baseKeyType":1,"closed":-1,"used":1703296480490,"created":1703296480490,"remoteIdentityKey":"BUdQdACWyUIvHNFoTXM8aC8wHJQcFLokJGHdkjAc+14M"},"_chains":{"BdJtQwyAB4VEnu8HTmZ5q84izOtcaCwKxxWT1c6yEE9/":{"chainKey":{"counter":6,"key":"PGhykvZiFeMLoYA5me8F49Zr3zgSyUZzpv9PGPIlOM8="},"chainType":1,"messageKeys":{}}},"pendingPreKey":{"signedKeyId":13,"baseKey":"BX1/x7iVpheChas4x84jchFhDmH8XkyeN4imFcwz41Ys","preKeyId":4660196}}},"version":"v1"}