{"_sessions":{"BRW6Z19OdIdqrUJTFnwTFEHvsIEXXlMGUepXD0gfQJg9":{"registrationId":123901423,"currentRatchet":{"ephemeralKeyPair":{"pubKey":"BX6ktqsGwVSmoP4dwrKCT5oVMuWoU9w8mclhLzp0r7I7","privKey":"cOkIf0cl/Tj1aE8UAcdqzfDqCMN8fRFHwmGOZdMQd0g="},"lastRemoteEphemeralKey":"BVxidi56SwBS208FTefyXeEyBMDJIfcYZYuNsnIqBpw5","previousCounter":0,"rootKey":"JNvyDuunaciexzAOsRhjVyeCfi80QoBveGt+MH+EXh4="},"indexInfo":{"baseKey":"BRW6Z19OdIdqrUJTFnwTFEHvsIEXXlMGUepXD0gfQJg9","baseKeyType":1,"closed":-1,"used":1703296481912,"created":1703296481912,"remoteIdentityKey":"BZ/s96g8OiXn8qK2XJJoK2oFPcsORXxOj+jF7hLahUgn"},"_chains":{"BX6ktqsGwVSmoP4dwrKCT5oVMuWoU9w8mclhLzp0r7I7":{"chainKey":{"counter":6,"key":"l86zRU4A5zmMOAdVHe96bdTRVHH/APJi7UplLSjIakc="},"chainType":1,"messageKeys":{}}},"pendingPreKey":{"signedKeyId":6,"baseKey":"BRW6Z19OdIdqrUJTFnwTFEHvsIEXXlMGUepXD0gfQJg9","preKeyId":14305509}}},"version":"v1"}