{"_sessions":{"BXkfChfqbi3acCQYEonJ+cg8TjU8WB5+MDd5TLODD258":{"registrationId":980192909,"currentRatchet":{"ephemeralKeyPair":{"pubKey":"BbHxa0FQGPRdbZJHFTG7u4ZgT41JmAtia54D34C3xoY0","privKey":"yAV7Cvm3IHvrngXUobM0gafMwVg3kV//vg49/pYhok8="},"lastRemoteEphemeralKey":"BVN9xbzoPnjphdrHbn3wmXwHOVy5aiTdXgd+/DnsBFh6","previousCounter":0,"rootKey":"qD4fIpaZg63TldWqFLafoj03AZOu9gHXXpvIiucXNtA="},"indexInfo":{"baseKey":"BXkfChfqbi3acCQYEonJ+cg8TjU8WB5+MDd5TLODD258","baseKeyType":1,"closed":-1,"used":1703296482447,"created":1703296482447,"remoteIdentityKey":"BTJvI2kfaHbPvznV6Vy/zq1wBgkxda+BBt9bMjn5o2QI"},"_chains":{"BbHxa0FQGPRdbZJHFTG7u4ZgT41JmAtia54D34C3xoY0":{"chainKey":{"counter":6,"key":"MeGUfmhTE8rfoYMkW4B8eXgQ8tP/183k/jEoEkJyy1U="},"chainType":1,"messageKeys":{}}},"pendingPreKey":{"signedKeyId":5,"baseKey":"BXkfChfqbi3acCQYEonJ+cg8TjU8WB5+MDd5TLODD258","preKeyId":2904052}}},"version":"v1"}