{"_sessions":{"BZvqB48c3aR6iufHulkhYS5JH5RjzH4JHQUYhVTPmJpq":{"registrationId":1709393207,"currentRatchet":{"ephemeralKeyPair":{"pubKey":"BSy4sqwod4vaDAwHWxh33r1oiW3ZPODnY7n32iS3/GcB","privKey":"cLqBhuwGGOX/+3otOqBnMPfUvF3l2+Egw8Fs1/Yw9lE="},"lastRemoteEphemeralKey":"BV+24ZYERRwcTQinZ0UAjCwAvoukLPD8efRDpNWLe5sI","previousCounter":0,"rootKey":"K6WdMro4iBizcdWZu57sKrdtFUkU75QaiSNvkESYojo="},"indexInfo":{"baseKey":"BZvqB48c3aR6iufHulkhYS5JH5RjzH4JHQUYhVTPmJpq","baseKeyType":1,"closed":-1,"used":1703296480534,"created":1703296480534,"remoteIdentityKey":"BeV0RgiN7bTLwFMNb0dWn+gR+SzrAVgbBroOW4A5pOUC"},"_chains":{"BSy4sqwod4vaDAwHWxh33r1oiW3ZPODnY7n32iS3/GcB":{"chainKey":{"counter":6,"key":"I/lan7UE3/F0tF97Wc/eDp/8Ln3ZgnyWj3mknYQmzyI="},"chainType":1,"messageKeys":{}}},"pendingPreKey":{"signedKeyId":3,"baseKey":"BZvqB48c3aR6iufHulkhYS5JH5RjzH4JHQUYhVTPmJpq","preKeyId":4468537}}},"version":"v1"}