{"_sessions":{"BcnJoVT4vNKomQ8XrXd3WtFl22g+GrpykEpICg+QJlhG":{"registrationId":887712315,"currentRatchet":{"ephemeralKeyPair":{"pubKey":"BXl7+/3NrKbrjIc8RQ3Dk6KUjq3LZZU+cWnWa5rUU3Me","privKey":"wLm5D1UncTr9ASnNZMemgVkNMmj8Xv4uTFjbviSAtE8="},"lastRemoteEphemeralKey":"BbZ+y6WDc2UnIMah4qR+7McRBp2N/lwjySUeCdLyWrgL","previousCounter":0,"rootKey":"gd5TCLoUtHzaLOzUJ1IQ3R2k3bz2jX0T/m9WQw6oeUY="},"indexInfo":{"baseKey":"BcnJoVT4vNKomQ8XrXd3WtFl22g+GrpykEpICg+QJlhG","baseKeyType":1,"closed":-1,"used":1703296482287,"created":1703296482287,"remoteIdentityKey":"BTrUbMlCahjcNGdpV9hpBvnyHCXY4N3H6rtkyVESgTdA"},"_chains":{"BXl7+/3NrKbrjIc8RQ3Dk6KUjq3LZZU+cWnWa5rUU3Me":{"chainKey":{"counter":6,"key":"8S5SzSnz0h+8xouhqRM7u1h4ZJxwp1kUVRtLMaUzAO4="},"chainType":1,"messageKeys":{}}},"pendingPreKey":{"signedKeyId":6,"baseKey":"BcnJoVT4vNKomQ8XrXd3WtFl22g+GrpykEpICg+QJlhG","preKeyId":5024715}}},"version":"v1"}