{"_sessions":{"Ba+91nCq1J0sIQ2VGoHCJeQHSLISS8y4KJ3K/1Km1Lsx":{"registrationId":1496744454,"currentRatchet":{"ephemeralKeyPair":{"pubKey":"BWfcAYohE0uxuGwhyubi7RWFalt/CI+b9W3TOmzqT/Zn","privKey":"iNRCRfWlWtXWLuNwN9pvcpyg33PvQ+V5d6lyiJSMm2M="},"lastRemoteEphemeralKey":"Bd5upZSFSuxmawy5JHMRPwq3XFxdiIRYLUfDA7zrJjo9","previousCounter":0,"rootKey":"ugiw2+/9p+r5pyhh08w5XexAs0A4QwRhz21rCwf+S1s="},"indexInfo":{"baseKey":"Ba+91nCq1J0sIQ2VGoHCJeQHSLISS8y4KJ3K/1Km1Lsx","baseKeyType":1,"closed":-1,"used":1703296480889,"created":1703296480889,"remoteIdentityKey":"Bf4hEaI/aJuH3zty3ch4ywuMNFQHq9Wj7Y7DhJ5Gzj8b"},"_chains":{"BWfcAYohE0uxuGwhyubi7RWFalt/CI+b9W3TOmzqT/Zn":{"chainKey":{"counter":6,"key":"60LXDQopycjnbuooq2rrqaq/D2kTq+r3jqSBECkSv6k="},"chainType":1,"messageKeys":{}}},"pendingPreKey":{"signedKeyId":1,"baseKey":"Ba+91nCq1J0sIQ2VGoHCJeQHSLISS8y4KJ3K/1Km1Lsx","preKeyId":6004402}}},"version":"v1"}