{"_sessions":{"BVD1QTw4mIMSKbVSoRndsoNnOGT+qQ9+O9o9M+yLFTNy":{"registrationId":1068557406,"currentRatchet":{"ephemeralKeyPair":{"pubKey":"BUE9uLPQPmmHGWntR4heTDHzp5Aa6m6fXldbbfg/vKEh","privKey":"yFKH3OQAXzUyNhgNDdd0IM4h71VmK6DJy39SKhwCGFw="},"lastRemoteEphemeralKey":"BW3hXO8znPFtPX3A0TR36ST3p4Ob+hbfwVy6TMq+vkxz","previousCounter":10,"rootKey":"zaZBI8VrDg8e6Nvojs4KEGjXu3PDfabIYtpoB1a/YdM="},"indexInfo":{"baseKey":"BVD1QTw4mIMSKbVSoRndsoNnOGT+qQ9+O9o9M+yLFTNy","baseKeyType":1,"closed":-1,"used":1703384349191,"created":1703322489768,"remoteIdentityKey":"BbDjPulOAjcAyz3P3/nHTbIVYdhFzW4u+xHyfLbc2fID"},"_chains":{"BW3hXO8znPFtPX3A0TR36ST3p4Ob+hbfwVy6TMq+vkxz":{"chainKey":{"counter":0,"key":"MtnkTwS2OzCPyHik0qAwtuIdq0tc7A7dIB75bRLpY/0="},"chainType":2,"messageKeys":{}},"BUE9uLPQPmmHGWntR4heTDHzp5Aa6m6fXldbbfg/vKEh":{"chainKey":{"counter":-1,"key":"oBNnqrLSmjwBl/02kqudjvzsPq3/8uRKEh6jUU/I04k="},"chainType":1,"messageKeys":{}}}}},"version":"v1"}