{"_sessions":{"BTamGXEJHYQU5mlGdm2Qs9j6cCJOK2Q9gFLMZJqqYBtZ":{"registrationId":139871797,"currentRatchet":{"ephemeralKeyPair":{"pubKey":"BfcXutlQfLJzZZhFFMcL8Dv/2fW2fcAqlrCAsZOO6dQT","privKey":"SL/RHCtFOnfFYnw7El2UyQz+oMP0Aj0SG9kaST1Cs0c="},"lastRemoteEphemeralKey":"BSHPGjZ2Dll6jpVcb0zOAbVtBlK6gZ/UtOo1FN50fKVJ","previousCounter":0,"rootKey":"ThMZ0nZTj4VgI+obSMFDUuCdHuzXOVfMxrHgYvpBR3c="},"indexInfo":{"baseKey":"BTamGXEJHYQU5mlGdm2Qs9j6cCJOK2Q9gFLMZJqqYBtZ","baseKeyType":1,"closed":-1,"used":1703322489773,"created":1703322489773,"remoteIdentityKey":"Bbze9kAqOleIBwsaZxW9a1j9CUVKYR4Eqdibl7FS1+UG"},"_chains":{"BfcXutlQfLJzZZhFFMcL8Dv/2fW2fcAqlrCAsZOO6dQT":{"chainKey":{"counter":10,"key":"silrcbIlkfEMMyj6RhkSX4qA0n2GmvxkRJtI1qRlU7M="},"chainType":1,"messageKeys":{}}},"pendingPreKey":{"signedKeyId":0,"baseKey":"BTamGXEJHYQU5mlGdm2Qs9j6cCJOK2Q9gFLMZJqqYBtZ","preKeyId":11174263}}},"version":"v1"}