{"_sessions":{"BX02eODye3O06Ylf95wN5qAZy55zEdvzbThAIf2xVYgG":{"registrationId":71658555,"currentRatchet":{"ephemeralKeyPair":{"pubKey":"BSl86qBkOaup3e3vjJcPQjNsYi8RCScjAAg48r7alFZ1","privKey":"kLoeHpleSpOPk7Aw982nr7mDeO7AaByi2I3DqP4L6n0="},"lastRemoteEphemeralKey":"BQ5OpvFzln3QqdljBwpDnnhY1kEqATKpFJhQnyV/gEwV","previousCounter":0,"rootKey":"HvsjRL6DYEUKU/gzZ2l+pUdxL8Eko7edMHZPVEHbz98="},"indexInfo":{"baseKey":"BX02eODye3O06Ylf95wN5qAZy55zEdvzbThAIf2xVYgG","baseKeyType":1,"closed":-1,"used":1703296482132,"created":1703296482132,"remoteIdentityKey":"BbntDiRy8FvORGXEYoxqSuZhjkcbkJansVg2t4ZZtYYV"},"_chains":{"BSl86qBkOaup3e3vjJcPQjNsYi8RCScjAAg48r7alFZ1":{"chainKey":{"counter":6,"key":"Tpv0oBXOjnh3Drr1SIFe+WOX4avj4rU5791dVcqRJLE="},"chainType":1,"messageKeys":{}}},"pendingPreKey":{"signedKeyId":1,"baseKey":"BX02eODye3O06Ylf95wN5qAZy55zEdvzbThAIf2xVYgG","preKeyId":16092905}}},"version":"v1"}