{"_sessions":{"BajRV2IsQYmcvyu9ApzH4yDgyAV8Y+AaIwJs8NiqYUoM":{"registrationId":1823338925,"currentRatchet":{"ephemeralKeyPair":{"pubKey":"BYv8/TJFJBG58FTrZpSNj4T22YsLX0qD6+LSKd+btMdB","privKey":"+FlcLhq4qfz5U1lPk3ow7YksOUn0RixD43FKeQOsPms="},"lastRemoteEphemeralKey":"BcENt0aGXd91fY54ID7zpDWParbEbXdxNQUyvKFrmDkX","previousCounter":0,"rootKey":"lh9+DZYEdxNsgQh/qcqyOw2nXY0aQxRfB//szUAnbgY="},"indexInfo":{"baseKey":"BajRV2IsQYmcvyu9ApzH4yDgyAV8Y+AaIwJs8NiqYUoM","baseKeyType":1,"closed":-1,"used":1703296481860,"created":1703296481860,"remoteIdentityKey":"BQOGIDA9bJRrnXza7rtfBYtGdfg/x5MtgzQFBryuCzge"},"_chains":{"BYv8/TJFJBG58FTrZpSNj4T22YsLX0qD6+LSKd+btMdB":{"chainKey":{"counter":6,"key":"fMw5VTEEhDfy2Jb5VgYXQtN69RtOe8zAhZENleogcuA="},"chainType":1,"messageKeys":{}}},"pendingPreKey":{"signedKeyId":0,"baseKey":"BajRV2IsQYmcvyu9ApzH4yDgyAV8Y+AaIwJs8NiqYUoM","preKeyId":9755931}}},"version":"v1"}