{"_sessions":{"BWOKrOWQCt5gG4FPnaImWnx9/D2GoFhZE6ZEC7KlC8hU":{"registrationId":6552,"currentRatchet":{"ephemeralKeyPair":{"pubKey":"BWbEr2GCR8yK2kJNiu3slMo1dQ8NeKXB3d3CCZOjC2km","privKey":"CKfGR6ALfxWXyOnojg0oYXameB36y1zgd/338tzj0Uo="},"lastRemoteEphemeralKey":"Bc4T7v4Hf6mbZtDkigfb4D8vR2XonBu+DYXbFj7H++Q4","previousCounter":0,"rootKey":"etoBUuYPhwpJ8SQWhRHjuFPTa3XQlWkn1JvxnoaxeWg="},"indexInfo":{"baseKey":"BWOKrOWQCt5gG4FPnaImWnx9/D2GoFhZE6ZEC7KlC8hU","baseKeyType":1,"closed":-1,"used":1703296479996,"created":1703296479996,"remoteIdentityKey":"Ba0s+Bs2poguxh0gIv5UQrWO6GmIhyInhHERhWeCkRYX"},"_chains":{"BWbEr2GCR8yK2kJNiu3slMo1dQ8NeKXB3d3CCZOjC2km":{"chainKey":{"counter":6,"key":"wHKdxZN2dw87EY2OIqb0c8LHapABaWsnQGa6fNhhmhc="},"chainType":1,"messageKeys":{}}},"pendingPreKey":{"signedKeyId":1,"baseKey":"BWOKrOWQCt5gG4FPnaImWnx9/D2GoFhZE6ZEC7KlC8hU","preKeyId":1730}}},"version":"v1"}