{"_sessions":{"BY7nx8siWyN2xBPJF0H7iTAUD3rpbqtsOju+hWztJ0FN":{"registrationId":458770674,"currentRatchet":{"ephemeralKeyPair":{"pubKey":"BQ8me/3DAffivVMpyfld4WVJbL3XP1rZSvsMVD/qj8lT","privKey":"SGD8Slt9S60u8vdzNhd4D0ScwqLD8Kr0qYcIdgLDNm0="},"lastRemoteEphemeralKey":"BfqLUnCNTFdpiAP5FnrpM2I/8NkQbUTH432qIM/z25JK","previousCounter":0,"rootKey":"a0l1l8IVhR77DZHGT4TbRuSHzA264NP+Awk4SbfxA3s="},"indexInfo":{"baseKey":"BY7nx8siWyN2xBPJF0H7iTAUD3rpbqtsOju+hWztJ0FN","baseKeyType":1,"closed":-1,"used":1703298462227,"created":1703298462227,"remoteIdentityKey":"BdPuMFSx8klvRueMDwNyzGAsJ5v63Nd/odGj3gI7+ggB"},"_chains":{"BQ8me/3DAffivVMpyfld4WVJbL3XP1rZSvsMVD/qj8lT":{"chainKey":{"counter":2,"key":"NchZ1g60JMWrjOoHW+fCjqzbZ+bnT7N1rrR8JMte7cY="},"chainType":1,"messageKeys":{}}},"pendingPreKey":{"signedKeyId":12,"baseKey":"BY7nx8siWyN2xBPJF0H7iTAUD3rpbqtsOju+hWztJ0FN","preKeyId":6812546}}},"version":"v1"}