{"_sessions":{"BfY35WKHepo+lZcTOshqQBFpZ6mkRHQsALJwuQZTrL1s":{"registrationId":1457047741,"currentRatchet":{"ephemeralKeyPair":{"pubKey":"BQMaGbW/ce4jvbGcmt28HEaXqjCN9lz9DI2s/V1mHDkB","privKey":"6KyoKvt1m1l4xGdMx8ytAIhvjTGfyOqIaJDA9Hmb6FA="},"lastRemoteEphemeralKey":"BRzzdntfuuFxE+sf3oYLm3IlSYCbljSSXkKa7xfeLFkn","previousCounter":0,"rootKey":"AqhZeInhk1CkhkFUZTJO5IIPmwVOQ4kD4xThHhjhfaI="},"indexInfo":{"baseKey":"BfY35WKHepo+lZcTOshqQBFpZ6mkRHQsALJwuQZTrL1s","baseKeyType":1,"closed":-1,"used":1703296482141,"created":1703296482141,"remoteIdentityKey":"BRdConc2g4b5LAy3fPshGG8BR/reQ23GATXsFx/W/B0u"},"_chains":{"BQMaGbW/ce4jvbGcmt28HEaXqjCN9lz9DI2s/V1mHDkB":{"chainKey":{"counter":6,"key":"fJeBSYnR7MlPtEtGr/8vAflJ5zkxOpXsP8/0th4pmRM="},"chainType":1,"messageKeys":{}}},"pendingPreKey":{"signedKeyId":3,"baseKey":"BfY35WKHepo+lZcTOshqQBFpZ6mkRHQsALJwuQZTrL1s","preKeyId":297953}}},"version":"v1"}