{"_sessions":{"BYOhztQgd9IsnvLfZi71kU/uWAPogL0U0yRM56oXfAYe":{"registrationId":1945586315,"currentRatchet":{"ephemeralKeyPair":{"pubKey":"BWuHaurzTWalW2FAiYq6EZuv15sC30owi9SVUsqULO5T","privKey":"iCQoMQIY+Hyh7ljX9X0BFqunW8tqOOs3qahF3spVdHE="},"lastRemoteEphemeralKey":"BdM3181LlI30VS7Ur4NS6W5siaz8uxu7NvDOOBZFyBAT","previousCounter":0,"rootKey":"7zpNK+P96N4edPnU4x3J3BkO3D+e34jWnBsjMIJe9hU="},"indexInfo":{"baseKey":"BYOhztQgd9IsnvLfZi71kU/uWAPogL0U0yRM56oXfAYe","baseKeyType":1,"closed":-1,"used":1703296482475,"created":1703296482475,"remoteIdentityKey":"BVNDFCkUBBQ75t/NAXT8UonP06/n1NjxYqT/6TsRYi8h"},"_chains":{"BWuHaurzTWalW2FAiYq6EZuv15sC30owi9SVUsqULO5T":{"chainKey":{"counter":17,"key":"LIbYVeu1ByfCHqmFW/1VjaLPRbimc1o47CEHG+ke7Ko="},"chainType":1,"messageKeys":{}}},"pendingPreKey":{"signedKeyId":2,"baseKey":"BYOhztQgd9IsnvLfZi71kU/uWAPogL0U0yRM56oXfAYe","preKeyId":3654689}}},"version":"v1"}