{"_sessions":{"BW83k7LxoJB7zmy0YVwuhi1GyVTU/wL1C8Ey3kCSFSw3":{"registrationId":1980672742,"currentRatchet":{"ephemeralKeyPair":{"pubKey":"BYx+8Os5AA46DYE4FqYOwZ/F46Ohz40tnTNZI6bWr7lY","privKey":"QPUZU5e8mbvaDVZdmEzLf6gPndWkPkpRcIWCFWPO7Fo="},"lastRemoteEphemeralKey":"BbL6Aw1+der6gWofJVCIX6yA3OW/JIoSI2dQKii3919B","previousCounter":0,"rootKey":"pb6+90vWLbinTJ+qiM6YNxK46g4uNdsNOhhxNsn/8E8="},"indexInfo":{"baseKey":"BW83k7LxoJB7zmy0YVwuhi1GyVTU/wL1C8Ey3kCSFSw3","baseKeyType":1,"closed":-1,"used":1703296482297,"created":1703296482297,"remoteIdentityKey":"BfagpA8ZVygSPTkthDTJZ6/mB2UP0MQqn9pMmsohiQce"},"_chains":{"BYx+8Os5AA46DYE4FqYOwZ/F46Ohz40tnTNZI6bWr7lY":{"chainKey":{"counter":6,"key":"u8MgB9fZ+l1hBIWjj7DFUbrf0LLmf7XAklwolJ3bvlw="},"chainType":1,"messageKeys":{}}},"pendingPreKey":{"signedKeyId":0,"baseKey":"BW83k7LxoJB7zmy0YVwuhi1GyVTU/wL1C8Ey3kCSFSw3"}}},"version":"v1"}