{"_sessions":{"Bb8Mxw7A9F1MOANiyqdcskljvZuGagvn2EYrIm6gR9U1":{"registrationId":535202667,"currentRatchet":{"ephemeralKeyPair":{"pubKey":"BV+MXlIj0SYDLuGhp5fJNcN0oIquEjB/jRNbQ2Y+Lht7","privKey":"2PfToQg4tum4Ef53Vp5wQjea2+eoCz4trUrVaihEeXY="},"lastRemoteEphemeralKey":"BcZL3rbXVMma3VFZlK8tfYK8XIXs11EvM0hs1c2Y3shT","previousCounter":0,"rootKey":"A7AGeKrBzlKmCMDW6VS+h5NN/wuWYJlScyPLuyBSHMM="},"indexInfo":{"baseKey":"Bb8Mxw7A9F1MOANiyqdcskljvZuGagvn2EYrIm6gR9U1","baseKeyType":1,"closed":-1,"used":1703296482398,"created":1703296482398,"remoteIdentityKey":"BZf8FnP77Z9Bo2sSpvMDs4rKLrniOXMiv5/JxiFLgfQ1"},"_chains":{"BV+MXlIj0SYDLuGhp5fJNcN0oIquEjB/jRNbQ2Y+Lht7":{"chainKey":{"counter":6,"key":"S3oAkL+VodbfERr9coTL6dFFVwetL2Thtwd49xwqc7g="},"chainType":1,"messageKeys":{}}},"pendingPreKey":{"signedKeyId":6,"baseKey":"Bb8Mxw7A9F1MOANiyqdcskljvZuGagvn2EYrIm6gR9U1","preKeyId":12317455}}},"version":"v1"}