{"_sessions":{"BWfG1YbYTZzcDb3s+cWrFLGd53ojEQox275Xz5fRffpA":{"registrationId":2095376179,"currentRatchet":{"ephemeralKeyPair":{"pubKey":"BYSLXdgLTe4TldVKpoL/4zs47HqCOkpFf3INAhedm+8+","privKey":"wPBWazXGW4KRq7xV3e9jA8DoqwehSITKcIxvdbzkrk0="},"lastRemoteEphemeralKey":"Bd8Y4EY5lFcjvFfQ0bTMVReqPiJHhu+jCnsLhjvvJsR2","previousCounter":0,"rootKey":"JVkHYXJh+sThKX/O0jBc4osW/csLWCqjlh6NXI+jB/I="},"indexInfo":{"baseKey":"BWfG1YbYTZzcDb3s+cWrFLGd53ojEQox275Xz5fRffpA","baseKeyType":1,"closed":-1,"used":1703322489734,"created":1703322489734,"remoteIdentityKey":"BdbhoAGvGzxnN3Ux3vloF4NBpChkW1RJ1Vbn2lZoEVgB"},"_chains":{"BYSLXdgLTe4TldVKpoL/4zs47HqCOkpFf3INAhedm+8+":{"chainKey":{"counter":10,"key":"cB1SgXEPdZk3xc7VC8dBw425FuUYWFryNpDGcqv8Y7g="},"chainType":1,"messageKeys":{}}},"pendingPreKey":{"signedKeyId":1,"baseKey":"BWfG1YbYTZzcDb3s+cWrFLGd53ojEQox275Xz5fRffpA","preKeyId":4847512}}},"version":"v1"}