{"_sessions":{"BQTqOf/q1GJ+9MiBFGeziPZFHlp0XUsW9Gai7ZGgint4":{"registrationId":999776639,"currentRatchet":{"ephemeralKeyPair":{"pubKey":"Begulz3t1AUvQohFLxL26HiOgk1l9gIZjFOlFaDz3wEk","privKey":"MEqrd7i/ayvVLRHY169JjVZbJV+IxjHtz3IYPZSS6Uo="},"lastRemoteEphemeralKey":"BZ5PKpRjUleTN+BVI28A0O2rJ2VL/AELCPlP/M6W8Ygm","previousCounter":0,"rootKey":"Lzp1CEMiV/MJcTpSvLvaEcg+TYWWJL98RaQziVtZPic="},"indexInfo":{"baseKey":"BQTqOf/q1GJ+9MiBFGeziPZFHlp0XUsW9Gai7ZGgint4","baseKeyType":2,"closed":-1,"used":1703306306624,"created":1703306306624,"remoteIdentityKey":"BUdWuGTAmkxTL2BM/ianHMBKCD8DsoXPVo75Auznef4G"},"_chains":{"BZ5PKpRjUleTN+BVI28A0O2rJ2VL/AELCPlP/M6W8Ygm":{"chainKey":{"counter":2,"key":"xYU5NwQfk87PBEtrceXu7qCPOlqx5V209Xy2zR1Uwvk="},"chainType":2,"messageKeys":{}},"Begulz3t1AUvQohFLxL26HiOgk1l9gIZjFOlFaDz3wEk":{"chainKey":{"counter":-1,"key":"MefJQC/Xp17lCDUjos4TdqnIXYUpPeI44TWVHXxoruE="},"chainType":1,"messageKeys":{}}}}},"version":"v1"}