{"_sessions":{"BfW0yNQnL8vW3ukeO7/nNzwUJVMzCgp5WUaZnISibWEh":{"registrationId":423004549,"currentRatchet":{"ephemeralKeyPair":{"pubKey":"BVklXLtdU1ObLbUP1CCU/AbvlCjeX5HKtGrjzDdp26hH","privKey":"kHHi1QNOZEY+wT1CrRclqPLTXr6H66o/i0H3PF40O1U="},"lastRemoteEphemeralKey":"BaPgSZm3ylVx1ArI5468ay6qarjy4ZvJ0WiPgK1qYVgD","previousCounter":0,"rootKey":"lWQynTZrDtSbWUX2s1bhDyUMupBdS6c4ZbpS9gObYC4="},"indexInfo":{"baseKey":"BfW0yNQnL8vW3ukeO7/nNzwUJVMzCgp5WUaZnISibWEh","baseKeyType":1,"closed":-1,"used":1703296482240,"created":1703296482240,"remoteIdentityKey":"BTfkC12DDNkcM+NZnRa4yxgtDi6GyBbA0rjhXuQfPrRT"},"_chains":{"BVklXLtdU1ObLbUP1CCU/AbvlCjeX5HKtGrjzDdp26hH":{"chainKey":{"counter":6,"key":"9BsaW+W0JY4BK4FrK1BoOlKCX/KPG+jNJL8atabTn0c="},"chainType":1,"messageKeys":{}}},"pendingPreKey":{"signedKeyId":10,"baseKey":"BfW0yNQnL8vW3ukeO7/nNzwUJVMzCgp5WUaZnISibWEh","preKeyId":9327426}}},"version":"v1"}