{"_sessions":{"BQFR/BqsQ8eEEppkAB8mA7RFWVcdZ+TAEMc7QGi5tIgQ":{"registrationId":1805985707,"currentRatchet":{"ephemeralKeyPair":{"pubKey":"BVFHqULQN8gSMa78SOpmYgCZ9OjfHPuhoAp/Z5f2XoNm","privKey":"UFUu2rXhSypWe/Lv/1n4BNeDTVEtFsihLvtnkXyCfmY="},"lastRemoteEphemeralKey":"BRuhuKT9saoHEzbLg2vmd7VJZGp/2B7mxdCE33pWvxUI","previousCounter":0,"rootKey":"F2/WrJNTXwmxtN/ZNto5TD/AMpURhLhDIpdjy7rAW9c="},"indexInfo":{"baseKey":"BQFR/BqsQ8eEEppkAB8mA7RFWVcdZ+TAEMc7QGi5tIgQ","baseKeyType":1,"closed":-1,"used":1703298462187,"created":1703298462187,"remoteIdentityKey":"BUEBg1DHYh/+t6wQHO6hOuKh2jgi8thVIEQ7U1XlSaQ3"},"_chains":{"BVFHqULQN8gSMa78SOpmYgCZ9OjfHPuhoAp/Z5f2XoNm":{"chainKey":{"counter":2,"key":"PzfL9cPko79wvm0odqZXZBQ+AOTXj1S2ZPPCKQ0uY44="},"chainType":1,"messageKeys":{}}},"pendingPreKey":{"signedKeyId":6,"baseKey":"BQFR/BqsQ8eEEppkAB8mA7RFWVcdZ+TAEMc7QGi5tIgQ","preKeyId":16171984}}},"version":"v1"}