{"_sessions":{"Bdv80trxScmgNq2dT4PoIQigaxFWneKiNMbDUfaw0lNu":{"registrationId":928452282,"currentRatchet":{"ephemeralKeyPair":{"pubKey":"BdYXONDi2N5O3HVaGEfQvpYDjmkBmC7JH5Qv1Muxxh0Q","privKey":"oA/KXPCbBOOG5tWGOLGNSPZfnORbVo1hhxYKjIXy2Xk="},"lastRemoteEphemeralKey":"BfYHE+TPoOqq7NN8KIfUQB2ZQ0wqqvF2Rb7v+SlopSYR","previousCounter":0,"rootKey":"GTTTzgGb4QZ4/h7gabcm46/cPKb5bIR/v7e0qIZOaF0="},"indexInfo":{"baseKey":"Bdv80trxScmgNq2dT4PoIQigaxFWneKiNMbDUfaw0lNu","baseKeyType":1,"closed":-1,"used":1703296481947,"created":1703296481947,"remoteIdentityKey":"BUNT12tMBQXNZJTIfoRrz+7qg3rsozrZEhnvMBt+F01l"},"_chains":{"BdYXONDi2N5O3HVaGEfQvpYDjmkBmC7JH5Qv1Muxxh0Q":{"chainKey":{"counter":6,"key":"Y7A9ObUoPANze3o8n9lHUe3+kkfN/8vJyT2sNrtc7c8="},"chainType":1,"messageKeys":{}}},"pendingPreKey":{"signedKeyId":21,"baseKey":"Bdv80trxScmgNq2dT4PoIQigaxFWneKiNMbDUfaw0lNu","preKeyId":10818406}}},"version":"v1"}