{"_sessions":{"BcXM17rAuzGe+It8FbSNRkTt8zPsxLTLfK8MrdZxdNIY":{"registrationId":1449556246,"currentRatchet":{"ephemeralKeyPair":{"pubKey":"BeeVOj8/YTM5VoUBgtQvOSXHdT71zI0Ha76jqpWjq15l","privKey":"2ARTN2HHszAug7t4U/Y5J3yjkpE2Ew522PFNRGU0Vl0="},"lastRemoteEphemeralKey":"BbAgvnJwqZgigcwFbHQQEazqIsYttpUvaCWGX0zqrNZj","previousCounter":0,"rootKey":"NAb+gOllrGCRJpo/Qygu+2CCTxWwzHcRhDvMPePFxH8="},"indexInfo":{"baseKey":"BcXM17rAuzGe+It8FbSNRkTt8zPsxLTLfK8MrdZxdNIY","baseKeyType":1,"closed":-1,"used":1703296480878,"created":1703296480878,"remoteIdentityKey":"Bbb9pJvUeJkks5NXM6vZIvqo1gq4rtWdp0PbE8JVaeAO"},"_chains":{"BeeVOj8/YTM5VoUBgtQvOSXHdT71zI0Ha76jqpWjq15l":{"chainKey":{"counter":6,"key":"nvUH15g/2DSiaT9aE7nzBNpdVsksFJk5mQ86dkmK+hY="},"chainType":1,"messageKeys":{}}},"pendingPreKey":{"signedKeyId":5,"baseKey":"BcXM17rAuzGe+It8FbSNRkTt8zPsxLTLfK8MrdZxdNIY","preKeyId":14372427}}},"version":"v1"}