{"_sessions":{"BdtCs/Y888pjyDlDZJVgDRLhNK8omu1yfllA6le22ENU":{"registrationId":1458264975,"currentRatchet":{"ephemeralKeyPair":{"pubKey":"BS3fcQOs1Ea212h6MD6biYE4Ccg3iMO1O546I2mY72cH","privKey":"MN+z9CDVDMIZMj1QiZm00Wz+lpKzqS+g33PlJiEBxGQ="},"lastRemoteEphemeralKey":"BSXOIoDtejsNFI8ZwYjTYA+dZoinkfSUkEAJK4wXsRss","previousCounter":2,"rootKey":"mx5LTey18/pzK3kmKG/taafWrQzptmHKeKvpngSZf1E="},"indexInfo":{"baseKey":"BdtCs/Y888pjyDlDZJVgDRLhNK8omu1yfllA6le22ENU","baseKeyType":1,"closed":-1,"used":1703308811759,"created":1703296482387,"remoteIdentityKey":"BQGySqINgGwavNVdm2KesPuimsgl1B/aveVzqnQfz+Qu"},"_chains":{"BSXOIoDtejsNFI8ZwYjTYA+dZoinkfSUkEAJK4wXsRss":{"chainKey":{"counter":0,"key":"UqbsSY8TTAoXxXkqFjjiN3P37BpmZOaRa0omCUyDmrI="},"chainType":2,"messageKeys":{}},"BS3fcQOs1Ea212h6MD6biYE4Ccg3iMO1O546I2mY72cH":{"chainKey":{"counter":3,"key":"5Tgt2LwoM5P29H+QkeLV845LvG+lMnr6X/US1OC9lmg="},"chainType":1,"messageKeys":{}}}}},"version":"v1"}