{"_sessions":{"Be4qeR6e6peZ/QDuCTRxB7x/MoZCRTu45Cc983I3+/cy":{"registrationId":1351154224,"currentRatchet":{"ephemeralKeyPair":{"pubKey":"BdhpqcnzgS7BHHsH6PnpsFFVhcnXF0w/in+xnr9YEp4P","privKey":"4Gs8gIxssaCliMgYPBP5jbK5nCcqPxI7uZACX0PyhUo="},"lastRemoteEphemeralKey":"BU/7T/Aw+ahrA0u0M6a3pGlGshnelwB6CVLjZJQJKesR","previousCounter":10,"rootKey":"gPHxB4qWTX92xrzFmu3XjWL9Pv/48xm5CoR8wZn4QRM="},"indexInfo":{"baseKey":"Be4qeR6e6peZ/QDuCTRxB7x/MoZCRTu45Cc983I3+/cy","baseKeyType":1,"closed":-1,"used":1703384344534,"created":1703322489835,"remoteIdentityKey":"BdySS7NxLZopKJXG2b63APThLz0RId+xRVMUakxZUKIR"},"_chains":{"BU/7T/Aw+ahrA0u0M6a3pGlGshnelwB6CVLjZJQJKesR":{"chainKey":{"counter":1,"key":"0sr+ChwP7cbxuADtQwT0LCcFqq2v1MDvJjJp4BxNCkk="},"chainType":2,"messageKeys":{}},"BdhpqcnzgS7BHHsH6PnpsFFVhcnXF0w/in+xnr9YEp4P":{"chainKey":{"counter":-1,"key":"K3A/+3gbgx8k7Q1kbHcCv24eGdGBkqAyUF3oCL73je4="},"chainType":1,"messageKeys":{}}}}},"version":"v1"}