{"_sessions":{"BWFFc5jNhT4G4eIK94GevbURu+fyHlzEBFRvU8/xKxVd":{"registrationId":12584,"currentRatchet":{"ephemeralKeyPair":{"pubKey":"BeT+9wu7H9Ouk3wh953+4LoKa7Yvlen57usQ3A7Ku9xk","privKey":"aF2vao/lCOmQaYHRYNhwwyVIj4akJLi+RZVzg/Ds700="},"lastRemoteEphemeralKey":"Bcb64VhbTkjIE8hbnjwUWWLb4W6ec42YiNe5GoZY3CBR","previousCounter":0,"rootKey":"EDnYrDaybfiQzrcpaoFuHHoREvIs6y+AMWxjwQqiN5U="},"indexInfo":{"baseKey":"BWFFc5jNhT4G4eIK94GevbURu+fyHlzEBFRvU8/xKxVd","baseKeyType":1,"closed":-1,"used":1703322489614,"created":1703322489614,"remoteIdentityKey":"BULV694INMjexT0dOsy1/G/gtWI+J3hGmHXlYKJfYUs1"},"_chains":{"BeT+9wu7H9Ouk3wh953+4LoKa7Yvlen57usQ3A7Ku9xk":{"chainKey":{"counter":10,"key":"RTOFiGVSWQ4TzQ9PiTFQoJCKUotka1P7rj2m44SAF+o="},"chainType":1,"messageKeys":{}}},"pendingPreKey":{"signedKeyId":1,"baseKey":"BWFFc5jNhT4G4eIK94GevbURu+fyHlzEBFRvU8/xKxVd"}}},"version":"v1"}