{"_sessions":{"BYvy/v89nemYupGBvKwHW1wqr3R1DUa7+77wtTIb/H45":{"registrationId":1192499940,"currentRatchet":{"ephemeralKeyPair":{"pubKey":"BYuA5IPkoGU8Os+RyzmDNJPFdhlsRkW7FXE7+91Isa4P","privKey":"eAuxikNm7dNbLlfo+Z16fvPZee7oPDwcfV/UwTt3WEo="},"lastRemoteEphemeralKey":"BWwxrOEqu6nkFf//7G78/kPoMtVK5hoqEFfrfWnRLyxc","previousCounter":0,"rootKey":"TAQ+sc/6njfgnctLF6pgFdsr8aKmr0jvNHDG+BHWU8w="},"indexInfo":{"baseKey":"BYvy/v89nemYupGBvKwHW1wqr3R1DUa7+77wtTIb/H45","baseKeyType":1,"closed":-1,"used":1703296482455,"created":1703296482455,"remoteIdentityKey":"BW/KvCjGWF82K0xQEMY3jKK99X18adKBPdvRE9wbyFwW"},"_chains":{"BYuA5IPkoGU8Os+RyzmDNJPFdhlsRkW7FXE7+91Isa4P":{"chainKey":{"counter":6,"key":"2DGN8rFCgMGSam4lhJ+lqlaKaPQOGSvknYy1rBW6X70="},"chainType":1,"messageKeys":{}}},"pendingPreKey":{"signedKeyId":1,"baseKey":"BYvy/v89nemYupGBvKwHW1wqr3R1DUa7+77wtTIb/H45","preKeyId":7897613}}},"version":"v1"}