{"_sessions":{"BbPoShvg52iwXITszy58nEOsx8a6mSRJaJiBMPaPd0FA":{"registrationId":8583693,"currentRatchet":{"ephemeralKeyPair":{"pubKey":"BRjMdP96+w4w7U6mX7DrRXeEiSiHztCwJCglzdTpz78R","privKey":"uMydxyBUKNspswHo5c/FTSAa1Un4+zJ1Hxctt17NNHc="},"lastRemoteEphemeralKey":"BZ2i2zhcnQUrowIVI9EcZHyqKa0WmKaqvnc7Z6kIZsxf","previousCounter":0,"rootKey":"rFuJnGJJuMnniVgkmEs3n/i+1JZr9ry274W4CAD/XpU="},"indexInfo":{"baseKey":"BbPoShvg52iwXITszy58nEOsx8a6mSRJaJiBMPaPd0FA","baseKeyType":1,"closed":-1,"used":1703296482002,"created":1703296482002,"remoteIdentityKey":"BUqQX2Dvc2Gj2QW6au0/kEMNmW0GWESNT+4tol4qzG5K"},"_chains":{"BRjMdP96+w4w7U6mX7DrRXeEiSiHztCwJCglzdTpz78R":{"chainKey":{"counter":6,"key":"/ywjS+HpsVq8yBab0UxvQQsA196SN7b4R/m4fN2elNE="},"chainType":1,"messageKeys":{}}},"pendingPreKey":{"signedKeyId":14,"baseKey":"BbPoShvg52iwXITszy58nEOsx8a6mSRJaJiBMPaPd0FA","preKeyId":15620221}}},"version":"v1"}