{"_sessions":{"BU72fVbdL7JuD9C/sAcbnXJQEPrGVSiDAErtEG9VxPNT":{"registrationId":15498,"currentRatchet":{"ephemeralKeyPair":{"pubKey":"BVHKITkopjDCb7hWIviClqIUato308zJhAME37kYPKci","privKey":"2K09kniZSP9cxeZXk5JXkLOdlSdW9Y2mw93iUrS5NVI="},"lastRemoteEphemeralKey":"BejHcoyQKYYV+JXhp0CL+RduLKmGR11HXn/3B3E/0Uwx","previousCounter":0,"rootKey":"WFiadnLK9NlmViIZS6HVbij2j5jW5WhZhxSf8NveY4k="},"indexInfo":{"baseKey":"BU72fVbdL7JuD9C/sAcbnXJQEPrGVSiDAErtEG9VxPNT","baseKeyType":1,"closed":-1,"used":1703296481712,"created":1703296481712,"remoteIdentityKey":"BWRGY1QCCTUnsNRT76pZaNpcaFj4J5lNqOoL0ZU5Geg6"},"_chains":{"BVHKITkopjDCb7hWIviClqIUato308zJhAME37kYPKci":{"chainKey":{"counter":6,"key":"ay5GEszZOJ5uONeA7XY83HSwLsKmQdHvH3TcvNAFNgA="},"chainType":1,"messageKeys":{}}},"pendingPreKey":{"signedKeyId":1,"baseKey":"BU72fVbdL7JuD9C/sAcbnXJQEPrGVSiDAErtEG9VxPNT"}}},"version":"v1"}