{"_sessions":{"BYvIJfrqbsYT4pBmp56yswSBvmdDm7AtldHS4XCGy/F5":{"registrationId":1680689510,"currentRatchet":{"ephemeralKeyPair":{"pubKey":"BZWsf6ta7QqdYamGqDNMMcqh1imszCYAqHKrQ/uJ4+gs","privKey":"yPD5NwNvhv7wmmsS53eLWW6TckXn3n4PT1qAomp4mXA="},"lastRemoteEphemeralKey":"BXbP3Kv/4dSZyWtHNfBONwrhwlXPkME8m6dA22EarCVB","previousCounter":0,"rootKey":"Fnw2o3LZCF+uTMYjDXP1V3hj+DS3qp/nwtqKWdJiNKU="},"indexInfo":{"baseKey":"BYvIJfrqbsYT4pBmp56yswSBvmdDm7AtldHS4XCGy/F5","baseKeyType":1,"closed":1703332912230,"used":1703322489821,"created":1703322489821,"remoteIdentityKey":"BbadC6a36QDEp/MbjlMbiPfYuLzNeqSKI5BWxDVTE/Ma"},"_chains":{"BZWsf6ta7QqdYamGqDNMMcqh1imszCYAqHKrQ/uJ4+gs":{"chainKey":{"counter":2,"key":"2GeWbx6SYG5b/tdYe5DAdMGn12h1jHfHhQfJXY+q2Ag="},"chainType":1,"messageKeys":{}}},"pendingPreKey":{"signedKeyId":2,"baseKey":"BYvIJfrqbsYT4pBmp56yswSBvmdDm7AtldHS4XCGy/F5","preKeyId":13985453}},"BUmbDt435ekA+nClvqPdhtCx8A+rgGcUFyic1jM4FvBZ":{"registrationId":1680689510,"currentRatchet":{"ephemeralKeyPair":{"pubKey":"BVgo55TDDUwidyZpeBP1bap5WYOrP1d4pQJHSiQ1B+dZ","privKey":"4F5EVaZcZ/ibrs3V4Aht8WXWeXDX35qXw2KwpKJlXmg="},"lastRemoteEphemeralKey":"BXbP3Kv/4dSZyWtHNfBONwrhwlXPkME8m6dA22EarCVB","previousCounter":0,"rootKey":"td9XapG4UPjlc+ZSa2zNhHrJMUUYy+9z5m+YIx2m9VM="},"indexInfo":{"baseKey":"BUmbDt435ekA+nClvqPdhtCx8A+rgGcUFyic1jM4FvBZ","baseKeyType":1,"closed":1703333115593,"used":1703332912215,"created":1703332912215,"remoteIdentityKey":"BbadC6a36QDEp/MbjlMbiPfYuLzNeqSKI5BWxDVTE/Ma"},"_chains":{"BVgo55TDDUwidyZpeBP1bap5WYOrP1d4pQJHSiQ1B+dZ":{"chainKey":{"counter":0,"key":"JbybrlilR0tiZB3vKOhoWEr8BKS0nxYdNyiUUM9TPwI="},"chainType":1,"messageKeys":{}}},"pendingPreKey":{"signedKeyId":2,"baseKey":"BUmbDt435ekA+nClvqPdhtCx8A+rgGcUFyic1jM4FvBZ","preKeyId":13985458}},"BV1RFeF5tT3YtHiLzVf1jO9Bl4tuazaIVIyiLGX2Md9D":{"registrationId":1680689510,"currentRatchet":{"ephemeralKeyPair":{"pubKey":"Bdr1cnxB2WDcTnkF2c12a+BNeqJIqC1PTbvfJJu3/AtH","privKey":"0LF5yFI4A1ryJswpyblB1SL2DLkYt5QCjJ1cZlQXqGk="},"lastRemoteEphemeralKey":"BXbP3Kv/4dSZyWtHNfBONwrhwlXPkME8m6dA22EarCVB","previousCounter":0,"rootKey":"b8XnYXBMERwCNupSjyrXuoKTku/BQKSQI0O/FwmXEoo="},"indexInfo":{"baseKey":"BV1RFeF5tT3YtHiLzVf1jO9Bl4tuazaIVIyiLGX2Md9D","baseKeyType":1,"closed":-1,"used":1703333115570,"created":1703333115570,"remoteIdentityKey":"BbadC6a36QDEp/MbjlMbiPfYuLzNeqSKI5BWxDVTE/Ma"},"_chains":{"Bdr1cnxB2WDcTnkF2c12a+BNeqJIqC1PTbvfJJu3/AtH":{"chainKey":{"counter":6,"key":"Ix2CpFUCP6SlkaPNqEfZE2gTlyIHpAmz9izWyKixGh0="},"chainType":1,"messageKeys":{}}},"pendingPreKey":{"signedKeyId":2,"baseKey":"BV1RFeF5tT3YtHiLzVf1jO9Bl4tuazaIVIyiLGX2Md9D","preKeyId":13985431}}},"version":"v1"}