{"_sessions":{"BffUf+in5IqIG3Vj1mJ00o+AYj76ih452vKEQ2q/QkcH":{"registrationId":1556555144,"currentRatchet":{"ephemeralKeyPair":{"pubKey":"Be2icdxR/7ZV3OPbyFQvQ0vZkXbKcXf6khDkfzweolBO","privKey":"iNAWSumg9VALDrxP7PA+4B0bhEsBT2qVC1s4ybRTB1g="},"lastRemoteEphemeralKey":"BbH3d+yhSxrik5tUpukQPjxW53MIJttEvLJRe+PME+t0","previousCounter":0,"rootKey":"19HMpGGEfxasyIJKSc+nrz0/MqQLJdofaEq4x690+dk="},"indexInfo":{"baseKey":"BffUf+in5IqIG3Vj1mJ00o+AYj76ih452vKEQ2q/QkcH","baseKeyType":1,"closed":-1,"used":1703296482407,"created":1703296482407,"remoteIdentityKey":"BQItEsdkcxtXCNSUDKkR1mmc6eT6Stu6ZrLivjfTZv8l"},"_chains":{"Be2icdxR/7ZV3OPbyFQvQ0vZkXbKcXf6khDkfzweolBO":{"chainKey":{"counter":6,"key":"mXNuqUUXN+OJlvU/XzGRMHLdelDcUsWaKkHo/jDwj70="},"chainType":1,"messageKeys":{}}},"pendingPreKey":{"signedKeyId":24,"baseKey":"BffUf+in5IqIG3Vj1mJ00o+AYj76ih452vKEQ2q/QkcH","preKeyId":14603798}}},"version":"v1"}