{"_sessions":{"BdhGz+A+QOnzViPcJ4YC7yPPbTUq+WMrSqm0B60X9zsv":{"registrationId":68,"currentRatchet":{"ephemeralKeyPair":{"pubKey":"BVr6NiRQZj3XVofd5jNdu9kghnc5Cl0s8Tw473NxNPU2","privKey":"kFHtfaAODHhg8doipCsNH5sX7fqst6dVpXNFKoD8uGA="},"lastRemoteEphemeralKey":"BXbW4ku5dcsRVYL+FJjCg0kHX0vWmrwcEVTYT6LhNTZm","previousCounter":0,"rootKey":"U8NleU3xuoqTsXbbmmE/Go3FfBSFPIIwrUt9kQt4kNc="},"indexInfo":{"baseKey":"BdhGz+A+QOnzViPcJ4YC7yPPbTUq+WMrSqm0B60X9zsv","baseKeyType":1,"closed":-1,"used":1703322489625,"created":1703322489625,"remoteIdentityKey":"BRKF0j02j0VgZHFxjIde9/R8onHY+QuAsPi2kmSiYi5+"},"_chains":{"BVr6NiRQZj3XVofd5jNdu9kghnc5Cl0s8Tw473NxNPU2":{"chainKey":{"counter":10,"key":"bX/m71f3FpXF9ak4RbrsG51nzbQQboTTTRdbQZl7QMM="},"chainType":1,"messageKeys":{}}},"pendingPreKey":{"signedKeyId":1,"baseKey":"BdhGz+A+QOnzViPcJ4YC7yPPbTUq+WMrSqm0B60X9zsv","preKeyId":275}}},"version":"v1"}