{"_sessions":{"BbxIVNQxdyPOAFItcBlsF63aeEao2vuG1CsLbRu28B4K":{"registrationId":778262459,"currentRatchet":{"ephemeralKeyPair":{"pubKey":"BZmOjBXnuErNmydiIS9zYv9aCIdnHVmWQqn0di67CplH","privKey":"qEUgMb8lVVd1G5LMGi6ZSv+AYJpBNL5n5+BMMpRd70s="},"lastRemoteEphemeralKey":"BbXxYWJ2FbWc+nykmb5PA++gmL7eiVahu+PQIS4d4O9M","previousCounter":0,"rootKey":"dRzzc4nB8CD11765lrdQ45OSAE7eJAA/FRZ2dRemt3k="},"indexInfo":{"baseKey":"BbxIVNQxdyPOAFItcBlsF63aeEao2vuG1CsLbRu28B4K","baseKeyType":2,"closed":-1,"used":1703300153380,"created":1703300153380,"remoteIdentityKey":"BVjEs2ac7ai0ABZRFyk/1//NELhk8Ghi0qiv+FvmWion"},"_chains":{"BbXxYWJ2FbWc+nykmb5PA++gmL7eiVahu+PQIS4d4O9M":{"chainKey":{"counter":9,"key":"78XVRL4hhQ444CqajOxxbZVfB6TnYlc5ZcQaS8PuY4A="},"chainType":2,"messageKeys":{"0":"zn8a9cIE1bdUrT2eF4lBkIxJuh0YxvdK4gT9vYYcvM4=","4":"EuGZD7IUj4JWBdha45Q/6RxmOdC842edBSXbDHsgl2o="}},"BZmOjBXnuErNmydiIS9zYv9aCIdnHVmWQqn0di67CplH":{"chainKey":{"counter":-1,"key":"03z/riF9RUjiRE+FZlMXWRGhAkVuEje8jxxoV0WdfJI="},"chainType":1,"messageKeys":{}}}}},"version":"v1"}