{"_sessions":{"BVJsHLg3JJ3nhq1/E9UF5oRyZzdiRQd6GF8Tn9dHEmcw":{"registrationId":1146514999,"currentRatchet":{"ephemeralKeyPair":{"pubKey":"BZJVkXUP90KjTYpfRw7LebAFvZr10Q0Mb6h+NX/4n2kg","privKey":"GBa9wrByTBRbadcHeffwbuxwfje5kV8SnmFGTTkr41c="},"lastRemoteEphemeralKey":"BQAVUC6JwH//iTVys0R4VZpRjC45cNcJgkn4iU0Wil5D","previousCounter":0,"rootKey":"ROaYiXLUeru9AuzUzHo0mHXbkFgt6FV/BBy37Bp5unI="},"indexInfo":{"baseKey":"BVJsHLg3JJ3nhq1/E9UF5oRyZzdiRQd6GF8Tn9dHEmcw","baseKeyType":1,"closed":-1,"used":1703296482438,"created":1703296482438,"remoteIdentityKey":"BbJJU43QGCvC3T32l354el0l+JdH8RWzBW1vgwoNWM9o"},"_chains":{"BZJVkXUP90KjTYpfRw7LebAFvZr10Q0Mb6h+NX/4n2kg":{"chainKey":{"counter":6,"key":"J2cbmmaqiAHp5NoWUtQt2xsfZUkgw7QdJ+Qv0KSu5Lk="},"chainType":1,"messageKeys":{}}},"pendingPreKey":{"signedKeyId":7,"baseKey":"BVJsHLg3JJ3nhq1/E9UF5oRyZzdiRQd6GF8Tn9dHEmcw","preKeyId":10825151}}},"version":"v1"}