{"_sessions":{"BWW/z6RMJa5z8Ytv7evTgODbS7V+pBAjozC2iZTG6IMB":{"registrationId":12408,"currentRatchet":{"ephemeralKeyPair":{"pubKey":"BTLbhM+C88t3bGrbulat56sG1diBjrj6XyO6jeqfjrlG","privKey":"wFP4xpnT1J3hLqfBkP4bbEfrwKv7hqMIjcCBmWDRGF8="},"lastRemoteEphemeralKey":"BYUgQ60LqqWpj024UOv75v+EviiUzWmjkEK9IZArmyx3","previousCounter":0,"rootKey":"tjq4FxEx/ZzWiruXNg7bqW9KuHMZupr1KX2rSACJtOM="},"indexInfo":{"baseKey":"BWW/z6RMJa5z8Ytv7evTgODbS7V+pBAjozC2iZTG6IMB","baseKeyType":1,"closed":-1,"used":1703296481632,"created":1703296481632,"remoteIdentityKey":"BcCC0BSpXuk6mO8lMJNHCZC6dJtABkE0jo+1Rtkwizkp"},"_chains":{"BTLbhM+C88t3bGrbulat56sG1diBjrj6XyO6jeqfjrlG":{"chainKey":{"counter":6,"key":"U5Pw4WgNh5JVZ+6YyIEBSz0um4q+z4LMuOeZF3HNhd8="},"chainType":1,"messageKeys":{}}},"pendingPreKey":{"signedKeyId":2,"baseKey":"BWW/z6RMJa5z8Ytv7evTgODbS7V+pBAjozC2iZTG6IMB","preKeyId":2029}}},"version":"v1"}