{"_sessions":{"BU1KD6Ax7ObjRLyHlRfhuph7TY6mOmxc+vspFvHwXeAm":{"registrationId":29403426,"currentRatchet":{"ephemeralKeyPair":{"pubKey":"Bb3yRG+zcFy7wJvohQnC7yEQ67rH+KSMj+aQ8e3zvbt9","privKey":"YBnJLMyV3R7Euo0b92RxJPiyx9IxRvPRdIuldA6+uWU="},"lastRemoteEphemeralKey":"BY/sVUH2iavQA57F6QOQhroVYQKE0dkc85YfSYYhei9x","previousCounter":0,"rootKey":"YYPXqJuLoWJSyLlvvcRYarvJsW9YKw8/E/Fi9G4RsdE="},"indexInfo":{"baseKey":"BU1KD6Ax7ObjRLyHlRfhuph7TY6mOmxc+vspFvHwXeAm","baseKeyType":1,"closed":-1,"used":1703297211567,"created":1703297211567,"remoteIdentityKey":"BbQPJ9im70QT7X+kzL7lcVfyGmbtMgcfKxnzeCIhJX8F"},"_chains":{"Bb3yRG+zcFy7wJvohQnC7yEQ67rH+KSMj+aQ8e3zvbt9":{"chainKey":{"counter":6,"key":"khkRZ2ZbkeYr9bzo6huaq4s4zcYvK6RHVIav0O6meXA="},"chainType":1,"messageKeys":{}}},"pendingPreKey":{"signedKeyId":1,"baseKey":"BU1KD6Ax7ObjRLyHlRfhuph7TY6mOmxc+vspFvHwXeAm"}}},"version":"v1"}