{"_sessions":{"BULlDmOVfjLF79RfThh652hSkaWVIbVZMC7FTJ+p8rIN":{"registrationId":13493,"currentRatchet":{"ephemeralKeyPair":{"pubKey":"BVpdqw3pGchgJfOpO3clOcaa0CxoJkBQlR/0nYzv8Rdy","privKey":"4JMKLdQM9cteMiFHuX+NvianWCQFVkfp0tbYN4D8Ykg="},"lastRemoteEphemeralKey":"BS841Xw6RVgcFKVCaGGgNvl+E0PEDOEC/pLg94m7AZMh","previousCounter":0,"rootKey":"3PWo+mRNAWGwb9+Vx3ujVYxtmECTEHqEaTkDU4j/3Rg="},"indexInfo":{"baseKey":"BULlDmOVfjLF79RfThh652hSkaWVIbVZMC7FTJ+p8rIN","baseKeyType":1,"closed":-1,"used":1703296480202,"created":1703296480202,"remoteIdentityKey":"BV+mnukR7ELsgfqDJe+tfH1+fYNJgBVWyx96najIw18m"},"_chains":{"BVpdqw3pGchgJfOpO3clOcaa0CxoJkBQlR/0nYzv8Rdy":{"chainKey":{"counter":6,"key":"hX8gilKHlfpb76wn/3of8UuORghufoe2nmA7V0KdtW4="},"chainType":1,"messageKeys":{}}},"pendingPreKey":{"signedKeyId":1,"baseKey":"BULlDmOVfjLF79RfThh652hSkaWVIbVZMC7FTJ+p8rIN"}}},"version":"v1"}