{"_sessions":{"BZvPQFkqU0wXClFfWZ6NOzgMIG4Q+hpkU1c8lyWRIap2":{"registrationId":1754185302,"currentRatchet":{"ephemeralKeyPair":{"pubKey":"Beh2aQ/NON3wTyClLuVSHXqYX9+AUZI2lMNvd4PYCxll","privKey":"0DAwZnm/RLqoJvxO06wtpwSxxUAUSTGjHrZWODwsDUA="},"lastRemoteEphemeralKey":"BUT/+H9vGE7FaPE3KYGCW6BhJshAMWU6IYLhDsghPnpG","previousCounter":0,"rootKey":"1+3zYY7i8R5J7Qw0ZIQPepzAE24MtarUVJvWsc9Cvwk="},"indexInfo":{"baseKey":"BZvPQFkqU0wXClFfWZ6NOzgMIG4Q+hpkU1c8lyWRIap2","baseKeyType":1,"closed":-1,"used":1703322489798,"created":1703322489798,"remoteIdentityKey":"BRM5vtn0auSTggNm1WC7UZHRG44KzQLo2R5BatnKXYoK"},"_chains":{"Beh2aQ/NON3wTyClLuVSHXqYX9+AUZI2lMNvd4PYCxll":{"chainKey":{"counter":10,"key":"itD6JFAUfqApeborthGHOnjk5eQotABD9CjUKb54L1U="},"chainType":1,"messageKeys":{}}},"pendingPreKey":{"signedKeyId":4,"baseKey":"BZvPQFkqU0wXClFfWZ6NOzgMIG4Q+hpkU1c8lyWRIap2","preKeyId":13026469}}},"version":"v1"}