{"_sessions":{"BTP8ZQejkG2WzZC7jbQDBiWguZLQwjEsUmoDQVy/IHxq":{"registrationId":1063307302,"currentRatchet":{"ephemeralKeyPair":{"pubKey":"BQHYL++GyURhciCJuItfmRdeQiTZLJscVVSHLhZYMBUg","privKey":"yKlOF4jJhSlmDzIbQfKm3HIf0dK1iNSE8+TzfrNTFFc="},"lastRemoteEphemeralKey":"Bev+s1dKvG14dV54ZNFQBUV/stwFfSbw+P6A4WyMpj4B","previousCounter":0,"rootKey":"tr8ayjSvCZs1mWOWl4yDltijQOMRiB/o2HXiKC4JLNU="},"indexInfo":{"baseKey":"BTP8ZQejkG2WzZC7jbQDBiWguZLQwjEsUmoDQVy/IHxq","baseKeyType":1,"closed":-1,"used":1703298813726,"created":1703298813726,"remoteIdentityKey":"BfgHF71ujHspzU5Q4m/CJdh5Vrn52vJvNxICes5XgNQn"},"_chains":{"BQHYL++GyURhciCJuItfmRdeQiTZLJscVVSHLhZYMBUg":{"chainKey":{"counter":6,"key":"LXRvpLCy4ag6B7N4RncB+aWqMP/CzuRTmEaZsa5GaUA="},"chainType":1,"messageKeys":{}}},"pendingPreKey":{"signedKeyId":0,"baseKey":"BTP8ZQejkG2WzZC7jbQDBiWguZLQwjEsUmoDQVy/IHxq","preKeyId":4960663}}},"version":"v1"}