{"_sessions":{"BcC3ADXArAKNPF9DgotdS8TllBfWI9lEZyn+N+Z0YLY2":{"registrationId":914186847,"currentRatchet":{"ephemeralKeyPair":{"pubKey":"BTPbYKa19z4m4GV3TusqJu9dKh53UeVz5OzqhHbC+iEn","privKey":"mOwd38mvo2GouLRbfPa2QRXKKGRddvgqzAWAxIvLZGQ="},"lastRemoteEphemeralKey":"BZvuZe5Q1Qjyzv1ZUiYVlIUmLTiBErG9WDaWhWPuzphN","previousCounter":0,"rootKey":"XEDXBOLbuzzVcWlNKmFEe+6VOPQUgG1VfOmOi16YKYA="},"indexInfo":{"baseKey":"BcC3ADXArAKNPF9DgotdS8TllBfWI9lEZyn+N+Z0YLY2","baseKeyType":1,"closed":-1,"used":1703296482161,"created":1703296482161,"remoteIdentityKey":"BZbJN+E81mKZ2ZNJKUjkIKoJidFUUyWI5J4jrKs0yOkE"},"_chains":{"BTPbYKa19z4m4GV3TusqJu9dKh53UeVz5OzqhHbC+iEn":{"chainKey":{"counter":6,"key":"LWnt4sK4UDs7AHfVj4IKppu7MFytBDxfXQrJSFbYq+E="},"chainType":1,"messageKeys":{}}},"pendingPreKey":{"signedKeyId":1339177,"baseKey":"BcC3ADXArAKNPF9DgotdS8TllBfWI9lEZyn+N+Z0YLY2","preKeyId":24723}}},"version":"v1"}