{"_sessions":{"BcPN3OCqmZxxuN/BZhVbFGKUkhSDfyiMwlvQzBMj17oO":{"registrationId":14385,"currentRatchet":{"ephemeralKeyPair":{"pubKey":"Bb9EbmuUJ7FEEbQw9lM00ywyMAKi0x/uHkBhyAMlMLQW","privKey":"sFG/t/T3pdRGQFB2+cYOXvSWMf/fhgcgtq3dAK9z22Q="},"lastRemoteEphemeralKey":"BeCjterpkJWfVCZAPevQORtGWpoiFbSFvpzGS3055hZ+","previousCounter":0,"rootKey":"+bwDmB3PyuhANFZXdhGscl9/6w7CV2wLrWMElcTXnlk="},"indexInfo":{"baseKey":"BcPN3OCqmZxxuN/BZhVbFGKUkhSDfyiMwlvQzBMj17oO","baseKeyType":1,"closed":-1,"used":1703296481719,"created":1703296481719,"remoteIdentityKey":"BXOvXjRyP4KdL9UjfvTxMebxHCaIFy+gNoma1LKk0Lhy"},"_chains":{"Bb9EbmuUJ7FEEbQw9lM00ywyMAKi0x/uHkBhyAMlMLQW":{"chainKey":{"counter":6,"key":"/3ROixDRrh/LqZNShSCnLtOBvXHnpHwpM/9fqWvefBQ="},"chainType":1,"messageKeys":{}}},"pendingPreKey":{"signedKeyId":1,"baseKey":"BcPN3OCqmZxxuN/BZhVbFGKUkhSDfyiMwlvQzBMj17oO","preKeyId":2746}}},"version":"v1"}