{"_sessions":{"Bbe5byy+VmZMeq/eTxvWPjeSEgSAtb19Dm4Ubt9rxKEA":{"registrationId":1949194473,"currentRatchet":{"ephemeralKeyPair":{"pubKey":"BY4IZ+2Tf0tqERHVzY5DAl5r2ZgzEMHEzHr6PmJmx5Q+","privKey":"wMe/Y1YwpV7fegUa0ydpvxogs5Qtz6m38QqKxZabB38="},"lastRemoteEphemeralKey":"BS707bwAZWuuFvP5fLa8iEeEVvZ7O/rmST269x6Z2rx+","previousCounter":1,"rootKey":"5DtipSsoR4VfKmX9KFVOMso0ILtFqtUq2ueGWjRdpus="},"indexInfo":{"baseKey":"Bbe5byy+VmZMeq/eTxvWPjeSEgSAtb19Dm4Ubt9rxKEA","baseKeyType":1,"closed":-1,"used":1703326019219,"created":1703322489826,"remoteIdentityKey":"BVBwuxAt4vh3IsBDHaU04Zp7KFcn78hy+FSFESAsPqYq"},"_chains":{"BS707bwAZWuuFvP5fLa8iEeEVvZ7O/rmST269x6Z2rx+":{"chainKey":{"counter":0,"key":"lKpv85+MDuxBubtPMinAUkakOeu/In7TET8zla5/cYw="},"chainType":2,"messageKeys":{}},"BY4IZ+2Tf0tqERHVzY5DAl5r2ZgzEMHEzHr6PmJmx5Q+":{"chainKey":{"counter":8,"key":"j9KP1QX0y2R3NA3iks4bydSdfI48P8r02V+UfNSjmkw="},"chainType":1,"messageKeys":{}}}}},"version":"v1"}