{"_sessions":{"BSugo36eRyKIOF4ruCx7PItqxDGqDqQ7rzjcyh55Z4AH":{"registrationId":572737794,"currentRatchet":{"ephemeralKeyPair":{"pubKey":"BVg3/Dbco53CrZHiOgZUXEKAT+fWY1PhcBYHVjNA59RC","privKey":"sHHsKkcQp+0lP1EK7N15TtC7L6OrlBItMmH/V1byD2k="},"lastRemoteEphemeralKey":"BQxtPWeERlSaofDEyS+0UJ+4VfZslv7CqDhhsYu/mqp+","previousCounter":0,"rootKey":"XdxAdvNB/846dsOKWdbJISK4DI164fJvP21BYSOPwkQ="},"indexInfo":{"baseKey":"BSugo36eRyKIOF4ruCx7PItqxDGqDqQ7rzjcyh55Z4AH","baseKeyType":1,"closed":-1,"used":1703296482505,"created":1703296482505,"remoteIdentityKey":"BcfBzN8Ql1bY468F9TDHAsa1422/ELpOmogpIIBpsohT"},"_chains":{"BVg3/Dbco53CrZHiOgZUXEKAT+fWY1PhcBYHVjNA59RC":{"chainKey":{"counter":6,"key":"j9JFZk+AGURnbac3oboIoNO80/9wuGGsK5OXmPCpc28="},"chainType":1,"messageKeys":{}}},"pendingPreKey":{"signedKeyId":5,"baseKey":"BSugo36eRyKIOF4ruCx7PItqxDGqDqQ7rzjcyh55Z4AH","preKeyId":7584474}}},"version":"v1"}