{"_sessions":{"Bb5ZKqfUasWw+jtp0qGam5/6Ja08dP5qJiqU/tLYNrR8":{"registrationId":1478336449,"currentRatchet":{"ephemeralKeyPair":{"pubKey":"BVB0i4HAedc0xm3axQqjQEWTiQky6stWZc2Yj/z191Ns","privKey":"gOp4SD9u/Sj2aiCIxCLZPDmGkuLitEmM7eEOLdkZd3c="},"lastRemoteEphemeralKey":"BU1b6UHRYNUuJZgqR96kD5D7rH8VnnFLidFiTQygXg9d","previousCounter":0,"rootKey":"TlZCHb36Sq+kZ/2i1cENJXB8lmYpuDo2JGmOpPhUJRM="},"indexInfo":{"baseKey":"Bb5ZKqfUasWw+jtp0qGam5/6Ja08dP5qJiqU/tLYNrR8","baseKeyType":1,"closed":-1,"used":1703322489815,"created":1703322489815,"remoteIdentityKey":"BfAJ5+9B5Wq2v1RT9bcm+fwnDD7Awrtwdm51pk9ZKGJc"},"_chains":{"BVB0i4HAedc0xm3axQqjQEWTiQky6stWZc2Yj/z191Ns":{"chainKey":{"counter":10,"key":"bdQBhmhlCMNiD/yU9Q/zvGHtKTw9rU9ZkfycxGqpWhQ="},"chainType":1,"messageKeys":{}}},"pendingPreKey":{"signedKeyId":1,"baseKey":"Bb5ZKqfUasWw+jtp0qGam5/6Ja08dP5qJiqU/tLYNrR8","preKeyId":2226098}}},"version":"v1"}