{"_sessions":{"BU1cpN5l/2JwQxx43QHNxDeQB+td4peaVRsMna6zwHhI":{"registrationId":1106137964,"currentRatchet":{"ephemeralKeyPair":{"pubKey":"BQreQpJKvAc1qgfwQ+AvgoOC8+SweeNqKgm3A3ICEbM1","privKey":"6BdZ4tsKKI3mhre8uIzw14dW9me/P+YdUGmxP0P4tlk="},"lastRemoteEphemeralKey":"BSFO/axj2osu8XHhUblmJKkAvKFifK7NQejTGprRbiQh","previousCounter":0,"rootKey":"L52FeG6SjFWeEBD9HQ3cjOnX6KvUkesAL7h/7j7Z4Vg="},"indexInfo":{"baseKey":"BU1cpN5l/2JwQxx43QHNxDeQB+td4peaVRsMna6zwHhI","baseKeyType":1,"closed":-1,"used":1703322489744,"created":1703322489744,"remoteIdentityKey":"Bfatj2vC/ynxEPqt6/t1UcUmOMoQBg68aKSqbdhPbmJf"},"_chains":{"BQreQpJKvAc1qgfwQ+AvgoOC8+SweeNqKgm3A3ICEbM1":{"chainKey":{"counter":10,"key":"tpV94FJ+z3lvdZhxWhuiKEjnSzZR8ycK8V1kThkACJo="},"chainType":1,"messageKeys":{}}},"pendingPreKey":{"signedKeyId":9,"baseKey":"BU1cpN5l/2JwQxx43QHNxDeQB+td4peaVRsMna6zwHhI","preKeyId":9128672}}},"version":"v1"}