{"_sessions":{"BSKtBBXA/vzyucBIDNyP/Jo0y19O2T3DDkO+JBfXpywW":{"registrationId":231,"currentRatchet":{"ephemeralKeyPair":{"pubKey":"BcS/kXIlyO9JZGg7pSHc4VDF/mWttYrL+3dCUXYQImlr","privKey":"OE6qQM3Fko2Dvgc+NSVqTmosYvqEO/e/hB8E4JKHxHI="},"lastRemoteEphemeralKey":"BWjHC0bjUBEm/662MR53Vbfmpjxm7O6VGfZq17B+paBn","previousCounter":0,"rootKey":"tYq9tVgJBaxu2z8t5w1onVz+Sp+Xq4W3TJB/taVuqIM="},"indexInfo":{"baseKey":"BSKtBBXA/vzyucBIDNyP/Jo0y19O2T3DDkO+JBfXpywW","baseKeyType":1,"closed":-1,"used":1703296479906,"created":1703296479906,"remoteIdentityKey":"BXktPmToXPhuYQhoq1ghDZ+6/Gjy5DADY+7A4cbCUixt"},"_chains":{"BcS/kXIlyO9JZGg7pSHc4VDF/mWttYrL+3dCUXYQImlr":{"chainKey":{"counter":6,"key":"FF40YRSo32i8lqDRBfE452GSFUfBjnl6OB17sFwsy00="},"chainType":1,"messageKeys":{}}},"pendingPreKey":{"signedKeyId":1,"baseKey":"BSKtBBXA/vzyucBIDNyP/Jo0y19O2T3DDkO+JBfXpywW","preKeyId":2281}}},"version":"v1"}