{"_sessions":{"BQV1oMlnYznxLaBzUI5qY7UfCMM4Ft7Io5vl9LUjKFQT":{"registrationId":470289811,"currentRatchet":{"ephemeralKeyPair":{"pubKey":"BdOMNYUAeQZuGnUzrsXxQ4EZyS7aCypOriuh/IBEDtpD","privKey":"QDiV3zTGpUMfEwX3z/yKikG2DxpRbhGQttrfG98vcE0="},"lastRemoteEphemeralKey":"BZi2XnhfCnzsEXo6OtUliFwAPb8td/Gr7WfFaMQxASwm","previousCounter":0,"rootKey":"/mnTnsDsS+Ceojd5mILDXm0QEfWbGcRFIo/m7Wtpqmw="},"indexInfo":{"baseKey":"BQV1oMlnYznxLaBzUI5qY7UfCMM4Ft7Io5vl9LUjKFQT","baseKeyType":1,"closed":-1,"used":1703296482021,"created":1703296482021,"remoteIdentityKey":"Bd2fNyGMrGdDpOD3jo3CEAfq0Kl6wA9n2ejgsOcIMLg8"},"_chains":{"BdOMNYUAeQZuGnUzrsXxQ4EZyS7aCypOriuh/IBEDtpD":{"chainKey":{"counter":6,"key":"k8zLbs15MkfL8NqI5r9JVzcndH5ZFNh5DCs3FlQ3PKs="},"chainType":1,"messageKeys":{}}},"pendingPreKey":{"signedKeyId":26,"baseKey":"BQV1oMlnYznxLaBzUI5qY7UfCMM4Ft7Io5vl9LUjKFQT","preKeyId":10149633}}},"version":"v1"}