{"_sessions":{"BY+nIYXZpzMICe7pQgZ0JkBhChk2X7gqsunRAyKJF5w4":{"registrationId":644688119,"currentRatchet":{"ephemeralKeyPair":{"pubKey":"BeGYKPVPOjEJEXkN4cPanVl+Gg/dchsvmvZ0NJDle+Zd","privKey":"WPsBgpaw3EurX0CQoijZyk0Db0JtFuQZuGhhaCPxC0Y="},"lastRemoteEphemeralKey":"BYqKboyn60AcZOa0I2S+2A8kt8weIVtVjqQjqXGybgM6","previousCounter":0,"rootKey":"aQ9RJBBBOu85QyR6A8l5gGo8vfH0O8hlHVZl9HjmzIA="},"indexInfo":{"baseKey":"BY+nIYXZpzMICe7pQgZ0JkBhChk2X7gqsunRAyKJF5w4","baseKeyType":1,"closed":-1,"used":1703296482041,"created":1703296482041,"remoteIdentityKey":"BXltq48ZGheFQf9B5Y1x2Z8XRqZx/QoxLQO5jR8u5rBi"},"_chains":{"BeGYKPVPOjEJEXkN4cPanVl+Gg/dchsvmvZ0NJDle+Zd":{"chainKey":{"counter":6,"key":"CGQkrsJYEmjc/V+LLobMoSbkBgtFCwCd8YVRHEjRfRw="},"chainType":1,"messageKeys":{}}},"pendingPreKey":{"signedKeyId":2,"baseKey":"BY+nIYXZpzMICe7pQgZ0JkBhChk2X7gqsunRAyKJF5w4","preKeyId":11554004}}},"version":"v1"}