{"_sessions":{"BbnMS2VuZsxW3Hm4e2UWvkjGw7fF1GKH1g4N0aHoVOoc":{"registrationId":273217595,"currentRatchet":{"ephemeralKeyPair":{"pubKey":"BSFjhV/Bwh0Ql1KFRa8cUC2c1n2FvJfdI8ZNuTD8e8ME","privKey":"kIE56+ZhJ7l0+eRlUn8VLZljbhZ4D5+SFD3BvBTnzFE="},"lastRemoteEphemeralKey":"BXFMjSKOBfFeRSwrr2xvZwdcqC5oOEe7KPepWdHVysMw","previousCounter":0,"rootKey":"/z0/3tSnMT6mzdHPWYWZxlcbY2FdxR9mX/pHvGHcdwo="},"indexInfo":{"baseKey":"BbnMS2VuZsxW3Hm4e2UWvkjGw7fF1GKH1g4N0aHoVOoc","baseKeyType":1,"closed":-1,"used":1703296482353,"created":1703296482353,"remoteIdentityKey":"Bfy09iE7IzUzHPqychxYhflEUmfIleKEECQ3imBTRmMf"},"_chains":{"BSFjhV/Bwh0Ql1KFRa8cUC2c1n2FvJfdI8ZNuTD8e8ME":{"chainKey":{"counter":6,"key":"Y245f7wKJ/Sx8L2JMIx/NMo6gN023Y35mgfx1aUhJSA="},"chainType":1,"messageKeys":{}}},"pendingPreKey":{"signedKeyId":15,"baseKey":"BbnMS2VuZsxW3Hm4e2UWvkjGw7fF1GKH1g4N0aHoVOoc","preKeyId":14863383}}},"version":"v1"}