{"_sessions":{"BRrlQFJ9BIo9mrmNIS1aoczp+dakDMRPxtnpVxQV839F":{"registrationId":539563991,"currentRatchet":{"ephemeralKeyPair":{"pubKey":"BfSH8tNF7XPiSyJ+XHE5nrGgbCK8jSwVwkweErN/KHVj","privKey":"UHOAkW1A/qhAkKimnalJSWckUvctUgP4VIlcQDvt70w="},"lastRemoteEphemeralKey":"Bb5AZzrtyF2W2O3f6JnThdegM29Q4cxlwER5zm06lQ4T","previousCounter":0,"rootKey":"K3/rkEnLf/dZ/fQLV+agzfd1CW5iYbT8KbWQblC4+Pc="},"indexInfo":{"baseKey":"BRrlQFJ9BIo9mrmNIS1aoczp+dakDMRPxtnpVxQV839F","baseKeyType":1,"closed":-1,"used":1703322489841,"created":1703322489841,"remoteIdentityKey":"BY50xIvTxL1p5aqcs8tpP2l/jH/z0r1ei3PosHym6c1d"},"_chains":{"BfSH8tNF7XPiSyJ+XHE5nrGgbCK8jSwVwkweErN/KHVj":{"chainKey":{"counter":10,"key":"Wz4tzdYAmUY7iVclGWQH+ljz/tHQI0zp0ToxBU5htDA="},"chainType":1,"messageKeys":{}}},"pendingPreKey":{"signedKeyId":19,"baseKey":"BRrlQFJ9BIo9mrmNIS1aoczp+dakDMRPxtnpVxQV839F","preKeyId":844550}}},"version":"v1"}