{"_sessions":{"BfaXnlRhSCbHQjSmFJA6Dn6o6TbyYPq73ice+wNt6ORw":{"registrationId":10417,"currentRatchet":{"ephemeralKeyPair":{"pubKey":"BcMtbrjMcSbWbZiIcIOg1/TmhyBnhAk4zp1GRxTKSWtL","privKey":"oGsuP8dlri5BJppgGJ/XzyWP+BZEin/wE6snEvIpEWg="},"lastRemoteEphemeralKey":"Be+P4F4TFk1ntDoCDy9K70sk91jCIV3iBddDrJNeWfdM","previousCounter":0,"rootKey":"Fb9ZJ1ssKUTiqayx1QbV7Sjf9r3Yo/ZKzzo3mBon61s="},"indexInfo":{"baseKey":"BfaXnlRhSCbHQjSmFJA6Dn6o6TbyYPq73ice+wNt6ORw","baseKeyType":1,"closed":-1,"used":1703296481212,"created":1703296481212,"remoteIdentityKey":"BdruFo1LQcKCUQZLonIXEtUA3zXedtUXlNoLIlXXItpX"},"_chains":{"BcMtbrjMcSbWbZiIcIOg1/TmhyBnhAk4zp1GRxTKSWtL":{"chainKey":{"counter":6,"key":"MzS23uvj9uxse4MfOecw8Ct5S4RDdQrhvpPi/OPfgfI="},"chainType":1,"messageKeys":{}}},"pendingPreKey":{"signedKeyId":1,"baseKey":"BfaXnlRhSCbHQjSmFJA6Dn6o6TbyYPq73ice+wNt6ORw"}}},"version":"v1"}