{"_sessions":{"BVE/z/WsIUrAG7BRF+CburFS3YQ/yIUViKhnfz+xckRx":{"registrationId":2951,"currentRatchet":{"ephemeralKeyPair":{"pubKey":"BXDSdHUigipbfwcjMwmxKiYYqPnX3+y59uklNgQxzWV7","privKey":"aD9t/QVqbzxBpKNT1LVB6gP3HEny2zueE7Hulau7qGg="},"lastRemoteEphemeralKey":"BXVc0GuvrhmC/1KxGpxKnvb2LCg/F/YEyub7tFJ5q3kA","previousCounter":0,"rootKey":"0ZDlT1IJ/bIv+EFEKouKg3Ss7o1UpN3m0HeQ5fODqU0="},"indexInfo":{"baseKey":"BVE/z/WsIUrAG7BRF+CburFS3YQ/yIUViKhnfz+xckRx","baseKeyType":1,"closed":-1,"used":1703296480927,"created":1703296480927,"remoteIdentityKey":"BYCNrkoz0VHlPwxrJeYHjW/mrQbgY3DPbIf9A8qZrdo4"},"_chains":{"BXDSdHUigipbfwcjMwmxKiYYqPnX3+y59uklNgQxzWV7":{"chainKey":{"counter":6,"key":"k4L2s2WvZQm97BdyjPmq5k/C+jWd1ko+9AdpmXelP7M="},"chainType":1,"messageKeys":{}}},"pendingPreKey":{"signedKeyId":1,"baseKey":"BVE/z/WsIUrAG7BRF+CburFS3YQ/yIUViKhnfz+xckRx","preKeyId":604}}},"version":"v1"}