{"_sessions":{"BVgAPligcAFWF4mJqkHaCu5fyw5ALwRbUFjEJ44xBaZj":{"registrationId":879175546,"currentRatchet":{"ephemeralKeyPair":{"pubKey":"BUztAmducZaoDsEfaR7h9Y4PwICUwvRRxm/ZilpyRBgZ","privKey":"kMfYhuCOt5wriEqxLdonoRlxFhxC+OvAF7AGpz7nPmQ="},"lastRemoteEphemeralKey":"BSw04Lcm+Pva5oJ+B3vtwf2BAkPC6M4Qj/OwwgNGmbJw","previousCounter":0,"rootKey":"8NMeB+ke3mVGWv7GWPwSILrMVLc8tkdUfLDE/YNDeDI="},"indexInfo":{"baseKey":"BVgAPligcAFWF4mJqkHaCu5fyw5ALwRbUFjEJ44xBaZj","baseKeyType":1,"closed":-1,"used":1703322489684,"created":1703322489684,"remoteIdentityKey":"BZu9b7Clx95YSIK/x5nCx/05dH59lz1gxC17TisWvZtQ"},"_chains":{"BUztAmducZaoDsEfaR7h9Y4PwICUwvRRxm/ZilpyRBgZ":{"chainKey":{"counter":10,"key":"pJj/tDJcVrdQ4DPt6oen6YgukBaZ57YZQrDEoAJDxFE="},"chainType":1,"messageKeys":{}}},"pendingPreKey":{"signedKeyId":0,"baseKey":"BVgAPligcAFWF4mJqkHaCu5fyw5ALwRbUFjEJ44xBaZj","preKeyId":6819920}}},"version":"v1"}