{"_sessions":{"BW2ZlSk89IFCI02NgRv2Qd5mFgYCKQ7nc3qYPNXi1LIJ":{"registrationId":5353,"currentRatchet":{"ephemeralKeyPair":{"pubKey":"BdeMQVrjohwDFRXSPjNFzQmund9wNKKKIxdb9ekRJd5G","privKey":"ALl8N7r05Mvol6qyB8HYuSrQ6L5DkWZIauH89T8YQUU="},"lastRemoteEphemeralKey":"Bev33DF2KZw4w/zabtH8y3iEViNj/qCBqaZpnL/jxBs4","previousCounter":0,"rootKey":"jMqDnbvNCAckHEwcnhFGJ1/6ToyIlZNqQq5nApYXUK0="},"indexInfo":{"baseKey":"BW2ZlSk89IFCI02NgRv2Qd5mFgYCKQ7nc3qYPNXi1LIJ","baseKeyType":1,"closed":-1,"used":1703296480706,"created":1703296480706,"remoteIdentityKey":"BYNIAI3U+c6EDXPYX0/l0Yr165AFfNji1pWOvSPrnp5i"},"_chains":{"BdeMQVrjohwDFRXSPjNFzQmund9wNKKKIxdb9ekRJd5G":{"chainKey":{"counter":6,"key":"ExK+SnHEYBN2AVePTD9v6XhtNjq5UcU7jq/GEzt1biw="},"chainType":1,"messageKeys":{}}},"pendingPreKey":{"signedKeyId":1,"baseKey":"BW2ZlSk89IFCI02NgRv2Qd5mFgYCKQ7nc3qYPNXi1LIJ"}}},"version":"v1"}