{"_sessions":{"BTAGZlwbXeBy7kAg+8z0BsiKOH5ozPwWWAKsGnwzv2c6":{"registrationId":348067446,"currentRatchet":{"ephemeralKeyPair":{"pubKey":"BQUGg1P7fPTovXJqIUdZfmQrbFOfYdnLm8Iue/9We+4z","privKey":"sNEaLCAqYQ/3DztkeR/D1z+Oo1gxw8cn6WMIJkvn9kc="},"lastRemoteEphemeralKey":"BROiEilYXR7o9qEPujB53gzMt6XZFylP7Re2ixN+4Sd/","previousCounter":2,"rootKey":"A+4LZJl0qPY9dChUEzRkzgarI8RWWbJgSQKqCtn2nZc="},"indexInfo":{"baseKey":"BTAGZlwbXeBy7kAg+8z0BsiKOH5ozPwWWAKsGnwzv2c6","baseKeyType":1,"closed":-1,"used":1703308809264,"created":1703296482364,"remoteIdentityKey":"BdBhBMLhwwx0gnJoFy78vZ6DzA+ZNvSFLLT3T7r0ez8Q"},"_chains":{"BROiEilYXR7o9qEPujB53gzMt6XZFylP7Re2ixN+4Sd/":{"chainKey":{"counter":0,"key":"8PmD9P0adKSdK2nH0fySBHmA7TPVwKcPJzbwbibLD5Q="},"chainType":2,"messageKeys":{}},"BQUGg1P7fPTovXJqIUdZfmQrbFOfYdnLm8Iue/9We+4z":{"chainKey":{"counter":3,"key":"na9owgprtGSuC6YKMNeknHJfcwqwTLBTUVHkWCC1eF8="},"chainType":1,"messageKeys":{}}}}},"version":"v1"}