{"_sessions":{"BbkJ9AucammABOAhQe0Fe3ZrKHYyq+Sng1+YsXe1dYxe":{"registrationId":5434,"currentRatchet":{"ephemeralKeyPair":{"pubKey":"BaHXQhnOs6L/0TzYspzdJ9z4mP6miBPtESkpnfXCzswL","privKey":"+OBZuulDuAr9wckCCSxsEM3D3vbhGobdh4GpkswDY3Y="},"lastRemoteEphemeralKey":"BQgNS8PoKMeOaS/x0RxBkqhVxjc9AqMPYU4JxoAOXNZB","previousCounter":0,"rootKey":"uvMts41rY7C8HndhxUWfOzcrZ1R2LH9mNd1wGihGRds="},"indexInfo":{"baseKey":"BbkJ9AucammABOAhQe0Fe3ZrKHYyq+Sng1+YsXe1dYxe","baseKeyType":1,"closed":-1,"used":1703322489610,"created":1703322489610,"remoteIdentityKey":"BRdsAWbymlTEYSRr3GqRIqGK1/SUdfRDEBX7tJZr6UMn"},"_chains":{"BaHXQhnOs6L/0TzYspzdJ9z4mP6miBPtESkpnfXCzswL":{"chainKey":{"counter":10,"key":"6KpwQv012K9YkNb/wuvXJs89SGuubYGr3kcJDQUVU78="},"chainType":1,"messageKeys":{}}},"pendingPreKey":{"signedKeyId":1,"baseKey":"BbkJ9AucammABOAhQe0Fe3ZrKHYyq+Sng1+YsXe1dYxe"}}},"version":"v1"}