{"_sessions":{"BYjrdolh1PbDNYwhRhjv8y7/2MA3P2qS8e9xPpNINexF":{"registrationId":1016334382,"currentRatchet":{"ephemeralKeyPair":{"pubKey":"BQu8mrAjOaKisOhSw+yYipGZiRBVgGzLrLy5HeHCmzNT","privKey":"wLaRnb/UQfbwZzqB1GsQeXR8TmBvouH9RJXAjiN1f3Y="},"lastRemoteEphemeralKey":"BZ0+ekwDAMMsdpHL/drBR+VWKsQHsDJqdT94Qloh96kV","previousCounter":0,"rootKey":"Y0kfMP3H1Sj45o67b3Ix0EZpk21AH9Pl0E8sBU7BDXE="},"indexInfo":{"baseKey":"BYjrdolh1PbDNYwhRhjv8y7/2MA3P2qS8e9xPpNINexF","baseKeyType":1,"closed":-1,"used":1703296482256,"created":1703296482256,"remoteIdentityKey":"BT+lA9483WZ0HVCbYa7lXn/dkom56qxZpnT3/CeAWsIb"},"_chains":{"BQu8mrAjOaKisOhSw+yYipGZiRBVgGzLrLy5HeHCmzNT":{"chainKey":{"counter":17,"key":"VOJUBkANYcWEylDTQVw7ivUid1qNqIMCKzMuOb3DM90="},"chainType":1,"messageKeys":{}}},"pendingPreKey":{"signedKeyId":6,"baseKey":"BYjrdolh1PbDNYwhRhjv8y7/2MA3P2qS8e9xPpNINexF","preKeyId":8684480}}},"version":"v1"}