{"_sessions":{"BdpsvlrusDiNZCTUcFUZGxTrwMs47u4LWJPJLUvgfOFs":{"registrationId":228830539,"currentRatchet":{"ephemeralKeyPair":{"pubKey":"BUsi+pQY6kElNIBax6BENQXs1FMfRHXVI8+vzf3jZtZB","privKey":"4OEZIBVIVQbTR2UFNe6I7AmCykd3wH2Xx6UcQkGSh00="},"lastRemoteEphemeralKey":"BRX1VA0JTsb24xm4ceg44ECg96u0AdPlJodCaryqYa19","previousCounter":0,"rootKey":"s2fuWcoNuWZHw+FfAyvVXivm7WWos8Hd446xgdQGrVA="},"indexInfo":{"baseKey":"BdpsvlrusDiNZCTUcFUZGxTrwMs47u4LWJPJLUvgfOFs","baseKeyType":1,"closed":-1,"used":1703296481976,"created":1703296481976,"remoteIdentityKey":"BSc3+HL3jh/kBkX4rUwCV/3mxNkZZYU6DR46/zcSuxMx"},"_chains":{"BUsi+pQY6kElNIBax6BENQXs1FMfRHXVI8+vzf3jZtZB":{"chainKey":{"counter":6,"key":"LL3RpzloMiDQgPSpxB5g7NmAV0q+OAMQT9XSsotGkZ8="},"chainType":1,"messageKeys":{}}},"pendingPreKey":{"signedKeyId":0,"baseKey":"BdpsvlrusDiNZCTUcFUZGxTrwMs47u4LWJPJLUvgfOFs","preKeyId":9943291}}},"version":"v1"}