{"_sessions":{"BVkoeWU8P6AVZsh115ObQv1U++rsoiYHMVKLAozMGptR":{"registrationId":370254318,"currentRatchet":{"ephemeralKeyPair":{"pubKey":"BX/TFEEZVcokbl3jpd7tRUjtEcrvl5fHNtCpqY1dz6Af","privKey":"AM8tEh/y39SDwQsBJB6wcgu4OD8yaKwVj4er/Eu8MXQ="},"lastRemoteEphemeralKey":"BZl4Is8SaOQ8oc/Ay+XboN4ph8U7yF5zIh2VQa83af5m","previousCounter":0,"rootKey":"BgQNCBwjzIK7OuGV/wjUzsP+e+vNy0kFF7vc7zORTlo="},"indexInfo":{"baseKey":"BVkoeWU8P6AVZsh115ObQv1U++rsoiYHMVKLAozMGptR","baseKeyType":1,"closed":-1,"used":1703322489778,"created":1703322489778,"remoteIdentityKey":"BWWUND5XHGNJsP7wkNYJBQHIrKqOXWocY06tSxrYuS16"},"_chains":{"BX/TFEEZVcokbl3jpd7tRUjtEcrvl5fHNtCpqY1dz6Af":{"chainKey":{"counter":10,"key":"MHyqp+eqqZeEzV/V+dIgi5WVChmBINKCenzIyO4YYTc="},"chainType":1,"messageKeys":{}}},"pendingPreKey":{"signedKeyId":2,"baseKey":"BVkoeWU8P6AVZsh115ObQv1U++rsoiYHMVKLAozMGptR","preKeyId":6582038}}},"version":"v1"}