{"_sessions":{"BZ2o1gkA0rgHLFQAOFOkwp9tRUOvx7rzGViBjSih6oV+":{"registrationId":919089534,"currentRatchet":{"ephemeralKeyPair":{"pubKey":"BfHFIgX8XL3YtZFPlM3gzuY54UcPfDsZhcq2SHsNxs9y","privKey":"0LMXCqmsN3L73XMFbEmxVIfGjLp72eiMRwNaLbanZlo="},"lastRemoteEphemeralKey":"BRlhDnmGpCZY2Sq1plGNMVocVikcTsjcUwGM2+f4ZjN7","previousCounter":0,"rootKey":"654rtNf6jR5hpXj1rCZqAmNzkXIOwNMwwDymHRxAjjY="},"indexInfo":{"baseKey":"BZ2o1gkA0rgHLFQAOFOkwp9tRUOvx7rzGViBjSih6oV+","baseKeyType":1,"closed":-1,"used":1703296480686,"created":1703296480686,"remoteIdentityKey":"BezFrDzX0DO3GsOaX8TunlVQHa1i2DILeULDJLm8hFs/"},"_chains":{"BfHFIgX8XL3YtZFPlM3gzuY54UcPfDsZhcq2SHsNxs9y":{"chainKey":{"counter":6,"key":"y02Xskj56k+WqYmSCuwnhlB61I2GqxYa7G9/fXutINg="},"chainType":1,"messageKeys":{}}},"pendingPreKey":{"signedKeyId":9,"baseKey":"BZ2o1gkA0rgHLFQAOFOkwp9tRUOvx7rzGViBjSih6oV+","preKeyId":16526462}}},"version":"v1"}