{"_sessions":{"Bfx/N2p1b4bfcwu+b/4VEcQKR/od/SsJf5JQiafaXxJV":{"registrationId":998424194,"currentRatchet":{"ephemeralKeyPair":{"pubKey":"BV9rMNEwj2gEpv7wAoqYsRg5Z5K9MEZ0+uHCLz4c5jll","privKey":"8MpOOL2t1szmsxBT1IhZm7xx6FcO2Sbfl0AbZt/i2U8="},"lastRemoteEphemeralKey":"BZOabEWsfkeThirEN88FVNJRO15OjmeKwOqztRXr/etG","previousCounter":0,"rootKey":"COBag+5F55TpUISHneuusgAyqJJJ6qDCmfYlxEzs2tQ="},"indexInfo":{"baseKey":"Bfx/N2p1b4bfcwu+b/4VEcQKR/od/SsJf5JQiafaXxJV","baseKeyType":1,"closed":-1,"used":1703322489782,"created":1703322489782,"remoteIdentityKey":"Bb2a1HpHnj4tSb7t2ygYDRZok0MBAeMBMewm0py2DARP"},"_chains":{"BV9rMNEwj2gEpv7wAoqYsRg5Z5K9MEZ0+uHCLz4c5jll":{"chainKey":{"counter":10,"key":"r/GCA8jQNQDRtvpM+BUSf3U3T5TcLFWFpBlUS9nQbh4="},"chainType":1,"messageKeys":{}}},"pendingPreKey":{"signedKeyId":1,"baseKey":"Bfx/N2p1b4bfcwu+b/4VEcQKR/od/SsJf5JQiafaXxJV","preKeyId":14694442}}},"version":"v1"}