{"_sessions":{"BWncoaD7uQHXqxhpfac+fZmoyUVSG5g0E6f6SEvFs4E7":{"registrationId":1436551110,"currentRatchet":{"ephemeralKeyPair":{"pubKey":"BbQHL7D0EQ/pai+ig+fCuLOZCcnFg2W4rrLFOjCVMLhm","privKey":"oChh2EroYUE/ywMuRu3QZknq5WRkT2qU+AMd0Be5V18="},"lastRemoteEphemeralKey":"BSEt3v9deTZYfuXIvxqUVGMywFhKEpRGvQTprzw1aH0J","previousCounter":0,"rootKey":"EEfPD4hBCz5YTPNd23VQDlXub821NQLHJkl7hWOyKVM="},"indexInfo":{"baseKey":"BWncoaD7uQHXqxhpfac+fZmoyUVSG5g0E6f6SEvFs4E7","baseKeyType":2,"closed":-1,"used":1703384396443,"created":1703296461041,"remoteIdentityKey":"BZ0Mf2BFCw+nf0gFE6LsA/JzSeJgB3HUmjb895cQ9Z8a"},"_chains":{"BUtmc5rs55s9bmvn7Z8W7/BJIo5FJfmbdZQvgQrs+JUv":{"chainKey":{"counter":0},"chainType":2,"messageKeys":{}},"BYfkK5hU9FhGFvbAc9Ot7txSm0+A4Fi4ChrRoxOUXspo":{"chainKey":{"counter":0},"chainType":2,"messageKeys":{}},"BVuYz9bN5iAiqSAFwDL92HXmItIjZXeKMQo8ftxVkssl":{"chainKey":{"counter":2},"chainType":2,"messageKeys":{}},"BaLgKbFYDjBDucKC0e8nF/EGMtb941Uiel23KwINBrNV":{"chainKey":{"counter":0},"chainType":2,"messageKeys":{}},"BSEt3v9deTZYfuXIvxqUVGMywFhKEpRGvQTprzw1aH0J":{"chainKey":{"counter":7,"key":"qZReuDgYUTiknirx6mlxLNxtrDxtn2IQUmVUoEjGJ04="},"chainType":2,"messageKeys":{"3":"g3fgVb2bRd0L0xQEUbemaCu8vAyiJiXfacIZrsEOoSg="}},"BbQHL7D0EQ/pai+ig+fCuLOZCcnFg2W4rrLFOjCVMLhm":{"chainKey":{"counter":-1,"key":"9Rx94gywDML5X/OXZR6pyJvRBrgthEPFY5NF9LG378o="},"chainType":1,"messageKeys":{}}}}},"version":"v1"}