{"_sessions":{"BQdWdz3yUJj3EfYiVKCJmrDRXcBTiCByVGIOTnXNk1Jr":{"registrationId":1880233835,"currentRatchet":{"ephemeralKeyPair":{"pubKey":"BSzqjLz1CPsY4IIx8LnpOBVI19HGPmcFloPK38mtgCUz","privKey":"cJfp6tWwREAqrwD5m7dZtDXdNlYtBN2zWnU0jVnKcXg="},"lastRemoteEphemeralKey":"BfdWILZh/EMxKJt1uMnsne/5/Z5IiCBWjaYXfUKuIDUq","previousCounter":0,"rootKey":"FSBY+BZ1S8N7JXbziHEczR4xchzGY106tvkolD6UMGQ="},"indexInfo":{"baseKey":"BQdWdz3yUJj3EfYiVKCJmrDRXcBTiCByVGIOTnXNk1Jr","baseKeyType":1,"closed":-1,"used":1703322489730,"created":1703322489730,"remoteIdentityKey":"BaBRCDLKjJ1UbDnNM5lJPvYY0G50o+PttnOFQR9Y2s8x"},"_chains":{"BSzqjLz1CPsY4IIx8LnpOBVI19HGPmcFloPK38mtgCUz":{"chainKey":{"counter":10,"key":"dHygb/MBWhHJ+SmHJWVXBE9+OxdvFIWk0LCUjUvgt+c="},"chainType":1,"messageKeys":{}}},"pendingPreKey":{"signedKeyId":1,"baseKey":"BQdWdz3yUJj3EfYiVKCJmrDRXcBTiCByVGIOTnXNk1Jr","preKeyId":13312255}}},"version":"v1"}