{"_sessions":{"BfSOrU3IBeO0VjOuY2aW8t8mSV5GTD3uO2dVWM1InJ1E":{"registrationId":8187,"currentRatchet":{"ephemeralKeyPair":{"pubKey":"Be5pJAkxDH0l4D6omifdQvEX7jtZVlR/6UwROsSIGlZQ","privKey":"8KG/SzM/AdJ7cDjz4ih2xnLdeQwunBc0bs7f++XMAGk="},"lastRemoteEphemeralKey":"BW07JQtcTIEuyFaUt2N7QLJDZmAMldVk5nhC2FTjlDQ3","previousCounter":0,"rootKey":"jcHKytC18E9YO6dFt0UIlvUbgRV9fIcP2K03Ig7RsWM="},"indexInfo":{"baseKey":"BfSOrU3IBeO0VjOuY2aW8t8mSV5GTD3uO2dVWM1InJ1E","baseKeyType":1,"closed":-1,"used":1703296480855,"created":1703296480855,"remoteIdentityKey":"Bcmin4TncHwhbt/NVOTZxdxQFxMQLkzzVd9EBkjShgcv"},"_chains":{"Be5pJAkxDH0l4D6omifdQvEX7jtZVlR/6UwROsSIGlZQ":{"chainKey":{"counter":6,"key":"O5Kh01tXCKevimv2A0G02r83e6vRUVRJ1Uj4T3E4fwo="},"chainType":1,"messageKeys":{}}},"pendingPreKey":{"signedKeyId":3,"baseKey":"BfSOrU3IBeO0VjOuY2aW8t8mSV5GTD3uO2dVWM1InJ1E","preKeyId":5906}}},"version":"v1"}