{"_sessions":{"BRcGG3+6oOSAi3A88k/9+mmJ9/SGWWJ998/WWdwC0XBK":{"registrationId":1576693376,"currentRatchet":{"ephemeralKeyPair":{"pubKey":"BVDjr7/E8nEcHr+aRdH7e6SJas6x/zqN3LMkRgzV1Bx3","privKey":"0GeTgnOMlJecmdWnZzLj31h/a4kktdnA5jmBQAnhcWY="},"lastRemoteEphemeralKey":"BYu/9U4GHb3ZADwfk9tBDe4yKW6WvMimq9JeKyvNdLks","previousCounter":0,"rootKey":"TqGbg/wDhLYV4u5HyELF7WRloW54yBPWemrdcQ60k4k="},"indexInfo":{"baseKey":"BRcGG3+6oOSAi3A88k/9+mmJ9/SGWWJ998/WWdwC0XBK","baseKeyType":1,"closed":-1,"used":1703296482229,"created":1703296482229,"remoteIdentityKey":"BU9eE2XHgUkhCRmG1SrdI+PZbi+mc6LzFdyPGkaGeI8r"},"_chains":{"BVDjr7/E8nEcHr+aRdH7e6SJas6x/zqN3LMkRgzV1Bx3":{"chainKey":{"counter":6,"key":"ShNBfxFx/CvAPIA0degvWeTxH3XiVqphvuYg72JVn/A="},"chainType":1,"messageKeys":{}}},"pendingPreKey":{"signedKeyId":1,"baseKey":"BRcGG3+6oOSAi3A88k/9+mmJ9/SGWWJ998/WWdwC0XBK"}}},"version":"v1"}