{"_sessions":{"BZyXmvwXQJSNGuxKMFgy1DXAlaP1dpUuZGhAO25+03p3":{"registrationId":335198475,"currentRatchet":{"ephemeralKeyPair":{"pubKey":"BQHBFFHToXL+NnyjFtERnstLO5NoYz7uaHq11XXXqx5E","privKey":"sK+xkYw6I13kZcybFc95UcrV3xVXktIBSbnrlvWHc2Y="},"lastRemoteEphemeralKey":"BYgOsNwrQzv++Xrt9ny0ifU2qNNn2CuO/bqXVmV2C7Id","previousCounter":0,"rootKey":"DwcMNWhMfqqDwfu+ISa+Px3fqQg3+DKIaI15sQzs4f0="},"indexInfo":{"baseKey":"BZyXmvwXQJSNGuxKMFgy1DXAlaP1dpUuZGhAO25+03p3","baseKeyType":1,"closed":-1,"used":1703322489720,"created":1703322489720,"remoteIdentityKey":"BfL4r8NXs3icbG7/yHD9pVA9Ych/dX0e9/lqdTSSCvEL"},"_chains":{"BQHBFFHToXL+NnyjFtERnstLO5NoYz7uaHq11XXXqx5E":{"chainKey":{"counter":10,"key":"ZKxz7/juHL3FBZouFIqNYNFjY3kbcuBXZQebL+N3aXU="},"chainType":1,"messageKeys":{}}},"pendingPreKey":{"signedKeyId":11,"baseKey":"BZyXmvwXQJSNGuxKMFgy1DXAlaP1dpUuZGhAO25+03p3"}}},"version":"v1"}