{"_sessions":{"BWYbjUyszZUkp3mbKd1bfplNsIW8fRFTq7strDRgD1gs":{"registrationId":1323336477,"currentRatchet":{"ephemeralKeyPair":{"pubKey":"BUi69Arkqp4qK3Cw+XODGW5cYmbiVKJ8JhOLJ/gpmSQ7","privKey":"eG0fVG8TFd/ymuBHG02bzsBbFJOZ8q4Tbp/ChfFzjHE="},"lastRemoteEphemeralKey":"BYgy1zcCJxdav9daE1IDtXVvcAbbTFC4NCOn0FtWfrQK","previousCounter":0,"rootKey":"NTfkgTXQXqE324/Ry/1fL8AWNcbIZeZIszyGstdM/tw="},"indexInfo":{"baseKey":"BWYbjUyszZUkp3mbKd1bfplNsIW8fRFTq7strDRgD1gs","baseKeyType":1,"closed":-1,"used":1703296481986,"created":1703296481986,"remoteIdentityKey":"BYbm5Vk5n+7kUXVC2XVtn8iEOnlaDHmxZpSjdBg1GUxW"},"_chains":{"BUi69Arkqp4qK3Cw+XODGW5cYmbiVKJ8JhOLJ/gpmSQ7":{"chainKey":{"counter":6,"key":"GfXp8pRPniO0E4d/YNCLpo7emguJicG0kQH3RrvmTmE="},"chainType":1,"messageKeys":{}}},"pendingPreKey":{"signedKeyId":24,"baseKey":"BWYbjUyszZUkp3mbKd1bfplNsIW8fRFTq7strDRgD1gs","preKeyId":12467761}}},"version":"v1"}