{"_sessions":{"BYvNsv+iR9oG/wPQ8NKVC6uaRDYLM1dQbvMYzfquS5R5":{"registrationId":268026657,"currentRatchet":{"ephemeralKeyPair":{"pubKey":"BZg+CAevh9HWjO9YS6ebYjuKvuyrt90Ir7RwWJMNKJBR","privKey":"2LyN8XMdYOn5riwYwn6C/4230Syd5E5EjekE3HwOSk0="},"lastRemoteEphemeralKey":"BbxMmfbnlHgYACITf5TZRdEkvr8EUeQZRbDf2qqsAvt7","previousCounter":0,"rootKey":"hVLOQ+3WvM3jDZiqPFFQGpigNPwb0XV01sa5p8KMjMA="},"indexInfo":{"baseKey":"BYvNsv+iR9oG/wPQ8NKVC6uaRDYLM1dQbvMYzfquS5R5","baseKeyType":1,"closed":-1,"used":1703296481849,"created":1703296481849,"remoteIdentityKey":"Bcen0zCSGZw34Z6LEB/LIAuuyW7mTRBmIFjWh2285QUB"},"_chains":{"BZg+CAevh9HWjO9YS6ebYjuKvuyrt90Ir7RwWJMNKJBR":{"chainKey":{"counter":6,"key":"70yygbhch2C46i9no6HyAVgaDoJ4tREaMQyen/4C3qU="},"chainType":1,"messageKeys":{}}},"pendingPreKey":{"signedKeyId":0,"baseKey":"BYvNsv+iR9oG/wPQ8NKVC6uaRDYLM1dQbvMYzfquS5R5"}}},"version":"v1"}