{"_sessions":{"BeLFdvOX4xvHOEfoBIyKTMPKAUFwvG7gVCoIRGEedkU4":{"registrationId":693,"currentRatchet":{"ephemeralKeyPair":{"pubKey":"BZbKN3zeFuS0SFLrXFFlJkTPPsYiUMHHjAryk4Ma3ihZ","privKey":"MOO0bZlk2GuOmE/MXRbeoDHj59UYkAj27O4+zC8+NG8="},"lastRemoteEphemeralKey":"BSfgpaqsoE9IJhv5x3HzIIokrIoyIb7cIRrKFVuqDEFC","previousCounter":0,"rootKey":"y/Dc+TYISnROjVY7OGkhzLf9c5RfrQRs4pv2pHYpW6U="},"indexInfo":{"baseKey":"BeLFdvOX4xvHOEfoBIyKTMPKAUFwvG7gVCoIRGEedkU4","baseKeyType":1,"closed":-1,"used":1703296481352,"created":1703296481352,"remoteIdentityKey":"BdeMjqNCkRXKR2cGl3R0HWqu69+mXmZphtqoxwjg7CNd"},"_chains":{"BZbKN3zeFuS0SFLrXFFlJkTPPsYiUMHHjAryk4Ma3ihZ":{"chainKey":{"counter":6,"key":"OBC+FCl6Mwf9q8NvdeO1PD535OnOp6SuHhSqtlH7wa0="},"chainType":1,"messageKeys":{}}},"pendingPreKey":{"signedKeyId":1,"baseKey":"BeLFdvOX4xvHOEfoBIyKTMPKAUFwvG7gVCoIRGEedkU4","preKeyId":908}}},"version":"v1"}