{"_sessions":{"BcWPlRP/kA2OV/ecDrNczbOxZ9jAXBFvivmbd5ril2JG":{"registrationId":12862,"currentRatchet":{"ephemeralKeyPair":{"pubKey":"BSCLvcaAYt3kWWK3RIVovhGVlJ8ySMbUOeoKtzIeq6UX","privKey":"mG31FKNSo8AYfsA7kk6hOd/Fw4cFI6stFWNqXdudmFg="},"lastRemoteEphemeralKey":"BeqkyAZZUqC5EUOka/1uP0CieFvL85Ukl2EhvCpASDQ1","previousCounter":0,"rootKey":"Z9DtduTfCvqEi0jyPCMBp9IKtLISjt1DkuwujwgKcqQ="},"indexInfo":{"baseKey":"BcWPlRP/kA2OV/ecDrNczbOxZ9jAXBFvivmbd5ril2JG","baseKeyType":1,"closed":-1,"used":1703296480766,"created":1703296480766,"remoteIdentityKey":"BTb/VnbU4vF/FExgefNVZci3YFRDh60Ni1qC2+xxgwpI"},"_chains":{"BSCLvcaAYt3kWWK3RIVovhGVlJ8ySMbUOeoKtzIeq6UX":{"chainKey":{"counter":6,"key":"dJP1VWXvziK6O/XmOUfCh/9bKJAvWmiz0PPxOh/Z140="},"chainType":1,"messageKeys":{}}},"pendingPreKey":{"signedKeyId":1,"baseKey":"BcWPlRP/kA2OV/ecDrNczbOxZ9jAXBFvivmbd5ril2JG","preKeyId":1926}}},"version":"v1"}