{"_sessions":{"BfIbiSEz0E+Fg8QMMaHNwpImiYWmy+1nYaPIoUIgap1l":{"registrationId":637449677,"currentRatchet":{"ephemeralKeyPair":{"pubKey":"BeK7vv5mU8N59o6LQ6TLjShWpTCIJUqXa4r+9tVL+FYk","privKey":"gOwRWW2JBGG2Lfji5472R75HjVdIW0vE7HUW2im1TF4="},"lastRemoteEphemeralKey":"BUk24qJ+gg2brtbhyGM9dCKYnujUj899xZhIb9deWaJ2","previousCounter":0,"rootKey":"MPs9RhJSPaXS0u/eLcZtQamGfjWjSpc5O33A0fX50QI="},"indexInfo":{"baseKey":"BfIbiSEz0E+Fg8QMMaHNwpImiYWmy+1nYaPIoUIgap1l","baseKeyType":1,"closed":-1,"used":1703296482380,"created":1703296482380,"remoteIdentityKey":"BTZTZ4FI3mpy3sxxsSOTSSi87E8BjDCFrPLmdd+521Qg"},"_chains":{"BeK7vv5mU8N59o6LQ6TLjShWpTCIJUqXa4r+9tVL+FYk":{"chainKey":{"counter":6,"key":"Aw0Mn4C7B7/d9yn9svsoM4k2/Lhyym0TQhxFb+kdYFo="},"chainType":1,"messageKeys":{}}},"pendingPreKey":{"signedKeyId":3,"baseKey":"BfIbiSEz0E+Fg8QMMaHNwpImiYWmy+1nYaPIoUIgap1l","preKeyId":463527}}},"version":"v1"}