{"_sessions":{"BV+l34/6GN4ZRwm4DgMciipXbPI0HZM+QqFn1Ysidi0a":{"registrationId":219562442,"currentRatchet":{"ephemeralKeyPair":{"pubKey":"BQ7DoXt2AgTX8iveiW1LwIudQRu9YTPiwJVvwto5k7Un","privKey":"oK54w121aNXyhDD0IGIWxMivFUgWyZs+UnPzsRfU3GA="},"lastRemoteEphemeralKey":"BSVs4btjIi85So4MxDeZWMs24WX5QAFxhUNEgJ1+wc1x","previousCounter":0,"rootKey":"YbcMlP+QmRRlIoVDDg3y/znsYlvgPOCHj93XS/qCCbE="},"indexInfo":{"baseKey":"BV+l34/6GN4ZRwm4DgMciipXbPI0HZM+QqFn1Ysidi0a","baseKeyType":1,"closed":-1,"used":1703322489804,"created":1703322489804,"remoteIdentityKey":"BZ2ZJZvez/5HqD7KunPkCbiI5JixBUQiWF6yHu2+3zII"},"_chains":{"BQ7DoXt2AgTX8iveiW1LwIudQRu9YTPiwJVvwto5k7Un":{"chainKey":{"counter":10,"key":"1SiED+36VWZs9IdxJd65D2q6cyjky/rKfhM4wElkqLA="},"chainType":1,"messageKeys":{}}},"pendingPreKey":{"signedKeyId":1,"baseKey":"BV+l34/6GN4ZRwm4DgMciipXbPI0HZM+QqFn1Ysidi0a","preKeyId":13776287}}},"version":"v1"}