{"_sessions":{"BfiQpEc5SMiKPAZi2Mu47wjG93myM2ki/ddkU5bb3pcy":{"registrationId":451209960,"currentRatchet":{"ephemeralKeyPair":{"pubKey":"BTys5JHLoI+i6TdNbc+o5M+VBsXpqmmOVfYh9cB7CyFO","privKey":"KBkjS4aehLF+YXDhFehzlbihIOAr91vg67iIKmliOlo="},"lastRemoteEphemeralKey":"BdqOsyr5GC8/hRBOYAzR+JfFQZKDfZT0w2jzkFM6Rq1n","previousCounter":0,"rootKey":"dceFmLhy6iVJ0OZdc2ek5cVPb0/5KsgiTviJRNYWGE8="},"indexInfo":{"baseKey":"BfiQpEc5SMiKPAZi2Mu47wjG93myM2ki/ddkU5bb3pcy","baseKeyType":2,"closed":-1,"used":1703384401986,"created":1703384401986,"remoteIdentityKey":"BeRm/WOr4F4xHfnqzvVJ7isagSDdbygMd8sbxJmDgx99"},"_chains":{"BdqOsyr5GC8/hRBOYAzR+JfFQZKDfZT0w2jzkFM6Rq1n":{"chainKey":{"counter":9,"key":"i9hRuA+mWdSJu7uWEeJyYnFNhcR+rO85SH+mhlqjxXc="},"chainType":2,"messageKeys":{"0":"IEZtiI0jmU7nVxmjSZC4qHBwfWWldyjbs+32H8jh/Is="}},"BTys5JHLoI+i6TdNbc+o5M+VBsXpqmmOVfYh9cB7CyFO":{"chainKey":{"counter":-1,"key":"ZsnJiIzA7siNcsGq7e/yj+U4/Sbq1ulnMB+PGe7pXWg="},"chainType":1,"messageKeys":{}}}}},"version":"v1"}