{"_sessions":{"BVHfrcjEUbyYAWFkNgIzRbQgnXqkwre+SozEuEnAjAo4":{"registrationId":22008428,"currentRatchet":{"ephemeralKeyPair":{"pubKey":"BTVyEQRQb+4cSdSSlo6kRYJuDrUOBiDMFa9jDA3ecrpD","privKey":"SDtjUX6Mrfqz9aJL4NC7ClnOzAT5fljPRt1VRr8jg18="},"lastRemoteEphemeralKey":"BbmbKFLD7fdOM3RotHr0miG2SfF7dtAiV3f0YRAJ2/gg","previousCounter":0,"rootKey":"Tee6HYBVfuA4qWAVIvGyQcC6Gg5xEubvKBOFkApqm50="},"indexInfo":{"baseKey":"BVHfrcjEUbyYAWFkNgIzRbQgnXqkwre+SozEuEnAjAo4","baseKeyType":1,"closed":-1,"used":1703296480152,"created":1703296480152,"remoteIdentityKey":"BcowtxFOWSZEFmYg5qRDj4j/sD3wDHVUtHY5Xna8qY4+"},"_chains":{"BTVyEQRQb+4cSdSSlo6kRYJuDrUOBiDMFa9jDA3ecrpD":{"chainKey":{"counter":6,"key":"LLUym7/2b+GsPKAo+ZFIUvlsbGXZ9w70II2B1IkQ4e0="},"chainType":1,"messageKeys":{}}},"pendingPreKey":{"signedKeyId":65,"baseKey":"BVHfrcjEUbyYAWFkNgIzRbQgnXqkwre+SozEuEnAjAo4","preKeyId":2153479}}},"version":"v1"}