{"_sessions":{"BfnrH1LiauWc2lRNPFMEC4Up0RuJk9spe9CGPEjAQ71w":{"registrationId":335,"currentRatchet":{"ephemeralKeyPair":{"pubKey":"BVe67wsu5v8/IDz0gZWb8bw8ZTK7cA5GSmA9u2YYtQ8W","privKey":"0ESB9t36oh3cycwXjrTH2YskJCYhGRsfGXY+ZF0/2WU="},"lastRemoteEphemeralKey":"BbqNElo9FGMHii1g/titgv6mK0WG/XQW/z0PmDP5lz1D","previousCounter":0,"rootKey":"SpTAlyzggKvEkhUfPyrNQkG2uddoXR4Wjhw3d8Vs2/0="},"indexInfo":{"baseKey":"BfnrH1LiauWc2lRNPFMEC4Up0RuJk9spe9CGPEjAQ71w","baseKeyType":1,"closed":-1,"used":1703296480907,"created":1703296480907,"remoteIdentityKey":"BVYCNsK0HAMkkznt2SIpp+rOfmmYrfdAPYsNTYwqe+g6"},"_chains":{"BVe67wsu5v8/IDz0gZWb8bw8ZTK7cA5GSmA9u2YYtQ8W":{"chainKey":{"counter":6,"key":"c7paLAupo0j7vAO+ueOYb/fkoY7eEoqg7WwsCGfVc10="},"chainType":1,"messageKeys":{}}},"pendingPreKey":{"signedKeyId":1,"baseKey":"BfnrH1LiauWc2lRNPFMEC4Up0RuJk9spe9CGPEjAQ71w"}}},"version":"v1"}