{"_sessions":{"BWX1nbh6kXYSgGKDQTqLDC8FomdUPwkQkgIckFsumYVl":{"registrationId":1500036827,"currentRatchet":{"ephemeralKeyPair":{"pubKey":"BXiUpgbFAMGqDZkQW98oJtzCZGkaBHS7TUQ51eHCxckg","privKey":"+F3IigPIHKGAGbBwvzZJDjFY0De008LwvtS5D/pVhlg="},"lastRemoteEphemeralKey":"BSMLEPDMd+2ZMN0jJnVwPOovMoOaWyy0t9BcwwPF9FU3","previousCounter":0,"rootKey":"TPozvJCeicXSJnwgYw/reeaoT0pj/28joizFBXihXW4="},"indexInfo":{"baseKey":"BWX1nbh6kXYSgGKDQTqLDC8FomdUPwkQkgIckFsumYVl","baseKeyType":1,"closed":-1,"used":1703322489712,"created":1703322489712,"remoteIdentityKey":"Bc4RuOBv2i5ZvB+rAATyZlpkCbj9rjpNiU33tlQTsKt+"},"_chains":{"BXiUpgbFAMGqDZkQW98oJtzCZGkaBHS7TUQ51eHCxckg":{"chainKey":{"counter":10,"key":"Pyn0P13deZ7wRq9SlHwXMOvLNVzogMH7DmXIeRhrwOk="},"chainType":1,"messageKeys":{}}},"pendingPreKey":{"signedKeyId":22,"baseKey":"BWX1nbh6kXYSgGKDQTqLDC8FomdUPwkQkgIckFsumYVl","preKeyId":12096778}}},"version":"v1"}