{"_sessions":{"BXb3Tb/i14v4CbCgba907YdIMrvsE5WQzJyDtzXJ6yUs":{"registrationId":393718219,"currentRatchet":{"ephemeralKeyPair":{"pubKey":"BbC9EsR8vcNPBXPedIJaAowlrv/Ko5z4cyoxJi8kOv59","privKey":"OAwWZcAXHA0UI0N7cd9Qae7A1kbOVReljpSdt1cpVWE="},"lastRemoteEphemeralKey":"Be+dbwM1s0zoU30xTK1M1vdestjlMcBOcTK7tLEdmGl+","previousCounter":0,"rootKey":"rJO08W5VIb9M2RpiKaFB643lAmzZT6t+yQaNa9RGG6I="},"indexInfo":{"baseKey":"BXb3Tb/i14v4CbCgba907YdIMrvsE5WQzJyDtzXJ6yUs","baseKeyType":1,"closed":-1,"used":1703322489693,"created":1703322489693,"remoteIdentityKey":"BXMX+PdF/OSgPndZO6bk1VPbIjNJ2rsyZ0DswmQqtqtM"},"_chains":{"BbC9EsR8vcNPBXPedIJaAowlrv/Ko5z4cyoxJi8kOv59":{"chainKey":{"counter":10,"key":"Si9hTHqYDyR02h/OQxoWotHIsXTKUtcyuhXj1ewMANs="},"chainType":1,"messageKeys":{}}},"pendingPreKey":{"signedKeyId":0,"baseKey":"BXb3Tb/i14v4CbCgba907YdIMrvsE5WQzJyDtzXJ6yUs","preKeyId":454306}}},"version":"v1"}