{"_sessions":{"BaXVIxZ7420o5JFM/Rdrlkv6AT0vGlzVT7XoLG/VLFYa":{"registrationId":15162,"currentRatchet":{"ephemeralKeyPair":{"pubKey":"BYGhcklHr2YcN6Rllpl/+LD/ZXVtLDw5KMv83MFxidpf","privKey":"uP1s+whCBS9Yf/SpN/8UnpzEG2RMFHjNZu/WZGBO8lg="},"lastRemoteEphemeralKey":"BUP5Q4kERJJF3tXsjtcXb5CgSFuRkl37hWsnAbSansAf","previousCounter":0,"rootKey":"B7EROCATe92LuGwuaOB9aEayRMT/JmhnXoU7ozVHAcQ="},"indexInfo":{"baseKey":"BaXVIxZ7420o5JFM/Rdrlkv6AT0vGlzVT7XoLG/VLFYa","baseKeyType":1,"closed":-1,"used":1703296480271,"created":1703296480271,"remoteIdentityKey":"Be9ynn+hHVeK4gHEs2D7eUaaAHst+K1RqoiJNbTq4Ror"},"_chains":{"BYGhcklHr2YcN6Rllpl/+LD/ZXVtLDw5KMv83MFxidpf":{"chainKey":{"counter":6,"key":"fKfIwiyrVUcqzc1TXtFtjEwQsXY0jw64elUSek+6CR4="},"chainType":1,"messageKeys":{}}},"pendingPreKey":{"signedKeyId":1,"baseKey":"BaXVIxZ7420o5JFM/Rdrlkv6AT0vGlzVT7XoLG/VLFYa","preKeyId":919}}},"version":"v1"}