{"_sessions":{"BTPbeWKsAc5Uor1bjlSj4gJO/gDUUNMX+wfyoGHia0hl":{"registrationId":10534,"currentRatchet":{"ephemeralKeyPair":{"pubKey":"BWarpUfHiBKhr7PvwIdw3D0iEx2kO6i+6YERJ9Yy1zI1","privKey":"0PlY1qPlhQwjEisHZ3hbce8OHY81LTA0UmtPEYS5bUs="},"lastRemoteEphemeralKey":"BZnU0IMCYxJCoPkMRqM9P7NES8garW9oUiXrEFw164M3","previousCounter":0,"rootKey":"U9fVuS6WvGg3p2XW+a/mM3Qb5aXk75uNxHD9XNPyEFc="},"indexInfo":{"baseKey":"BTPbeWKsAc5Uor1bjlSj4gJO/gDUUNMX+wfyoGHia0hl","baseKeyType":1,"closed":-1,"used":1703296480466,"created":1703296480466,"remoteIdentityKey":"BWCQZoXEJKNPbHzJBI1NbI9Sim80aeBi/GuoBb2xu2AL"},"_chains":{"BWarpUfHiBKhr7PvwIdw3D0iEx2kO6i+6YERJ9Yy1zI1":{"chainKey":{"counter":6,"key":"xwSApH3B93MmagJ90mnwo1NzC0lgZ6USr3+KiBmMu9M="},"chainType":1,"messageKeys":{}}},"pendingPreKey":{"signedKeyId":1,"baseKey":"BTPbeWKsAc5Uor1bjlSj4gJO/gDUUNMX+wfyoGHia0hl"}}},"version":"v1"}