{"_sessions":{"Bfcz0BTXVyCd24tKku13YMIDUDew6pgPKYYWI+rDwUUS":{"registrationId":992010593,"currentRatchet":{"ephemeralKeyPair":{"pubKey":"BYdFacbJ7Lb39iFk7Hnavh0EMlSrACjqppBnPSIlBw9E","privKey":"aD7MyAlJYQCleiCUo2B49MFvL1uIvTOrWk/eK6EbYEk="},"lastRemoteEphemeralKey":"BYtOsoXt4GokZbl7HxxZbJStzyLW4gM7I6wHvCYwx4MD","previousCounter":0,"rootKey":"1M5so+YOJulBx6Njlrt6eGI8LTLRYC+Ht4t3pawC3PM="},"indexInfo":{"baseKey":"Bfcz0BTXVyCd24tKku13YMIDUDew6pgPKYYWI+rDwUUS","baseKeyType":1,"closed":-1,"used":1703296481940,"created":1703296481940,"remoteIdentityKey":"BSzVRqi9fLWMoNgdtV3i6/lZdBpiTYKhNWLx+G8Aw+Zt"},"_chains":{"BYdFacbJ7Lb39iFk7Hnavh0EMlSrACjqppBnPSIlBw9E":{"chainKey":{"counter":6,"key":"cUgoR8OOfPfQovB8XJVc1ZioHUfWn+yy+9WAihisGKA="},"chainType":1,"messageKeys":{}}},"pendingPreKey":{"signedKeyId":14,"baseKey":"Bfcz0BTXVyCd24tKku13YMIDUDew6pgPKYYWI+rDwUUS","preKeyId":272093}}},"version":"v1"}