{"_sessions":{"Bd7tz+3MxJA59S9JQwcLmI6YkmU5CWFxeGGKE7FpLXkQ":{"registrationId":1786908531,"currentRatchet":{"ephemeralKeyPair":{"pubKey":"BYwtYTiV+R0pUlu1Sr0JvCIuJPHoWbgwMWxl2aM9mUdo","privKey":"2CjQITGgixwtxcwoylyvbd5HvgmrmY8/yFqckNAez20="},"lastRemoteEphemeralKey":"BXRqvSZ82wNnFmuRalBoXmriwxXKtedBUBfp7TDBCUd4","previousCounter":0,"rootKey":"lbalay1x50LVMEnPF9uMQ1NmMwvrdXTX7XQJ+0zu0Ho="},"indexInfo":{"baseKey":"Bd7tz+3MxJA59S9JQwcLmI6YkmU5CWFxeGGKE7FpLXkQ","baseKeyType":1,"closed":-1,"used":1703296482124,"created":1703296482124,"remoteIdentityKey":"BZR5gMLhZ833gKAGh7MJ/wqHqWGLT1etJKjGKHSSjHQ9"},"_chains":{"BYwtYTiV+R0pUlu1Sr0JvCIuJPHoWbgwMWxl2aM9mUdo":{"chainKey":{"counter":6,"key":"FGF+zsJ6lQ1p511iLwHnLFQl8wUccNq9l/Hwojo9rF0="},"chainType":1,"messageKeys":{}}},"pendingPreKey":{"signedKeyId":6,"baseKey":"Bd7tz+3MxJA59S9JQwcLmI6YkmU5CWFxeGGKE7FpLXkQ","preKeyId":10680751}}},"version":"v1"}