{"_sessions":{"BdHriLfDiPSou4sHlYA9pLXLZp5rToyXhZnsyqACzGFi":{"registrationId":710262953,"currentRatchet":{"ephemeralKeyPair":{"pubKey":"BYOLCJdhL/ZR2XSTIUA4Gx5Ys9bOOfBCt2T6J86Exs1P","privKey":"kD4wLMfO7d2TwxDa7ipz9/uGRO6L7wXA30BOCUjpq0g="},"lastRemoteEphemeralKey":"BcPSJIDXsI1zEmJfaSMbYMWLiTTGpW+WHW5Qk25uSstO","previousCounter":0,"rootKey":"jMSJyA9hHipgQM3RI2qdjKYiwHuxtbyQI0M6P5pTahU="},"indexInfo":{"baseKey":"BdHriLfDiPSou4sHlYA9pLXLZp5rToyXhZnsyqACzGFi","baseKeyType":1,"closed":-1,"used":1703296482311,"created":1703296482311,"remoteIdentityKey":"BVpHJiYPb3/nXDBKY3C2beRRwOhg7lrBc5YUZRVRh0I+"},"_chains":{"BYOLCJdhL/ZR2XSTIUA4Gx5Ys9bOOfBCt2T6J86Exs1P":{"chainKey":{"counter":6,"key":"DFhMQdSySSunahHrilD//evVVB9AWn0fj/dIzgaI0ZY="},"chainType":1,"messageKeys":{}}},"pendingPreKey":{"signedKeyId":18,"baseKey":"BdHriLfDiPSou4sHlYA9pLXLZp5rToyXhZnsyqACzGFi","preKeyId":2244841}}},"version":"v1"}