{"_sessions":{"BYk/Hi45UOUmlZvhjdeXDx+7P6n5t5h/fNnkPSxB5oQz":{"registrationId":12101,"currentRatchet":{"ephemeralKeyPair":{"pubKey":"BbBXH8eQEvS/+JwbBf4Mr9ojMNg0Qu3Nxk3X0qgjA4Ey","privKey":"wGMPsLQZvzJn7yEj1P4jEQSQUpgc4EXkNmJO8eMkXVA="},"lastRemoteEphemeralKey":"BVXtSMjFEC6F09ePlUqgjFo5H8q9T4btS+4+F7+YnHEo","previousCounter":0,"rootKey":"JVvSgSFhRKxIZUJbG27jEmpSxLF08HBUctgk9MKFGUM="},"indexInfo":{"baseKey":"BYk/Hi45UOUmlZvhjdeXDx+7P6n5t5h/fNnkPSxB5oQz","baseKeyType":1,"closed":-1,"used":1703296481487,"created":1703296481487,"remoteIdentityKey":"BdKDs6x7nwJ7AJrNdLy/bbqvu4MJ3nQR3b98YRCOZE9j"},"_chains":{"BbBXH8eQEvS/+JwbBf4Mr9ojMNg0Qu3Nxk3X0qgjA4Ey":{"chainKey":{"counter":6,"key":"2wxC+ZgpnGjS4T3vqRLxVd6EZl7hapCeMxB9O3PMppw="},"chainType":1,"messageKeys":{}}},"pendingPreKey":{"signedKeyId":1,"baseKey":"BYk/Hi45UOUmlZvhjdeXDx+7P6n5t5h/fNnkPSxB5oQz"}}},"version":"v1"}