{"_sessions":{"BdDtG1Yv178a/JbseixZKa/qG0WXsaT6nCSgO5bAtVYh":{"registrationId":1165279166,"currentRatchet":{"ephemeralKeyPair":{"pubKey":"BQftV8rGTOsAXKxLs53iscehPC/pkA/06IB+shwYvywS","privKey":"QH0IYacLSEfL6t9+rtTtAfV5nOfGlwHnZsKueKx22FQ="},"lastRemoteEphemeralKey":"BbE/WcC2JW3SeJ/ttoW8Q4FkkkCsIJ4/Y39aAZ/dJLI0","previousCounter":0,"rootKey":"0dhssG5+1FHxgd8ZTjU1D50recvDwpY7pHrZJiHeOeg="},"indexInfo":{"baseKey":"BdDtG1Yv178a/JbseixZKa/qG0WXsaT6nCSgO5bAtVYh","baseKeyType":1,"closed":-1,"used":1703296481064,"created":1703296481064,"remoteIdentityKey":"BSFW+fILA6W+sTRET7o1IyAiQazJhEv/N6qjPzh3HaAY"},"_chains":{"BQftV8rGTOsAXKxLs53iscehPC/pkA/06IB+shwYvywS":{"chainKey":{"counter":6,"key":"ZlLt/7icfXYf1f/AdHlvTSGooJaaVUIrRPfIOldW+Wo="},"chainType":1,"messageKeys":{}}},"pendingPreKey":{"signedKeyId":1,"baseKey":"BdDtG1Yv178a/JbseixZKa/qG0WXsaT6nCSgO5bAtVYh","preKeyId":839774}}},"version":"v1"}