{"_sessions":{"BarcoQF7YGEF7s8XbPZlglHwNzsTpX5fM0XwLdM3/jYl":{"registrationId":777270163,"currentRatchet":{"ephemeralKeyPair":{"pubKey":"BXRuLLLRCdiQdpX1GUKNVQfjAa76oDpgkiefwwzPgc5a","privKey":"oNCX8ES714739qN6MFg6vyYLk9EcoA8gj7zL1VvPlFE="},"lastRemoteEphemeralKey":"BTD59pT86ZAY8WDPH9NxkGJ04mK98QL9f4ynmL1tQfAL","previousCounter":0,"rootKey":"aP4Ozmd5yLiVwOvp2F5UD/X3NSOxHjtnPR1uorCjS3c="},"indexInfo":{"baseKey":"BarcoQF7YGEF7s8XbPZlglHwNzsTpX5fM0XwLdM3/jYl","baseKeyType":1,"closed":-1,"used":1703296482465,"created":1703296482465,"remoteIdentityKey":"BaXDoX3UyAX4fG+BhNebjCQFJVSsAiVOcPrOtgZwV1c+"},"_chains":{"BXRuLLLRCdiQdpX1GUKNVQfjAa76oDpgkiefwwzPgc5a":{"chainKey":{"counter":6,"key":"Y8jv/z/ZgR/cGnXWLoCeEkbfBACw/EAIHd7y1+RVmD4="},"chainType":1,"messageKeys":{}}},"pendingPreKey":{"signedKeyId":8,"baseKey":"BarcoQF7YGEF7s8XbPZlglHwNzsTpX5fM0XwLdM3/jYl","preKeyId":15535525}}},"version":"v1"}