{"_sessions":{"BSXGutCR55SjVkARD+dWZy5t8Rc2os5GunV9vpY59utg":{"registrationId":16207,"currentRatchet":{"ephemeralKeyPair":{"pubKey":"BR2As7AfU+cAFGHkihILlWwdvxLiWhAHxOGwIsp+8fMu","privKey":"ABQ3EcIzxWLc/yg/YSTgMvqpWofh91nbOWidVz0Ahmc="},"lastRemoteEphemeralKey":"BRRZa74k7D1nTOYIsVX65psZegiW78c4PF6IpLCBrOtS","previousCounter":0,"rootKey":"Nch/fcMC4T+EHEchu5x9mnDJzt2DGs4P66FOg3YYyzw="},"indexInfo":{"baseKey":"BSXGutCR55SjVkARD+dWZy5t8Rc2os5GunV9vpY59utg","baseKeyType":1,"closed":-1,"used":1703296480978,"created":1703296480978,"remoteIdentityKey":"BbsquYOH1ex4HHbdPwiokxaRIUumZUrWbOLOqhDvbBMy"},"_chains":{"BR2As7AfU+cAFGHkihILlWwdvxLiWhAHxOGwIsp+8fMu":{"chainKey":{"counter":6,"key":"UmFa3V6wXt7xjMwJlk7AQHE8nM7d0Brr47hZcO5elME="},"chainType":1,"messageKeys":{}}},"pendingPreKey":{"signedKeyId":2,"baseKey":"BSXGutCR55SjVkARD+dWZy5t8Rc2os5GunV9vpY59utg","preKeyId":5570}}},"version":"v1"}