{"_sessions":{"BT+nzhaq01J+lNMb2zdMZMuL/b4jOdl6MTPVyzldP4Fd":{"registrationId":2898,"currentRatchet":{"ephemeralKeyPair":{"pubKey":"BTXWXjBEBAIlF5L0LfzLqidOedLPHg7WstkYxL71GzMi","privKey":"aBf72C2IRImOn1eqs8CT0C1yU0HbXjsgz9KvB4BY6nw="},"lastRemoteEphemeralKey":"Bb8QOFamKhRYjMFkRSCQWqKtXWgjqLEXFzp9DQkbWEpo","previousCounter":0,"rootKey":"ENfu+ns60uljz8/3xCXu81L8cGCEvWVxo80wPNnE2tA="},"indexInfo":{"baseKey":"BT+nzhaq01J+lNMb2zdMZMuL/b4jOdl6MTPVyzldP4Fd","baseKeyType":1,"closed":-1,"used":1703296480955,"created":1703296480955,"remoteIdentityKey":"BRsucOF4MfglRPszlM9QqbJzBddmKg17syJyLPgr+Mdf"},"_chains":{"BTXWXjBEBAIlF5L0LfzLqidOedLPHg7WstkYxL71GzMi":{"chainKey":{"counter":6,"key":"nb18g+/ltbZi7O61MJZ2nr1GB+4z2vknolkB+emui0M="},"chainType":1,"messageKeys":{}}},"pendingPreKey":{"signedKeyId":1,"baseKey":"BT+nzhaq01J+lNMb2zdMZMuL/b4jOdl6MTPVyzldP4Fd"}}},"version":"v1"}