{"_sessions":{"BUNEYhHswwtollDvL/ikZ34f6zxv8A4zkBBUKe6mr7QD":{"registrationId":97828322,"currentRatchet":{"ephemeralKeyPair":{"pubKey":"BdjCyET0KCGEQSYmABBi2vlYL0IbhTZMs9DpObe/9jZT","privKey":"sCJtfncVhMu/D7FUYf89CNgGIZJFaZtbnvMKL/WMUXQ="},"lastRemoteEphemeralKey":"BbnW0JrA626cNhhw4/xQ+eAMLAw7YCBn431LI8vz8ysP","previousCounter":0,"rootKey":"HGdEk8ue3bGolsdDmVQi5Dx0Xg6cJe34RwpU2gBREUk="},"indexInfo":{"baseKey":"BUNEYhHswwtollDvL/ikZ34f6zxv8A4zkBBUKe6mr7QD","baseKeyType":1,"closed":-1,"used":1703322489749,"created":1703322489749,"remoteIdentityKey":"BQcpD+nVWqXdhPjt+eV0jqJpIHL39OGJty22lCiCsfES"},"_chains":{"BdjCyET0KCGEQSYmABBi2vlYL0IbhTZMs9DpObe/9jZT":{"chainKey":{"counter":10,"key":"Q9/k5q3pLvfX7LFStIdxzHk3eZPqNdTSy51CJA6BpTI="},"chainType":1,"messageKeys":{}}},"pendingPreKey":{"signedKeyId":20,"baseKey":"BUNEYhHswwtollDvL/ikZ34f6zxv8A4zkBBUKe6mr7QD","preKeyId":8159958}}},"version":"v1"}