{"_sessions":{"BdLE2VeKflU0nD+lKQLUjJFpRxUEJ/ESauguaQ8v1q8d":{"registrationId":205088771,"currentRatchet":{"ephemeralKeyPair":{"pubKey":"BSXUfpdFFa5eaMkfFGZ6kd8LTTA5LDbisUGV0MjCUbY0","privKey":"KLqLUyP45ipbfHJRlG9p0b42mbCAaWxWmz40/YmV2HE="},"lastRemoteEphemeralKey":"BUgTqAnsgDWhXNRBIFKBv/863Qc4+tkfzAUiMwSYIYo/","previousCounter":10,"rootKey":"329Y8StFb2bUVYtspP90ygRB344Ivcm3QW5wyxPbKr0="},"indexInfo":{"baseKey":"BdLE2VeKflU0nD+lKQLUjJFpRxUEJ/ESauguaQ8v1q8d","baseKeyType":1,"closed":-1,"used":1703384389948,"created":1703322489754,"remoteIdentityKey":"BUQq2h1vSSUYuXPzVoUfJalmemor02iNL2Y86isd7b4l"},"_chains":{"BUgTqAnsgDWhXNRBIFKBv/863Qc4+tkfzAUiMwSYIYo/":{"chainKey":{"counter":0,"key":"GvjZ3/q5xd4kEig6ZY3X/9YY50s7C/tI3B7Axt3E9Gc="},"chainType":2,"messageKeys":{}},"BSXUfpdFFa5eaMkfFGZ6kd8LTTA5LDbisUGV0MjCUbY0":{"chainKey":{"counter":-1,"key":"8LghuQdJtEYxZE1xnpxZyYfs6+9fQPpkOeAYWcZpWiY="},"chainType":1,"messageKeys":{}}}}},"version":"v1"}