{"_sessions":{"BfxZBMVqRrDTdxNX240jJl0V3lb7gw4rfyboLZXRyzUM":{"registrationId":863183794,"currentRatchet":{"ephemeralKeyPair":{"pubKey":"BT0By1+GZFJX1aaXUxoS8jnB6HmKpZErWUQS1yxe8J5R","privKey":"cK3Yp0ZNrJYX5gqQxocvds3lesc1BRjaWWLE+4uSQEc="},"lastRemoteEphemeralKey":"Bdyz1Ls1ZaWIEtuBN8pUBplQ/h1Jt9YxYXWbxdhTbTNc","previousCounter":0,"rootKey":"UVolEq6FJL090tqM7sOffmvh8y+y2wzi2FLqoDc6CaU="},"indexInfo":{"baseKey":"BfxZBMVqRrDTdxNX240jJl0V3lb7gw4rfyboLZXRyzUM","baseKeyType":1,"closed":-1,"used":1703296482249,"created":1703296482249,"remoteIdentityKey":"Bfm4paXFZJpchFDa5MFmEEOF6Rk91yvidh1YFYBtd+1N"},"_chains":{"BT0By1+GZFJX1aaXUxoS8jnB6HmKpZErWUQS1yxe8J5R":{"chainKey":{"counter":6,"key":"gGHIn2UkWMDXmtl6qfdOKZ6BQHPG29sx0jCC12YKJ30="},"chainType":1,"messageKeys":{}}},"pendingPreKey":{"signedKeyId":19,"baseKey":"BfxZBMVqRrDTdxNX240jJl0V3lb7gw4rfyboLZXRyzUM","preKeyId":4892248}}},"version":"v1"}