{"_sessions":{"BVO3+66GDpDJPzk47pOT2gQvpYPeeehtQz8n4YsDkIwK":{"registrationId":897691790,"currentRatchet":{"ephemeralKeyPair":{"pubKey":"BaRwLBIONIzrFY7KSfYijYONXaw3epYU0YyrF+jylsEU","privKey":"aAfcSsUPSIKmlpGVBhgrPTayzg8BMtQb/gCPIuR80X4="},"lastRemoteEphemeralKey":"BehZRTSw7TuMMhQI2JgD/N7jBnvlZ9oc/XL6P1c6GZ5c","previousCounter":0,"rootKey":"S2dEh7SyR2jVO8RGx1/FW0Sku9cwnpS3foTkJbtaOhw="},"indexInfo":{"baseKey":"BVO3+66GDpDJPzk47pOT2gQvpYPeeehtQz8n4YsDkIwK","baseKeyType":2,"closed":-1,"used":1703303343375,"created":1703303343375,"remoteIdentityKey":"BXJAy0RI1W7FEJdkddOiYCm884DUewXSmfhPTWxeluAB"},"_chains":{"BehZRTSw7TuMMhQI2JgD/N7jBnvlZ9oc/XL6P1c6GZ5c":{"chainKey":{"counter":3,"key":"34fcWk4eaf4ltdGYO0r9nFRLTmyd3V1k//HgB3RYZ98="},"chainType":2,"messageKeys":{}},"BaRwLBIONIzrFY7KSfYijYONXaw3epYU0YyrF+jylsEU":{"chainKey":{"counter":-1,"key":"+jazCrQR+1YQYCwo/2roI/Hoz/rpIx4l+hrZgEP7Zbs="},"chainType":1,"messageKeys":{}}}}},"version":"v1"}