{"_sessions":{"Be2HGo03b5KMBYLDuis3WqkOKt3cvDwLfFV1R+8y3K1F":{"registrationId":616150585,"currentRatchet":{"ephemeralKeyPair":{"pubKey":"BSnPiBza9mjZwah5XqQtjNm+yUKJdV7XWO9HO6uLNwkh","privKey":"QET1plcWBTB8mXCfwKoNA32ffaQfPbo7ppdB+5mFv3E="},"lastRemoteEphemeralKey":"BeXNimWxiguyj6RXLbtuVBCMxShAE6Lsz7ew0y+ze0dI","previousCounter":0,"rootKey":"AK8g2RtgBvci7iIjaqtqP21mloGQWb8HcwK0pmrwCwo="},"indexInfo":{"baseKey":"Be2HGo03b5KMBYLDuis3WqkOKt3cvDwLfFV1R+8y3K1F","baseKeyType":1,"closed":-1,"used":1703298462311,"created":1703298462311,"remoteIdentityKey":"BcuiU4YY2VW42NE667yp89WbayWomIUWUxDlkX1fr1pS"},"_chains":{"BSnPiBza9mjZwah5XqQtjNm+yUKJdV7XWO9HO6uLNwkh":{"chainKey":{"counter":2,"key":"Hhyb4oSuq9guWoE+z+Zr5AumB5TK2ijsBnO8BDyWCS4="},"chainType":1,"messageKeys":{}}},"pendingPreKey":{"signedKeyId":13,"baseKey":"Be2HGo03b5KMBYLDuis3WqkOKt3cvDwLfFV1R+8y3K1F","preKeyId":6252971}}},"version":"v1"}