{"_sessions":{"BevCpmx1A3LOdgxF/kBf8neW00EnsKCdiYbfw9qxc8B+":{"registrationId":1011836754,"currentRatchet":{"ephemeralKeyPair":{"pubKey":"BY9lNFvooDQZKRQK6O3Sii+BuZldaP0K22uFm3mt3OUC","privKey":"mP5VWEilImJbfvjDtwgZSiu3V9Qm8oRS8Q0Q/AgbvVg="},"lastRemoteEphemeralKey":"BUe0VMazpRJ8PF9Uf/VpLbuRQtmpGMLw1TqCeEenzTNi","previousCounter":0,"rootKey":"RHfzo07ONxjeBOnSr2zLuT1SGqZ8JqZtjXdi7WNDTho="},"indexInfo":{"baseKey":"BevCpmx1A3LOdgxF/kBf8neW00EnsKCdiYbfw9qxc8B+","baseKeyType":2,"closed":-1,"used":1703305485877,"created":1703305485877,"remoteIdentityKey":"BVTU2ERMJ1rVO5Vbbj8PheU3quAzMlkt2CZExSW3VkEM"},"_chains":{"BUe0VMazpRJ8PF9Uf/VpLbuRQtmpGMLw1TqCeEenzTNi":{"chainKey":{"counter":3,"key":"rU8/WTXQEHhE+mRC6RYmk/03LgTYzwc1/sfINxGQmz8="},"chainType":2,"messageKeys":{"0":"gu3IEjG8r+NTUfJWHy3t+FGzw83GPmRyH5Ovuk8mVz8=","1":"ecUzx5v5dNdR3W9zCEkQ4amAY7TGYeJ2eGh/V17Btrg="}},"BY9lNFvooDQZKRQK6O3Sii+BuZldaP0K22uFm3mt3OUC":{"chainKey":{"counter":-1,"key":"B0Fk2ps8i1t5X7+AeBB7JTAwfwU+O6TnhOaF9fBsvzQ="},"chainType":1,"messageKeys":{}}}}},"version":"v1"}