{"_sessions":{"BUwt/XYTmUMCDPXcPCA1wKf1A/9N0Fwz0UNBv0ac8zkY":{"registrationId":182766156,"currentRatchet":{"ephemeralKeyPair":{"pubKey":"Ba/dlPcqeecMMLrra3lZBFzsLomd+2kYZ1kDHcoeXZkm","privKey":"oDWi/v98Uj2GJEMuR7Pzuu1+Z3r8szBDETSA7VdZs3Q="},"lastRemoteEphemeralKey":"BdYMzGxRBGubEIs0FVoCEOo+TDoaE5/sEZRd6PNnaCdF","previousCounter":0,"rootKey":"VztQKer3OScHPUUk7jPSuM16bVYoKuAu6diIu/m7QlA="},"indexInfo":{"baseKey":"BUwt/XYTmUMCDPXcPCA1wKf1A/9N0Fwz0UNBv0ac8zkY","baseKeyType":2,"closed":-1,"used":1703336089796,"created":1703336089796,"remoteIdentityKey":"Bfne4QXmZ55/7hqusJh1u/va/cCWiih1BiuRqeQnaVEo"},"_chains":{"BdYMzGxRBGubEIs0FVoCEOo+TDoaE5/sEZRd6PNnaCdF":{"chainKey":{"counter":1,"key":"gJRp19PKh3hixdmvRjIa6vPDum6erPdBAaaMVIzd0uU="},"chainType":2,"messageKeys":{}},"Ba/dlPcqeecMMLrra3lZBFzsLomd+2kYZ1kDHcoeXZkm":{"chainKey":{"counter":-1,"key":"DgOJi10YYNf0+xbUsZknzc2lw4sP6Pjfq7hhN2UttOw="},"chainType":1,"messageKeys":{}}}}},"version":"v1"}