{"_sessions":{"BSVzTkUeARiXaUJd4y+aaSJbmRXscnh8pvg+NrUBtHRX":{"registrationId":1605250872,"currentRatchet":{"ephemeralKeyPair":{"pubKey":"BbX/TIkhzYgylmOVCBzp3Thd4pV7AGutuQY/MldmpG5K","privKey":"4CI7L1RFGR+nMLjLcP1iZ1LRBVTTjVpwLxzj2gw6Wlo="},"lastRemoteEphemeralKey":"BdTZJwB/PtZdn7Hq5w4M9MTucKyFeWSeitfiPtUA4n9f","previousCounter":0,"rootKey":"w4tzdc+P6/Alm0Q2IO0Zai4UBN8J+F+d5excQDvuDhI="},"indexInfo":{"baseKey":"BSVzTkUeARiXaUJd4y+aaSJbmRXscnh8pvg+NrUBtHRX","baseKeyType":1,"closed":-1,"used":1703322489716,"created":1703322489716,"remoteIdentityKey":"BYm8yr5xkl3TTBb8GQZJqK16zGTCdSX8aqUEeVaLYOl0"},"_chains":{"BbX/TIkhzYgylmOVCBzp3Thd4pV7AGutuQY/MldmpG5K":{"chainKey":{"counter":10,"key":"FLvllQXWZ4SBtg0vDJMIMqg28H2hTbBvBWNP+5AFWv0="},"chainType":1,"messageKeys":{}}},"pendingPreKey":{"signedKeyId":3,"baseKey":"BSVzTkUeARiXaUJd4y+aaSJbmRXscnh8pvg+NrUBtHRX"}}},"version":"v1"}