{"_sessions":{"BQpi4jM5rabGgZoNd6lMVmpMVf+XSrccmc6mvF6CmTpo":{"registrationId":1528382704,"currentRatchet":{"ephemeralKeyPair":{"pubKey":"BZ20S3RMEOdS/BM3/GXlud6MA7WdkWeRp+N0MvNagVBr","privKey":"mEcpQnz9LYmslv/OlqbuwcsPkZaShfHKIA2Jk5u98Wg="},"lastRemoteEphemeralKey":"BUIi4LZg22caea7ly7lKWyV8p4bfN3JSoNUifadWl8lN","previousCounter":0,"rootKey":"Kxu41qYggrxu2egC5BtYHp1rELDQfH2o2rgyXq/sjR4="},"indexInfo":{"baseKey":"BQpi4jM5rabGgZoNd6lMVmpMVf+XSrccmc6mvF6CmTpo","baseKeyType":1,"closed":-1,"used":1703322489702,"created":1703322489702,"remoteIdentityKey":"BeVyGQDBhfzaU8rCDip4wzIkxCRGSVyeUsM90pEPouID"},"_chains":{"BZ20S3RMEOdS/BM3/GXlud6MA7WdkWeRp+N0MvNagVBr":{"chainKey":{"counter":10,"key":"oNvjVgQullk/egIxZnOIhJBl9pUT4aQ5xidUPJ6Aq7k="},"chainType":1,"messageKeys":{}}},"pendingPreKey":{"signedKeyId":0,"baseKey":"BQpi4jM5rabGgZoNd6lMVmpMVf+XSrccmc6mvF6CmTpo","preKeyId":7881944}}},"version":"v1"}