{"_sessions":{"BQjcFKaR8pkYPLzu/CuNHe43l4tpOosGlbYOEkY9PRx4":{"registrationId":172990614,"currentRatchet":{"ephemeralKeyPair":{"pubKey":"BSxAR2wqZtYgL9FXX6qjWuCLUITPLTgbni+TRJMwMSYD","privKey":"YErjphsUslaheUdqne/k3zH5q81WC8kZPkn+qQBQcEg="},"lastRemoteEphemeralKey":"BbUmWhHnrTSDD8BXkXaCngIzDWqFKKaW1CQ2EmUNRudi","previousCounter":0,"rootKey":"13UjwzfjQKaxUItNxg13mjjBl7gQfOZEG55PmBMPG6g="},"indexInfo":{"baseKey":"BQjcFKaR8pkYPLzu/CuNHe43l4tpOosGlbYOEkY9PRx4","baseKeyType":1,"closed":-1,"used":1703296480753,"created":1703296480753,"remoteIdentityKey":"BfXvfRlP9Yg1DgX3vF3x9ExjMi2qAoQEXZEQL+HMGrFa"},"_chains":{"BSxAR2wqZtYgL9FXX6qjWuCLUITPLTgbni+TRJMwMSYD":{"chainKey":{"counter":6,"key":"35Vbfxk5HMB9/Vyec1sQGrimiRZM1f0lIVx4FvpAgWE="},"chainType":1,"messageKeys":{}}},"pendingPreKey":{"signedKeyId":1,"baseKey":"BQjcFKaR8pkYPLzu/CuNHe43l4tpOosGlbYOEkY9PRx4","preKeyId":10494085}}},"version":"v1"}