{"_sessions":{"BQOmI2/KENbhxbO1MBleyX1B7QxfIEfZVMnBbq5x829u":{"registrationId":1163491980,"currentRatchet":{"ephemeralKeyPair":{"pubKey":"BfuwKKDJcQi5iYx9/1fV+cTVyTW0FIWg3RFPOHRNMQZU","privKey":"mA1+Ck6MjEfnP6RuptTYKFHB2I6wYZIXVxJ5JK2x7VI="},"lastRemoteEphemeralKey":"BYOBFLTMeDdkTP5dv1JzBC+snMY52OssWMiyT2KHFldy","previousCounter":0,"rootKey":"IEW3A3scPJ6IM2EOGdPHOtQMoCI+OgcvmfgA2yX8lIY="},"indexInfo":{"baseKey":"BQOmI2/KENbhxbO1MBleyX1B7QxfIEfZVMnBbq5x829u","baseKeyType":1,"closed":-1,"used":1703296481921,"created":1703296481921,"remoteIdentityKey":"BSzr8IdycDW9cKwB3SsLkip1Q0GfkWRei+WvaGjwZFsF"},"_chains":{"BfuwKKDJcQi5iYx9/1fV+cTVyTW0FIWg3RFPOHRNMQZU":{"chainKey":{"counter":6,"key":"rzBYJBTIUymoiqy7uxY2PcDAJg30kDEksPOTViGxjKU="},"chainType":1,"messageKeys":{}}},"pendingPreKey":{"signedKeyId":2,"baseKey":"BQOmI2/KENbhxbO1MBleyX1B7QxfIEfZVMnBbq5x829u","preKeyId":9789947}}},"version":"v1"}