{"_sessions":{"BVuuJq7wOBNP5AMI5C6SxTbZaSE0DHqzMuI2UOSbLMhB":{"registrationId":4789,"currentRatchet":{"ephemeralKeyPair":{"pubKey":"BTtPe50VnXJ94SKzCuBBJStTR4O/3xFi5Hvz/iIPvFhX","privKey":"ePbdw5LjqEiAjw74RUk8JUCGWMubf8xK4DlOvUeM8EU="},"lastRemoteEphemeralKey":"BQ5PVFhRYXvomyheqOmzmUhmN3dCgOgIslybIUQ5LekK","previousCounter":0,"rootKey":"ZfOTlEZf10+N9jMdZFmTUbT8nimcG7OdsM7HR8A/UF0="},"indexInfo":{"baseKey":"BVuuJq7wOBNP5AMI5C6SxTbZaSE0DHqzMuI2UOSbLMhB","baseKeyType":1,"closed":-1,"used":1703296481431,"created":1703296481431,"remoteIdentityKey":"BdcjjQHbnoWB//gqe6XtOXEEjlh6s0M0Mf7w6J98vxFL"},"_chains":{"BTtPe50VnXJ94SKzCuBBJStTR4O/3xFi5Hvz/iIPvFhX":{"chainKey":{"counter":6,"key":"Khseom/biYyphqJiFZ1tUhVmQgmHnmpODL2ab1aEejk="},"chainType":1,"messageKeys":{}}},"pendingPreKey":{"signedKeyId":1,"baseKey":"BVuuJq7wOBNP5AMI5C6SxTbZaSE0DHqzMuI2UOSbLMhB"}}},"version":"v1"}