{"_sessions":{"BUMa/EgSkvJXdWY8qQEdVa1d79gGnpCH1MjwOl+SNRIj":{"registrationId":1198734737,"currentRatchet":{"ephemeralKeyPair":{"pubKey":"BUVHGyncW6xzp7SoZi3V8OHGxYPHtcdo3UUHInAL0+lk","privKey":"yMbs2UhENkpYVMwauvgyjUIXiaZRxELH2DRnTp+iGWA="},"lastRemoteEphemeralKey":"BdZtclMC9W6WwDgCqIXqrdMSOxUx7+Rl0dcWLbYAqKpa","previousCounter":0,"rootKey":"0PFeuUo4mzsmWvj/LhqKfHl/IG4XQetb3ydeggNJlwI="},"indexInfo":{"baseKey":"BUMa/EgSkvJXdWY8qQEdVa1d79gGnpCH1MjwOl+SNRIj","baseKeyType":1,"closed":-1,"used":1703296482189,"created":1703296482189,"remoteIdentityKey":"BY3haaKeZTnAcN/6l0jyQKGZ/dZJ1PJAUzk1ALDzzPJf"},"_chains":{"BUVHGyncW6xzp7SoZi3V8OHGxYPHtcdo3UUHInAL0+lk":{"chainKey":{"counter":6,"key":"pYOCV1QNgb3uOgLrdtiHTjPvwuhNh/zdAXz+08z9kJM="},"chainType":1,"messageKeys":{}}},"pendingPreKey":{"signedKeyId":0,"baseKey":"BUMa/EgSkvJXdWY8qQEdVa1d79gGnpCH1MjwOl+SNRIj","preKeyId":1041402}}},"version":"v1"}