{"_sessions":{"BWqBkaIvYymuyRS6xFSboZq1BF7jWWfSk++dnPGxVwAC":{"registrationId":463417297,"currentRatchet":{"ephemeralKeyPair":{"pubKey":"BYIP2Z8JMqUSUnzK2GkzdxQJ6XVH00l3wBnY2P0vcvIp","privKey":"WAxG81tS4wpAGA+C2P1Y6c3aummYgox3cFLzCDI7AmE="},"lastRemoteEphemeralKey":"BZzxmgXiWx/iAPaj0CmQ6E1x8EqOPk9u4mePpgl3sids","previousCounter":0,"rootKey":"bcb2JYQ3+4/ix6cWKdCkKBKb9cU7QrQC7P8D+JaYYLY="},"indexInfo":{"baseKey":"BWqBkaIvYymuyRS6xFSboZq1BF7jWWfSk++dnPGxVwAC","baseKeyType":1,"closed":-1,"used":1703296482089,"created":1703296482089,"remoteIdentityKey":"Bdex1H+242OUS6aWFNvq35oiK99tk8tJQ6LhUbMidDZU"},"_chains":{"BYIP2Z8JMqUSUnzK2GkzdxQJ6XVH00l3wBnY2P0vcvIp":{"chainKey":{"counter":6,"key":"CuBVSC0t5J4g4U9n7Sixv8MugTUVekbvizc5xf69JF8="},"chainType":1,"messageKeys":{}}},"pendingPreKey":{"signedKeyId":35,"baseKey":"BWqBkaIvYymuyRS6xFSboZq1BF7jWWfSk++dnPGxVwAC","preKeyId":4258534}}},"version":"v1"}