{"_sessions":{"BfUu0zmXJHJX0vgb4RQElUtcmejUkozOf/ASrSV7ZQ4c":{"registrationId":105,"currentRatchet":{"ephemeralKeyPair":{"pubKey":"BekP25fKGmKJYcqI32pTRriu3E34bIntu7v0BYA1o1ZN","privKey":"EKWVi22ibDQNVpOTG4rPI2TgWfo03WoXKRrr7RJbrkA="},"lastRemoteEphemeralKey":"BTUCPcYqwdhdZS6wNpUMgS16E0YeuNyFI6H8xVgOgZk9","previousCounter":0,"rootKey":"GnK7tBK5dYa6b5LRMt48qkWd4PUXDZ8zyzzVJPPveGQ="},"indexInfo":{"baseKey":"BfUu0zmXJHJX0vgb4RQElUtcmejUkozOf/ASrSV7ZQ4c","baseKeyType":1,"closed":-1,"used":1703296480043,"created":1703296480043,"remoteIdentityKey":"BTXFBujEyNz7kxPFkTjtBocTTUojh9vx+Hri5VfZZOUl"},"_chains":{"BekP25fKGmKJYcqI32pTRriu3E34bIntu7v0BYA1o1ZN":{"chainKey":{"counter":17,"key":"oD3I4XAOCEa8n1iUE5AouukG13van18wt1CrM+ymV2w="},"chainType":1,"messageKeys":{}}},"pendingPreKey":{"signedKeyId":1,"baseKey":"BfUu0zmXJHJX0vgb4RQElUtcmejUkozOf/ASrSV7ZQ4c"}}},"version":"v1"}