{"_sessions":{"BTWEwe6DZOAowSgfXe/mCnua8rCeIY30I9EQdEE3B3lx":{"registrationId":456400997,"currentRatchet":{"ephemeralKeyPair":{"pubKey":"BR83LHHNuGVX4eNZzRBblVctxSIBjp4Uxqd50yIx4pFp","privKey":"MKMmI9SxmHT2uAzH5p0Y+RFtiu5VECxVxhdTFGAoNUA="},"lastRemoteEphemeralKey":"Be/guGN93fyBBqZHT681RPutoiHwc2vtlBJ5tL+GfxVz","previousCounter":0,"rootKey":"TFMG1NkiFixwKbx+ReWMYHn/ro0GdB8vhvBZHpxDcXM="},"indexInfo":{"baseKey":"BTWEwe6DZOAowSgfXe/mCnua8rCeIY30I9EQdEE3B3lx","baseKeyType":1,"closed":-1,"used":1703322489764,"created":1703322489764,"remoteIdentityKey":"BXL2mqCOWHk0bd4Zi45VwyFK1TM5LWui3jfRV4woiZRa"},"_chains":{"BR83LHHNuGVX4eNZzRBblVctxSIBjp4Uxqd50yIx4pFp":{"chainKey":{"counter":10,"key":"UQcP8ZgwN7HDFO2wnzLheJp34Gl31A5Bs8UA63+iIYA="},"chainType":1,"messageKeys":{}}},"pendingPreKey":{"signedKeyId":1,"baseKey":"BTWEwe6DZOAowSgfXe/mCnua8rCeIY30I9EQdEE3B3lx","preKeyId":12202510}}},"version":"v1"}