{"_sessions":{"BZaS4y/ImJZpaYZRdWKjpbzMU5qHqexRFVTmfnGpvNFw":{"registrationId":107474998,"currentRatchet":{"ephemeralKeyPair":{"pubKey":"BQDt0Bq7+3UyA3oR0Fa2stzC56820lZE8rptVhsEzkkF","privKey":"QGmhhFi7is9x3fy90ezisYu06D30u4nMmYXr6JmwK1I="},"lastRemoteEphemeralKey":"BQZov7vULN9oh6Vla1AwGMN8Wj5vz4UYTdyt0tzR1elQ","previousCounter":0,"rootKey":"gQx3QfHdFH3FyReqMs0yKbDjFXKi56aK634esqFAO4w="},"indexInfo":{"baseKey":"BZaS4y/ImJZpaYZRdWKjpbzMU5qHqexRFVTmfnGpvNFw","baseKeyType":1,"closed":-1,"used":1703296481871,"created":1703296481871,"remoteIdentityKey":"BZVEMjzvfFMCzPOnKUUSvyQxSmfD7fM/Igwfp1oNEuMf"},"_chains":{"BQDt0Bq7+3UyA3oR0Fa2stzC56820lZE8rptVhsEzkkF":{"chainKey":{"counter":6,"key":"Gq4v+SuS0IDdhnxpSajd2gjSJhmXO5bK2QDLN+Ikycg="},"chainType":1,"messageKeys":{}}},"pendingPreKey":{"signedKeyId":0,"baseKey":"BZaS4y/ImJZpaYZRdWKjpbzMU5qHqexRFVTmfnGpvNFw","preKeyId":14840268}}},"version":"v1"}