{"version":7,"hash":{"type":"Buffer","data":"EXlQBUHMyVz97qnRsDMWV9HIZCwFZGX7/xhGq7z/djaxz14e6IJ2SuiUox1UAFRGZH3vo6ot28Hm7KvoyCx0v8229hOh1GP6W0vKrCPh3FLM0bjIUkqf9c19cH2Lji4sDLUZyh4Ln+uqADftqD7S/L/+fSyzFlsPt5+GUk6wY2I="},"indexValueMap":{"BzEkQWmzcm2YnOcFI03jiz1kr+oAq+pGos5mu9lvw/o=":{"valueMac":{"type":"Buffer","data":"B9hoBt5sbsoHey8L9AeeduH9OkuAZxfLGTx1hBxQVqI="}},"DBLCit5h4aJ5/xdoIc7kVw3kY8LaWPMWn9klrfrGvX4=":{"valueMac":{"type":"Buffer","data":"sCTs24x5rHZIDCy1kD0VnB3u4LOxMjLFTJ7btilDjuo="}},"JRPnhQVuqny4m2kH3MOtdgHXf6ph3cEA+Yp5M8o+2r4=":{"valueMac":{"type":"Buffer","data":"oBNp6UwQD2Tsa8jSlfHOlWhUCBu1A5TMmm795JxES6c="}},"KDO8CIZGWtYro8k3vbdLLIPQXjMDdCb1mdAhSdJlDHs=":{"valueMac":{"type":"Buffer","data":"SrZxr0dyIPUv7Aqv+jf1kkH+m3sbEgqpJ5ZXBo8Ez5Y="}},"KrRmh3Pr+3L+BzP0YRz+In5mE8vmGVU3Iu476N5jdPw=":{"valueMac":{"type":"Buffer","data":"J1khltfNa02D9QZnWXQtdwS/ZatMfjGtulzhurwg2Ig="}},"MORii8Utl+4m9yZPEe7DgsubCtBOstW/5toZaGaKOe4=":{"valueMac":{"type":"Buffer","data":"0bVpjDzsHhuQMciUk7nSo9/9jrXRlrBSOCCqAje74qA="}},"NChjOtxSOxdxzDhsxPHOfHZ50r0HlOvV/IEB8uc8kug=":{"valueMac":{"type":"Buffer","data":"wXiooTTapEzNl4KjZS84AXwMiyPv2HvIJAz9PWZ2k+o="}},"PjOT6p9KpHGtX9aH1QA1uPpsXHNKVNMwEzAoRo7Mqm0=":{"valueMac":{"type":"Buffer","data":"5lOfnsAe48w53zBO4oJz1ZW0MI/hOYV9RY+QX8WhyjE="}},"VvZpgB5DAykfVJeegBRyMuyT4HjXqCin0cStbex1vfQ=":{"valueMac":{"type":"Buffer","data":"0I2eI+CBdfzv8zTjutJLGQ5aGU+3dKdEQjgoWXfS7Mg="}},"gKVPxyYgPAPSQHefBByb/lhq91z9dWo9udf0tyhBDXA=":{"valueMac":{"type":"Buffer","data":"S54VzwIy1SCKxwteswy/UWVPRn2Fh8u2UNWzBb+M/eo="}},"hdvg6qvfpshcviWjG5F5kp1rjbJx5rE/MZOPPhByISs=":{"valueMac":{"type":"Buffer","data":"yfq8m6gZX5VOTQOvIk55vabcTf4uKZ8B3igXJOWZuIA="}},"t4hAR2fhnm4X7JbvCBwM4JRZb4MNfYZfDrfCrHPC84s=":{"valueMac":{"type":"Buffer","data":"Do3LtEJ+rUvCwjjXcNvuN2cSqNi5SX6qTs+Uw3m8ZXs="}},"18DKWgTepZ9OwqyP8zhKPzMpQ/CTGfyLvZJYRXDtg+g=":{"valueMac":{"type":"Buffer","data":"303ifUVN7GxKU0xUWrWpbOZI/web5ONrtcE/aOH0NGI="}},"8aQOkjeRdSmjGvvfEvCLYwP+CWVLoY4LnGS/J4MU9Q0=":{"valueMac":{"type":"Buffer","data":"5OycFjKAyQOykPM1UBKUy/FVQJsOXTbKAfIlTK0dbWw="}},"+O4Eed/woWSXUlyRln1/0YEJ1A5ncKQqXq53mrVBu+s=":{"valueMac":{"type":"Buffer","data":"pZSUFI48tHBPjR8MfBKHdXpVkW1EASvUpGh5R653OIk="}},"+9TqDPoTO87K89RDnEPII/6/OHzMuWhWLJ/cBrH7JjE=":{"valueMac":{"type":"Buffer","data":"IBlYiySJ4GsBGdIkU+4YJlmfwXq+ZarKGiU7Q/SeZws="}},"uciQHJ/btbPpJpaFEf3Cbgd9bK/lfCsZgBGhH8VO+3g=":{"valueMac":{"type":"Buffer","data":"W3dz6keXQ5Gp1g5Q4Lbz/KtTMOyIdmhzHNrO76P7gvM="}},"kv+0ksyi5EnH+vXJtN3Ki4jTDt1i5h1rJngs2NO8xC8=":{"valueMac":{"type":"Buffer","data":"M4PrUXw6MSP5vqY5WKbr5Skf2XK9bkQ19wdhYXWvw/U="}},"xorXdiBZRVk2gNKOoSieOHW6IDf2JIVekPPMXDAfn3A=":{"valueMac":{"type":"Buffer","data":"yu9vsb47xeqMEnq3DdHd1ywiiMpBnh4pq3T5/KdAfo8="}}}}