{"version":7,"hash":{"type":"Buffer","data":"ePzE4sftCAjbMyRqTOJ0hhe1nmjSKbNdCqoYEADWrVMlVuUiocyYtmNIswyPylW+DFq7Ngdnjqzc9cj4mdu6neQt6isMyYWufKWIyeWdiUOePXvLFkrYzF+68zu3wG6BuCSnPm/25d2AjL1vAQtOafjC9NdfsntmAU1iqBjS3nc="},"indexValueMap":{"N8VHpVDJZpLvwD5+nf/U0xUewQbPsIPm3XJ3grqK0yI=":{"valueMac":{"type":"Buffer","data":"VyuoaOavg9X2SqnYHsfJBz9/OM3z3AzQ+WdS58vDzkM="}},"XERM3w9B8h9Tm6orSI3aHAEVCCEGcR2ypkiTdjj1WVc=":{"valueMac":{"type":"Buffer","data":"eljxlugyXZHyFHUpCS5OKcznHm8Pu8AHWa+uyrH6jSo="}},"sr/c6bSmTGblr7jZiIHxgP4EbKAju0Cifkkyfe/9Dhw=":{"valueMac":{"type":"Buffer","data":"c6heWf4yCrCRMyCIqsu68JsR22VxA56EKX2/O8MCVqE="}},"4EoiyjQhg5WbOCDOGotraR3i0LJDCqM96HoO3TDjktk=":{"valueMac":{"type":"Buffer","data":"dZl64aci3j+7ReUNY15XELU5y1Yiq0ES8u0fqBVP+Xk="}},"8ecZ/6XjpgAsyRZsFAjx1Ma/2wRvBi+6Jb5SibAscWc=":{"valueMac":{"type":"Buffer","data":"NGV7KmdgqTG8vz4TrAko2DWN20e/s8mo8safMEMMBYk="}},"myK/MdsqwQf7NkOQh8o6kgdiBkjkkze1yk87BcVSWHo=":{"valueMac":{"type":"Buffer","data":"obdIpaOmGoIVvxnpAAN7+Koe7x0TVg0QxbHj/M4pWWc="}}}}