{"version":8,"hash":{"type":"Buffer","data":"XUkqj3f8d8eWZeCP491FAVMeVGXRH2460v+hLHaY3GcszHDeWoniln1QVp3NUZ4H5hpWzTpYK1v8TTiioE1y8IbA1KNh52IPq5N4UabZyI+cFLoWhjfzmYjppt4PxZRyXx3XbIKFtZrLjLIOSYG8p6H7Uuy+J8+3p9pZV1KmhyU="},"indexValueMap":{"CDbFCgJlNqwhjVYpXJ7Xp5rsON/TBU+YN/zI1YF4NTU=":{"valueMac":{"type":"Buffer","data":"b3mqzMmKSjTp0arst672lfvr6kguSEQD4pPFaR/y0uo="}},"Jq5K/LBsgRBugQLIxVX99fOW57qX5nSrDwdDeHeqmMA=":{"valueMac":{"type":"Buffer","data":"rAcuHTkeShQLj+nblBEimXWAMhXXfcYL1ig3XsgX4F8="}},"KLxsU0tg2f1Y2n48Zo4vNASgmyELUzN6ULJ6n6mvuO0=":{"valueMac":{"type":"Buffer","data":"JA3BVuYioNyJUZEO3G1iubwKJBPZwm1p5O1wvpEP+pI="}},"NzBDrJDFoCbL8cYP1H/JZ7i0w4uHIlrZrZaVgL19PBw=":{"valueMac":{"type":"Buffer","data":"qETX2ZrZnCaTyOKJ3l1q6xhkaooudK7078nbe2MQPwU="}},"OdHpaeAKNG4goJFCWdywWsTXmPK0I/QUsFWnwHBNmwM=":{"valueMac":{"type":"Buffer","data":"L5m6CIxYun23SYKE0bnQyCOz6YT5y71Z+D+5U1Ww6aQ="}},"R6cGb+2WhGosoatcP9iXv/HFXMswCBSojsmHZjUUSZs=":{"valueMac":{"type":"Buffer","data":"GV54BWCoEVsVE5gmTtOgoLXdDDg3fC9C7XYkbCVBT7Y="}},"ZkCw8+5gNY3MZUAIBLfDXHC6DUOw6PITlDkr2OrURPE=":{"valueMac":{"type":"Buffer","data":"D4gxpIiBGlevBhrIjk+eFJ0TlcpNCpeOW3fx3pTw7mw="}},"xTzfVCkDkV3a6i6igw2IYiXngEoiYqoWtKfjAlE5K1g=":{"valueMac":{"type":"Buffer","data":"hWJulVcO9bM3X5u30J2wnjTnMTfIftzlOqpCAGojGl4="}},"1EHq/H8Sd6fZZgdH7mZIVG1tRSQaKb7q725MQLYKZNI=":{"valueMac":{"type":"Buffer","data":"N96IiHzGiD/1FhyiRZKel8xsSNqSpZfI1e3/u5fireE="}},"3L9QzrA3olw8Lvpw8IM6b9camPWoHLFb8R8rCl9PJ5Y=":{"valueMac":{"type":"Buffer","data":"bZ1zQ0z3sU2mZS1Cbz5g3ucTF7VE0XABle13iQoz8Lw="}},"7w9gD9g9LzGVLwVSpKurQutMRnX/jVp++dkmM94yuik=":{"valueMac":{"type":"Buffer","data":"rk0ssIRKkFncBD3x1v3H0E29BH7HpLrWm831YVd6ytI="}},"+EGusNfZcFVqROCOMbyiTM/b0W1wsffk+h/Q/lSChLU=":{"valueMac":{"type":"Buffer","data":"LhtPOIBdVjk/FgLs0XBQt9BZRGW+LIrVGRgv8KMUyR4="}},"EJO+UzlTci4coknUhZ0ORpNkCr+hGJX30eAYBMRjTsg=":{"valueMac":{"type":"Buffer","data":"X68ziU0GcmRgUj8iNUWwJcZJhAUkuzKHAYYRYdRriys="}},"kKtspJqiAQO6lPYRTdaUjE0h5Fpv8ik9NgyR8TF4swQ=":{"valueMac":{"type":"Buffer","data":"7aRSKwuojvZH/tb0WbFOxwuJQXKvNZlKFA+mved9MgY="}}}}