{"version":18,"hash":{"type":"Buffer","data":"4H2UXj5bJjVgc/G7IbyQm1gLVa5Nk7va9UeoRgImw7HeTpjyVeRikvkWQgcVgkPvdqJcjb9WZPVFHnQXgg2CH5Z95o/ynLVD9ZMhYN4S62xbb/ifuN2UTobYllxWQ7P61ttbJm7YDkWNCM6SW/XjxmWnl87zFc0bAl1beTUc9kI="},"indexValueMap":{"AUcWn+ylqKE+r6rFsK76O71pf7AXXs5DusXwmHH/C+Y=":{"valueMac":{"type":"Buffer","data":"g1U56cPC26I5B2jddHyNqerw7XJMtLmGXcUUcAI3pGk="}},"AXDy1VXXLXIRIwCoGLOjoeI6O7FBOoClcPFXxSELg+o=":{"valueMac":{"type":"Buffer","data":"fYRQkz0/iHaMxYhY+gJfU+sdYnebbkIr2UohIQr4A7Q="}},"AsKRYCB+/tpl+3RPBy1i+3GteOl67j399xQocaqhGVI=":{"valueMac":{"type":"Buffer","data":"tSLNbOfbsMBzB+cfmyme8+dhIznwm7IcpXnwSb0twVA="}},"Asr4/OKH8zItDUCa7h3lcPJ2NWrbu+jYVyo62VqSNug=":{"valueMac":{"type":"Buffer","data":"lAM3J9KuB2cNWgZcqvWuTcTm1KpzrzHRxdTMbgbjwKI="}},"A+xYrP0+EInqP+FPsgnCpp/E7Ok+hGgwCbBwP8yFVZA=":{"valueMac":{"type":"Buffer","data":"tcq74K5CyP1Q9CNjxna8yBNcbLcq/syRpRSRi0uhTtg="}},"DabQSnRjL+tQisHa1BEPvm0VxLF1u6SLXJmaehwBuUE=":{"valueMac":{"type":"Buffer","data":"BiCpsZZPx1AKAuBgZtqQwm3e8xbKteX5vq3lvVdKWZ8="}},"HIgfx7SyhMghc28bRB+XWGWAxkObmCpDl87b3NtRdfs=":{"valueMac":{"type":"Buffer","data":"bjoolxJI0qiwh57sdEhlcxxUcMPDRjKBWVqJOoTw4iA="}},"HJo28vR/qnrPHHYjSeq6Ew0bSKHLVLCNNvqb5kWBE7c=":{"valueMac":{"type":"Buffer","data":"h8tK6lefBGgJDI7thgL15y+/3jng7Uvs7/K1NA2kArY="}},"H3WyMmbcuvgin3cjE1/GgC/C5f+GNSpZ3k0K2jUnj/w=":{"valueMac":{"type":"Buffer","data":"d1J6D/ZbtEAVHnyj4oYsn9wp71G06bDUSx//OQj7sXE="}},"IPlZZB+bFN3U6fiTHfKVSsBGCXuu2tLg4lxqsEylGto=":{"valueMac":{"type":"Buffer","data":"U6tlQ5wgmG5R+lmbsoZhIGJBdWAlyB2cBldNKD0mZ90="}},"I1JgNQGjLbtQ4fHZrif/TyrQl2L+OqX7n6JNOPMKLDU=":{"valueMac":{"type":"Buffer","data":"xoTCSq+smDD+wG4bnU3MuYsTVwJm9jBTqTguJiRxwOw="}},"JWyKRyCBFH4ug6/EEdzm2+2LFDgNBlKnT+2Ry+3Rpg4=":{"valueMac":{"type":"Buffer","data":"R3sdw7ABVgK7lJ7fUBCKSF9CHmziR67lSZe9VRGfSu0="}},"LeBSTyWkLIlUmYbZyqkZkE0CDw5Ram3LarJvi3At9+8=":{"valueMac":{"type":"Buffer","data":"5JPRzqZYdsjcPvtMTNw0YSDC4ptHJzZpKinDVyYBAvk="}},"Mtd5G2uuZyKbjMk/tfLFPH2oaFHQgRtHhbsBKe8eV88=":{"valueMac":{"type":"Buffer","data":"HFaHgjj9X+ThIN25vqHjBDyClQvEa/WIciloL3xob+U="}},"M3SfUuh9MTNo3nl9QuphItfs4vhA9EyTIBAm4X/yTfw=":{"valueMac":{"type":"Buffer","data":"0fHCPJi8GbN2EBBYG/QYjTnuUzccAy5fk8Z0vPgGhsM="}},"NkbtwqXLTRaQlkc2cPlKqR0gq9/LcPb1Fx4IL6xO0x8=":{"valueMac":{"type":"Buffer","data":"lwlfynM2BQL0wbMWLRtWfOp9mwYh/ELMgkyujv+jmAw="}},"N3fVF++1J0c1SwfsNQ/a90WmqHcnh0C5QCrBnqNZEq0=":{"valueMac":{"type":"Buffer","data":"PRn2mpucDFssTxTucEibeTA9LbU/A1QqssRQf8tLNZQ="}},"N+ApTbSSkr8Puf5YsMs2xRWnSsCKhwdP/AmvAJ8BkNA=":{"valueMac":{"type":"Buffer","data":"9WZXW4fb1YrIDIznkbRGB8mRbilH44BSLVBKGldaAU8="}},"OLFPmIM4kr0nVUErAvtI81TEActfSmlspRBcc1kyhoQ=":{"valueMac":{"type":"Buffer","data":"Kg4M416GXxU/5FseP5qe9eoOR1XsB1B1j8sN5K2q4j0="}},"Od092NRsisvS97O1qYKG9cTVRrWFYtt4rrC6N7y/ZII=":{"valueMac":{"type":"Buffer","data":"T9Ps0F39cOBw3ohL5gW0RxSvUtXZ4JZqomqBMUAG5xo="}},"PL8s1Um+hdoReD3XVNGfpc4AiHfj2U1EKS+0B9NAm4w=":{"valueMac":{"type":"Buffer","data":"EEj/j9AhMsQIkMSyUqLLk60xxScN8YUkvRc54dZW+44="}},"PftbGhs18TWT5m7ji9ZuHBrWYnOs1RSFLU9cbK4YuZA=":{"valueMac":{"type":"Buffer","data":"qKRbI6qmAT62BS+WOJpW+NginnjlBLgJVmV86JQKMag="}},"QGHBQzv33U+buebFi8YJJagGrSpjFcKL9lb+w5L5Ayo=":{"valueMac":{"type":"Buffer","data":"XP+mMo6APPjxfgNbnpVeg2pHkLPabiuxGdElNn5CDu4="}},"QJeja3/zySCzfLThoUBXAXWCk6W6rLdI/xYJUlE6M+k=":{"valueMac":{"type":"Buffer","data":"tqVBpkCu61lrpQT97YxRBaHmHdECfpDnyR7IDwhNp8o="}},"QXvNbrR1Pk4QoCsiP2ObqNu3k/sMnE0l12MYIsTLcbk=":{"valueMac":{"type":"Buffer","data":"EFXrx1ipf1yDo8IyPLNDFSCkNmXdgEVv3qBZplx92Zs="}},"Q64nJ/xn4CLFIfzkl/zezy/1tMRV3R4YTmrVlXV3rKo=":{"valueMac":{"type":"Buffer","data":"kflJSJkh9EHDPyLqsUzsQ49v02qr4WK26BDpOvXIMao="}},"RoBs69zsgXAnj4k47fu+IQS/Mg6G1pqrNh0b3so4Plw=":{"valueMac":{"type":"Buffer","data":"FF8IVtxBUsx3fPdK5q6sh9/86XtI8fygVtoT4NOAezQ="}},"Rvq/w4NE0QsDwWC1CE4iQlwbJzySVpAmzzekp1QBiOI=":{"valueMac":{"type":"Buffer","data":"2wXCyvujS4uhQn+FU31KXvN/sSSAOiRBZmoDw6cfZfQ="}},"R2mKL4tHciwhj+0tzsVcE9LQ7aDcD3BrnYMf3a4NoL0=":{"valueMac":{"type":"Buffer","data":"g3tTLp5jwOF8szrcin/HH13gkpnsLUZRNQ3AxvQRjW0="}},"SE6HrMqd8XYrLM5/fSFpz1+80g14FHNi6X4KZaQJZt8=":{"valueMac":{"type":"Buffer","data":"2uTBkqbMhKv/plbLkXQsee878tiD7fqcHSMDs3wfs78="}},"SdeA1BQOx5zklKt+TcnTAg0Rr4shoa0D3hTTL8j0NKc=":{"valueMac":{"type":"Buffer","data":"2qZLPhI54gwXZvfW9Mz7SWdkQdWeQ2QkzwlcUffsUZU="}},"StSLI/gUUhWaKAFoiKuWLFPms4BdW1xi/bWywTyDAKk=":{"valueMac":{"type":"Buffer","data":"ygWEN9msAS+0/9j2hoIGVRuoOIukP2s6vpeGqUhqbRw="}},"TbNnqyRQ/6AiYflnqzxrVxYyVzDyLkZ157yW6VR/eJ4=":{"valueMac":{"type":"Buffer","data":"l0Ll4nDYU3EZe2EEtEJrq54YzShyoHBJLJK4bMuENLg="}},"TbzoSNGhL+JLu8Ieb+WpkovLkz/PCPv9XgfBSzUcWvM=":{"valueMac":{"type":"Buffer","data":"R8EbOAPcowdGTQKICnAohYjSnljcZIYJ0dpRSojfWwM="}},"T8HCzWpP0FpR6R/Cf/XmQ1mFF8cLaY3xQzvyIeIrOR8=":{"valueMac":{"type":"Buffer","data":"5UvQ+BDzavTA/FEO6GohzV8oMX9cCvvZdVZskRZ4Geg="}},"UUAsf0rHudQ6K83rqPJO7yqUaTmLIRwe9bi0Z10ICX4=":{"valueMac":{"type":"Buffer","data":"8JIk+YFYY6M8pU4yqGzoTBRD7qUZtkviaat1IvfC190="}},"V2dlQLGvW1aPlMNQaUdnEx2kgZ0fgUZ44imEQcUEyfY=":{"valueMac":{"type":"Buffer","data":"9dx5J+Rg4gZSFnzJG6BbTK2ckC0oGTJgdTtqcyCWT34="}},"WJjZ3OOVXERBOIU3RVNHf+ha6fam0P5yIQ/ZKNaaU4I=":{"valueMac":{"type":"Buffer","data":"tit0N7IPpBfpujiWVUlV5P6otomwoSK8gbuCFR3nsjs="}},"WVTGyv0VV2fkXrox559YwRU1gdxoRkehBpPnca44RrM=":{"valueMac":{"type":"Buffer","data":"aPxflF8EE6FA4NvIOpqCwhCGxL4CLa4lio5J0fXrcBg="}},"WjI60FCtNCRqHMnBZcqtDDuS0uuI1s+SjhOM7tkg5tU=":{"valueMac":{"type":"Buffer","data":"gc60eSCngbX2bGRvuvxHXeRZkfQuU9f2FQL/6YO8B9o="}},"WmUS+I//m4QqtWuIXh/xvR04t2HVfDiY0Z9yKp7L73Y=":{"valueMac":{"type":"Buffer","data":"vqnB0L7xMLaVl8uQCl+OK2lA2O9Bm1t8HR56FrQQNts="}},"WnmTMN+BRo8OhzID2SIi7vb0SzYi0Oy6vtIkIH8Yi/4=":{"valueMac":{"type":"Buffer","data":"1fc0M5G3fE72JEFh5RikGxL7FPpTG7fbhihc84Q5WLE="}},"X0q8Gu+0ANzEyz6CftfKC6a7TsKTtHgNLXbVeu/IL2Y=":{"valueMac":{"type":"Buffer","data":"FeqifKQtOf168xF6hh4t8Jm4L9SxAc9tcY/COR8cO9I="}},"YLCxjtzeWQ73AocbzsJUZ74yLG9yAr4tjFv1Ttq9OJM=":{"valueMac":{"type":"Buffer","data":"5Ifh214LVJlKm0Pw4kcgY09vsnCO0I120HDjf/g54rs="}},"YRbowhQdimZJjUssv7kuuX5qnUtduMuU5NV0pIbEyOw=":{"valueMac":{"type":"Buffer","data":"uZC2HHGJzCeIkYjJ4Sgc8E9atRNhCdqIuR+yVN3arYQ="}},"Y5ajtUCFCXa2KjmPZeCysdH5gOhszjoAttkgIiJl5rM=":{"valueMac":{"type":"Buffer","data":"Ps3ZTq8OR3wNkSNevZkcHLJ2Rmr3Vx5fYunDKllyLkA="}},"ZKiFvcvL28hVpRo0cEuPEu1FVNI84x/T0nCVtlU+Hgc=":{"valueMac":{"type":"Buffer","data":"HWEu7jDrNx7lPKu90p/Gec+WA3HSl9k0s5I6J//gJmY="}},"aPs0ul4WnYmBG9TF16rifC2usokREzkAMFkQ71MrtjY=":{"valueMac":{"type":"Buffer","data":"+EfD9ubPyfGJO0Cv1ygJbRvEaB9aGz/IJmEdY7fJQMI="}},"ayOiVkNrpXKBLZYN6WUqAQcjXjADsIl16gwCv2BssWQ=":{"valueMac":{"type":"Buffer","data":"xWk0878esQL0D9JLj3JSetE72IRC/MBwkjOF90s1u0I="}},"bfFaC1/iiT+206j2dQcw3mIDmYcagzhLZOPpoSoabUo=":{"valueMac":{"type":"Buffer","data":"KivcNP4nusyO2BvxfB0iv6MtyPu1dxwmBLkmM1iBeWk="}},"b0WiGG9lB30yAsV5GNvbmBRSalnNX0hHVim36UQgLCo=":{"valueMac":{"type":"Buffer","data":"9bs49b0hmOvz5GbwkBsNQps26YdoU2JfgtM1cACSxCY="}},"b7UWDEqRtTKnYIPo1oxit7Pv3inQpICNQYKohDwyxX4=":{"valueMac":{"type":"Buffer","data":"HUvIfuMW61xqL6wVFafLrz6mnh6xFfk0fGzhTnWpOO4="}},"cKMYrs4j1dA1xx9roGawRjoOTYpnpNoR+nFo8thXPQs=":{"valueMac":{"type":"Buffer","data":"7zUMdceM53KR9taQ3S57BcbRp4w9IaJZknBJMDVbwD8="}},"cyKYYcmDXevH4xvRpe6fCescA1m/YfFDXoXnY3Hyec8=":{"valueMac":{"type":"Buffer","data":"bYD5FNZOwtm2iPdZTFkPP6JnrNEx0m/kvQLp9WPhN+c="}},"c7zo0O7awq5X1jS0XU25R+1zMlD9r9MovWbged8S9S0=":{"valueMac":{"type":"Buffer","data":"k7HfZqpB8o00q2oBWeCY5keXCxgocQqgK+NgPHDq888="}},"dPOUjYrxjxDHC9Zd0Zg9vGrC0dsjGXIcHpgyHFenvRA=":{"valueMac":{"type":"Buffer","data":"INHt0HiXqGtDUojWurS+/xQo/JPYRRN3Wvmz5+gCiUI="}},"dRecF65bOyXKuhuZqGTV+oBNqttaqi9nI2yiPxvhUZI=":{"valueMac":{"type":"Buffer","data":"YKdsnoKh8rmguetWiWkS+V2OpT2GFO+Y0wZ+/5xqRyA="}},"e0eOl1GmNYSJJn2QyRyjM1X9o4wLqkzphOKu7x9JbQs=":{"valueMac":{"type":"Buffer","data":"oz4Fnkb2Y6+kKRiIh9W5GXpBE++sqjCvpj3LJ1ARHKU="}},"fCvqhSKC7Rrj8GtU1/gOP6OwseVoPS+Wl+4LGeEeD3E=":{"valueMac":{"type":"Buffer","data":"CfiZLSZZMfq15zT+uF2C2x4oW9Nthj9pGggdUwEEOso="}},"fFJTtoPq/pPmh4UEjX99SL0NWXaK+bs++aPDYqFOBRM=":{"valueMac":{"type":"Buffer","data":"AyLL0YI9kEm9eS2uGp+zpcicyj7X+13qx5MxjdhLu9A="}},"fF3Oej5R/3sX1VQnE2zbQUIdQC5tRxB3NTgKHhoTJn8=":{"valueMac":{"type":"Buffer","data":"hYw++Z+2FfAKCKJdsocj8sPrnX+V29JeERtCS2CrmO8="}},"fHAOAp0pKX3qGS/VpDtLCPYkFWopvLDCJNQ0MJ1esJU=":{"valueMac":{"type":"Buffer","data":"LLyf0tlT2z76e16VRIluZ26KRd+fxIEX3yg5ElDnc5c="}},"feZuhuWrCjfgRfGuuNyldZuPc5kQSS3+kwlDrd/buyI=":{"valueMac":{"type":"Buffer","data":"T8VjUx+/1HyTERU9etudet2zxsO8D/Qopwt2zSEWGeY="}},"ftpv4zC11MepphI73YCWQZpcNwzeY8oVLBcDqFwx8iA=":{"valueMac":{"type":"Buffer","data":"B15cB7ALd2OazKEcgtdJHG46qCZfvQ/uwfLt8jmGbi8="}},"f4D7cnDMHNzjn2Py3q7RjjawDVPHQdn30XTw6SvAjsw=":{"valueMac":{"type":"Buffer","data":"xoy42rxnsS2ZJCE1uSw8EZdGrfFEBmVGaBcEDv9uldY="}},"gkUjPIDxuZZFwEDdHfj9bKRI6Rvu7pVuqLEi9aa7KqQ=":{"valueMac":{"type":"Buffer","data":"u8vW3zZ0x8CNckwTo7XOFZLaiqHemeg5Z4DWn69ChWU="}},"gq6mWWmLjZndQ6yCp9BorSeJJ40d2iJOcpK6V8peq7w=":{"valueMac":{"type":"Buffer","data":"1coVJVMuCEKQPurhFzQyllPmyKCSTuub5fwZ4JhPnLI="}},"ioTNWBHIv8+TppDlMEMY1NLIhGA6MA2x3GCsHjlwLhw=":{"valueMac":{"type":"Buffer","data":"dggzxJni2nMuSchqctBbiW41EbP55nr/RUCn4BQ0/eY="}},"kN4k9Hc5p2eVlUpzpanriE7aJEV0K95ohE6tdXHRd6c=":{"valueMac":{"type":"Buffer","data":"POCf7cRTibuUMVLCWez+i86Z4mSpy2bRUW5Ucs1lc3Y="}},"k6C6aHtDuXGJtwn6Q8Cxy0T12R/SgS/4I++iRPpKYBM=":{"valueMac":{"type":"Buffer","data":"1/COC+reVOGByt7nCeJOaQbzci6xxcwZtyzvHoVPDNQ="}},"lIn4AounOqJuSy14a1w9uNFu8kh4jJrP15INxviqpYo=":{"valueMac":{"type":"Buffer","data":"UYxX9EscHVSZEfaIk0omv2EiMK0eLsWop0zrB/yntMc="}},"lLnQaDV5fCdAj1/UPXkftU+QtfNYq073O5Ml8QfoRjA=":{"valueMac":{"type":"Buffer","data":"qePHJ2oOwD22sUavzC2zxA9DF919WN5ozvCnzAHRTlk="}},"lurwbFwNLMBAO5d0Vt9VRO3f8zl6ATGsERMClIQ7ejg=":{"valueMac":{"type":"Buffer","data":"GpMHmHkloAazGnW1RADhLVu6yz+j4sP3bG3KUoijDXE="}},"mHNvJ/rMIjDkr6zFdvVpawAg3TXnlWugYcL1fwWLYXs=":{"valueMac":{"type":"Buffer","data":"TvTe6FuMKSKBgIt7WghvMdAkMzB3ZmiiQ+0pnYZFDto="}},"mV8HIlET+43M7kkjVdtPozqlxx4swlZb40bcK5pC3GU=":{"valueMac":{"type":"Buffer","data":"mUOHjz/0EfuemxryCXdJFIdTpcYoHMEXDCGMv9rhiVQ="}},"mmnnBNTmVoPJJQzvVDAsbbhML6pdKroV9Z3Wz6VIVgk=":{"valueMac":{"type":"Buffer","data":"oHsF6FYey2jRjq7JeAk6OaKSad7vFvvA5hIalUctenA="}},"mxgqsdwojwntPta1G4SE1Ee5huVttimO4RaJhq9Ws6M=":{"valueMac":{"type":"Buffer","data":"uDn2otbEMPBXZnYPKRwMhRi9TA4abAeKQvt/hWfxZKg="}},"mzxTIyUxJ8FOgo5pJdbmjQdYC4vJs7xy4/JVa7aeClc=":{"valueMac":{"type":"Buffer","data":"9mqgs5nbG0a9dSPBiUbI7g9bsCgZaU4O/nyVC8AAUwI="}},"m53IXnHq/prBm/4U5FCXlv8N/xUxgnSa105MdJWIWjU=":{"valueMac":{"type":"Buffer","data":"ULhLyiRjNawblsfUQQiH+mbmWH3/Skp9vAdS1KGiafs="}},"nPL0ZiH+rvJW+3LGyD/JfgHDTChxERoNrrv09R80aN4=":{"valueMac":{"type":"Buffer","data":"XkIYord+10PQ2SB9pvQxn/+AHFmmbYImbeje3UBmi7U="}},"nmz9Zc+1yLlpGiGqZcemXBtnb5i9dY8a5sj6UU6XgDw=":{"valueMac":{"type":"Buffer","data":"6FAxifrt4x9Kqqd3D8TkJuATiFnujvzR8EGE655CC5U="}},"nzFG8ycuHyJcdbxF75ZDyufZavAEPNaMaKq3DWwW5wU=":{"valueMac":{"type":"Buffer","data":"dhpAbPfa4xJMrJGNaZERKou+Vo6wmwcVRyMRCxnuBKo="}},"oTz5l/d+NmtLbE5VGCtDUsYEF9PaoPjFJohSUlDMT3s=":{"valueMac":{"type":"Buffer","data":"TZg1ak+XWBn6cNpZXcFFVXb6m5vKDHJY5azXYTmngiM="}},"pjWkh5YAJfF2y3Kf2u9i0I4HsNoHoJAM2Tw6xyYOycA=":{"valueMac":{"type":"Buffer","data":"h4OTAuXiLgdhGIWT10pUMQydnci/zw2zU9001boCWBM="}},"qwk2rFbzfQHqCCmHB10+MSWKdeMhZXyBfifdzYJRfL0=":{"valueMac":{"type":"Buffer","data":"NgKSIYUOW4tOc+KnYNIyVoz1tXTJoB0GM0Ky0U4RJiQ="}},"rEaKm+J52s3p/ZOkdJPt1dvbVefrQP+/uffwC4HVLF0=":{"valueMac":{"type":"Buffer","data":"M7P3ITgjvzOhloGJfFFC5n7E4MIDA/+qHyLTDodx3bo="}},"rRaMgOuV7Oydcl/xQJcnzbrArfJKqhniGdpOMeBGs3M=":{"valueMac":{"type":"Buffer","data":"Oic2LVZA/h9joElJwXUGRZo2IRTQHMwerTGatuf7+OU="}},"rZ35Gw13lNDCOStJnS/sDINm2Jh/25SUHRDb84Owwy8=":{"valueMac":{"type":"Buffer","data":"TW8rsPPR4GkvA5aQ3isZ30EAnpsxKAZAp5RELm6ph2g="}},"sJh9cueQPjStePd9p64GqNV+H310HMfBrvD8P1SwQ5o=":{"valueMac":{"type":"Buffer","data":"IzptlCVT9c3Uk4CprufU0NhuzAmdWIf6h8Uj5x85Pgo="}},"tRQ3NNDK107vZUZ2qeUp53/G8TChwcO+kUPQy+FCdWc=":{"valueMac":{"type":"Buffer","data":"kZdOy7CGYZe9HY7AZs+aufikaX45aI62/xOl1zS86Pw="}},"txB1o4KMUt9VY83fiPjU3oK82cPZESQfEtsJmFeSv4Q=":{"valueMac":{"type":"Buffer","data":"40jRb0XZdn6X4Ycx4//hdY/m1XLhn8LLabl4MqkInQI="}},"u96T4ta/4M8cDNHAkmh+QCrUUc1tZdEnqlOr/UdFKEg=":{"valueMac":{"type":"Buffer","data":"E7+W4LcSPS5auAqou6RLb9vWIwhyNE9ijq/fwZ+lCXA="}},"vJ9u+BzoVK/NlOQ6dzTlSQab+2K1cwWD1g6dMnqEKXA=":{"valueMac":{"type":"Buffer","data":"jeTuyqDeBpJX8NMG/JPXI3ixE4y3icIebpqsfF03k9A="}},"vXCvClQjQp0dVvf3VtSMYSbEYYCqF99T9YGu1Wib5RA=":{"valueMac":{"type":"Buffer","data":"MbEaXbZLMfVgf1ykxRMz0agoBLToLCYBvC9CKH8v+1U="}},"vcTsYXfrFcNTSoejAStbSzltF/Pcncusttb2q/uIJ6k=":{"valueMac":{"type":"Buffer","data":"kdbUb/SQ7GqBU1teqFZBjlQz6TKlHlOQMtgjNlmTwxk="}},"wPB2lFZJf4jdakHb0rEE/bi0MZeoIGHgnYn6zoywn08=":{"valueMac":{"type":"Buffer","data":"hsKIdu6lAfqjVANCpd4ngghiWsDnr1APpqZ4A1Jx2Ig="}},"wYMF3m+gnpFM2gBhH4DBPRdKirOh99JCUNlsxvTrxz8=":{"valueMac":{"type":"Buffer","data":"/KPfDZTj3Oe+VfGB9tTAuX+K5uWZ2dhPBeJula3KINU="}},"wcq5suZaouOdWFOVtV5BMu/cDK4Z52de3Ex+vQ8snws=":{"valueMac":{"type":"Buffer","data":"MzY4W7Ll1aQzzk5VIxl4NIJowNlziy6h6j/ak/amU0Y="}},"wmFJOLWfKHjD3xMlZGWlWQrQShS56pkq2/Bd3Rv6aO8=":{"valueMac":{"type":"Buffer","data":"wm30aKHUlkcrUae2U2/VWU6icet+QdVxjBOAtY4nLJU="}},"wwuLnCJXKooA8wBkn6xkkqYSWYNYwBoCUrvl/K6lRRA=":{"valueMac":{"type":"Buffer","data":"ggHTacIAJB1dfbZGOv8BVb31Gjuq41cfRvK1wkXYemQ="}},"xuiQq4PCqTx8gxmo/TrDIRlOd+YuhbsYYKLC7c08MpI=":{"valueMac":{"type":"Buffer","data":"nX+yZk/3KzsQ+Ty7rZTPOZNfrGNF3OGehKD1r2/fseU="}},"x7PoCge7BxJNCDZui9luKBhfJ3S7Uk5kL+e+GUhAuz8=":{"valueMac":{"type":"Buffer","data":"K1xJLGK9z37ezKc8BvzxBiLS5DXe+2EhWZLR5G+rZq8="}},"yPpvft5CYN7H6h8rvT7y/DRd2o6DWiryLbDDlwbccyk=":{"valueMac":{"type":"Buffer","data":"0IsxehctAAzR92AIFvFRupaoVkuz7c9h9d8egbvF+Zc="}},"yxYht+ZTIhOrI+8LEp5LKhHSB6l5Vobr+O6RsvPlh5M=":{"valueMac":{"type":"Buffer","data":"impn+H9a9teVxszdO860T+zuLyq//ZywyS1F5kddLCY="}},"zAiNHzTdoDgGOC1WjM/CepIlg2JSjK5UnqEYCmxFcRM=":{"valueMac":{"type":"Buffer","data":"VsE+mZxUHqDDqKz2HV4kDhJYyyA/ymcFgxD985+KiGw="}},"zoGb/X0Q1h6wu0nR4yT8EXmM1W+dKTS7u9FoDYIM8TE=":{"valueMac":{"type":"Buffer","data":"4FAZG+nD1FsKjWjFnf8zzjvaTViaxv2Fwrv5l9q2JS4="}},"0EocvQ55ZlUsaNS2WsHKqVQ+TTiZVs7TLsboA8i3P7Y=":{"valueMac":{"type":"Buffer","data":"pNo827yozKfrxOX3Wj6rVTLQEyCp+VfyOObJweX/cPM="}},"0NIIq/SCJZAyMUOA/GdM7govnwXSHlJgXd2w/fkfXtk=":{"valueMac":{"type":"Buffer","data":"Lcr37tRgVxdGquvqACEkIVBX+vC5xFwy1nnXSba7WXw="}},"0TjDWOh5NmnumhHWadDCaADsqJCh7TRL634mvXkI3Zs=":{"valueMac":{"type":"Buffer","data":"RCdSU4cc9frvoLrhj3Vw+V/cTbMG4IpKVNc54Aopl74="}},"2Gw2HJjVEG0EH+aaRG2yokShimxE29FL1eVLP9mixl0=":{"valueMac":{"type":"Buffer","data":"R38pKfX6lBGUSA+5pE4sTfkOPyZU91PxtSOCMp5RRuA="}},"2mf62tAM43EL7S6+8wQlCrxCB6umREOr+1WPKBLXvXc=":{"valueMac":{"type":"Buffer","data":"S/r8km6U7mMGh0oEKfM1h0Dge0oacw7IOsxeQGaLSUU="}},"3c+DTnpN80EfPiyt7FhD/NsY5fOAaUSTaQjMWHKSvWY=":{"valueMac":{"type":"Buffer","data":"PMVKaKmfwtrT2r+Lp5YYnB1cHSchIM75BJ1Fdlo5KBE="}},"3+v0CA5d0pp/9NYCvz3ipL1F0ks/cdE0o3zfJ6qXuCc=":{"valueMac":{"type":"Buffer","data":"vAwOM4klPhXTmKkDP0ZGNm7i4Vj5me+2eFnhsuZXN8U="}},"4re9jElbvleW7Yu3nSrMIA1DDDqJINpssQz5KO7oYs0=":{"valueMac":{"type":"Buffer","data":"zd6Mmo874QLrTjwclBjRRwbCvDOb21MKTjiMDMEWxtc="}},"5NDRBBLOZRsu74/WuwjZADsP2hDw3aZ/rX+2qb9EcIE=":{"valueMac":{"type":"Buffer","data":"hxpBClPjAMcYQ0H+Qs0rKmj5HlYK+kaeEq53uwrl2Sk="}},"5szLPVBXOWyniVLmCWJOllKGfI1KXaGPzTN4fSHiJaQ=":{"valueMac":{"type":"Buffer","data":"v0G6t0o/PZvRI6mIh0TGzEVtlNEPrQhvucz44op9Iro="}},"6ND8qPC35sDGO44lEgDUqwY16KhOa7ka9AHnKBZhfTc=":{"valueMac":{"type":"Buffer","data":"Pr2zWkgT6GHTE48SLDmOVgvnjS6v26eMc1J0Fca9B5c="}},"6ontQgPwiEEENltinMK+XPGHTpcrQUeaSfIq6cF/qog=":{"valueMac":{"type":"Buffer","data":"bg39H1aD2s14o6mnKCQ9bVHL93Ag4N+l4kJGFfYt2r0="}},"6+xHsI9w2Y1+8ToiBrNaTNB8cqWxBGUF++akun5dEoc=":{"valueMac":{"type":"Buffer","data":"MDyIuXYipDfK7RhP1cTZz3azc2b3DxK88M0VAQBwotg="}},"7sncOOZr5TsQ7KPyMG5c/OGaIS9cirLeD/en6Z5T7cQ=":{"valueMac":{"type":"Buffer","data":"c18NBRoDw5ryw05vRgBd/TehuVpgQKm+x6/YMdQAq8w="}},"71HkuECZvHd3TWb+0NvnlmT1bR2/bBawDxnOEYVnSNU=":{"valueMac":{"type":"Buffer","data":"hPgElxDt96fHugUSvxVJV8jAKYgukIkJaV1viTs80Bo="}},"8G3KawHHowsM/6nQEJCDbBaMg5dWNPbbYQ6TGWdning=":{"valueMac":{"type":"Buffer","data":"agyV3i9HNa23k8gdqFdhfZhxeWEhJYbxTsRbxOmBRXc="}},"8ITtgfkT8zQXqzBCl8XMW3M03iDxARCAkE03UWMf8VE=":{"valueMac":{"type":"Buffer","data":"2oT//E08dpYOrV9jri9zDoWpAeOaU887ibjR2AcuEno="}},"8KUqQBfrjMAjOiy8FGJaBjUBNAAIwj2DFSmV9AKUdV0=":{"valueMac":{"type":"Buffer","data":"hBqM85Q4PpWMUnqFYyPwhylbpFDzheQ8BuC/sJNDi7A="}},"872qNRJEWhkzcgrc8HUPn2Cn92XIS8SE2rsoo94jjR4=":{"valueMac":{"type":"Buffer","data":"TOyxX2iwXHemxO5Q4zLMDAr1db0UVrlmURjmDyPJWbk="}},"9fQzBmlS24NLwj7CG54PYU7uF97ahGU4VMgBsoQBUh0=":{"valueMac":{"type":"Buffer","data":"4llsPMJLbnCaci2WSdN6Z0yKxj9Zit3RT3HHaJW4mdQ="}},"94IE99i3gj3xQS+FGRaM+WYsdxRMKKcE871tlSi/d3I=":{"valueMac":{"type":"Buffer","data":"Bhjt5IDDobFNRMg6ASJkzB+eYi7CS5nFb0RjbYdtJ68="}},"+PoQu5TyGktnCtwk5h7/6lQ9qjS7+1xEv4nFLfxpGoc=":{"valueMac":{"type":"Buffer","data":"Ahp0sEE72LdiVJUxleJLFhdbiQCrFkc51GQZyNTgoYc="}},"+5NuinFoxEMd18HI8eC/9J2iVVjv3WeVsu0/9j4cdSE=":{"valueMac":{"type":"Buffer","data":"giMEYCD+FWLBManp0qeo42NE0Vn/tLTwnguP5i04VME="}},"/g5yXhTOLoNaZSx80/LZlBuF3OxF7gmO2PSHG5G/LDM=":{"valueMac":{"type":"Buffer","data":"FgjvIoP1jE34vUsnKQ4TUly3Y22C+e9tKiEsUzYY8FY="}},"/3fwXICvX81jYV6spXuM4XmQdMsb/u0xZQXxGvLX0ks=":{"valueMac":{"type":"Buffer","data":"BwTzXVMZN+3iPIznoz7uV/tdl33Z+pnFK3t+kJ/GWpQ="}},"9BBKk/zakBR5W6LWCqo6ltbU/zchSYpvPYkYrUgv6XY=":{"valueMac":{"type":"Buffer","data":"SHjd5cz1bycvB5WJtpbwE+xXPT7LGRHfyLT+bQi5C94="}},"36BEFLRbK47ytkB8VjTlepMj/ro6ZUZoH/d9Em1M8JU=":{"valueMac":{"type":"Buffer","data":"3cz+i8kgFZFJh/jjup3UqWJC/3nKtSEh0JsIzJB0lr4="}},"OmyUneUPsGZGex2F5oqBjTbCN13/KiQgkdebEduBQXA=":{"valueMac":{"type":"Buffer","data":"cLM2SeTUSwbvjC1c3D/F4z8DRiHw7E1Zr8vU/GcyBIQ="}}}}