{"noiseKey":{"private":{"type":"Buffer","data":"mPDMNmZmkSktq3EKuX7SpyE3tNG2Oe6SHDsBZeXSRGY="},"public":{"type":"Buffer","data":"hqeyQ9dT+5RXBLcKUTXlGSSWZ/+fpGzm35jlBqnhWC8="}},"pairingEphemeralKeyPair":{"private":{"type":"Buffer","data":"iMyNSdwfV0Xv/elDC4vhW30FEUYtQOKWrcptIdQ2tEM="},"public":{"type":"Buffer","data":"/JvX571yS++J90+WXSNYI9SoRuiRKfrOwRCjlddHQlc="}},"signedIdentityKey":{"private":{"type":"Buffer","data":"iPFcHhsuwMHtwVyhrMZLu1mFnZ6ejWD0lI+EM5TIrns="},"public":{"type":"Buffer","data":"9j1G+V0dqso0tR8Qs49/qHDxYDTWIGIYWhcfMZVE9Ak="}},"signedPreKey":{"keyPair":{"private":{"type":"Buffer","data":"aMuGNpcUy8E465CYcXnvN6HRTQhuD3yj1VTmR28xkWU="},"public":{"type":"Buffer","data":"5vnrD1uoIHSaTAlbZ8b6OEb+aZLrC07Iqyl1Wcn3OHw="}},"signature":{"type":"Buffer","data":"p+oFUlHJo2L9fPLUCwlEmviB1q0t5pfSQFj5o80vWwCpFFLC4+XbWRgbZm/cIxf1bUsO4j8OPo+yDHjGSqSjDA=="},"keyId":1},"registrationId":103,"advSecretKey":"06zH8D1/tuFffxMhnSKL4zd1mqsrIwHFMrUTT8I59QI=","processedHistoryMessages":[{"key":{"remoteJid":"6285809011357@s.whatsapp.net","fromMe":true,"id":"04480E155431E77FDB351445B18AF469"},"messageTimestamp":1703083741},{"key":{"remoteJid":"6285809011357@s.whatsapp.net","fromMe":true,"id":"9CB0FA78CA4311C3F56198098EE0AC88"},"messageTimestamp":1703083746},{"key":{"remoteJid":"6285809011357@s.whatsapp.net","fromMe":true,"id":"BB7EED685EEEC6226DC45CB98F124A68"},"messageTimestamp":1703083765},{"key":{"remoteJid":"6285809011357@s.whatsapp.net","fromMe":true,"id":"A668F523C3638F1439770567E94C24F4"},"messageTimestamp":1703083784},{"key":{"remoteJid":"6285809011357@s.whatsapp.net","fromMe":true,"id":"FBB5D1E828ED62EB18EA4321B6047A7B"},"messageTimestamp":1703083799}],"nextPreKeyId":124,"firstUnuploadedPreKeyId":124,"accountSyncCounter":1,"accountSettings":{"unarchiveChats":false},"deviceId":"JMxzEo1kRQubUGIlAC-gIQ","phoneId":"aaf6c8f4-a3f5-4d18-9f73-ff306730c4a6","identityId":{"type":"Buffer","data":"ehqebvulap+a6qnJTxPpX/DAnf4="},"registered":true,"backupToken":{"type":"Buffer","data":"It4uFrz0ehxiQD7AuZrj5WucTRs="},"registration":{},"pairingCode":"QEKG2ZW2","me":{"id":"6285809011357:63@s.whatsapp.net","name":"ivan turu"},"account":{"details":"CI+1roMFENX9i6wGGAMgACgA","accountSignatureKey":"MzkkWjpc5LROYcCgedIHIdiBAWgAWh7+RrYiZPmL3Rg=","accountSignature":"mFPbUNoGC/D1woPs7Nd4g1Rf4FBKKFeNJPU1w7714obb34L7uc4UQvneKaCiPBc+YBOxD2y6k2zwfNbHHl9wBw==","deviceSignature":"dROdttSUBpumiMVZAEwkI5+Xaz3aFD49B0k6c4b8KOikbbydao+7RDEHwEDAtfX4R4OSHBQ8ntwSQzl5QeFvCA=="},"signalIdentities":[{"identifier":{"name":"6285809011357:63@s.whatsapp.net","deviceId":0},"identifierKey":{"type":"Buffer","data":"BTM5JFo6XOS0TmHAoHnSByHYgQFoAFoe/ka2ImT5i90Y"}}],"platform":"smba","lastAccountSyncTimestamp":1703084502,"myAppStateKeyId":"AAAAALPq"}