[{"senderKeyId":2024148624,"senderChainKey":{"iteration":317,"seed":"2WqYOgi8tV+S1Bs0zVStN6wECrTmkg5MYO0vZriSG6U="},"senderSigningKey":{"public":"BQUAh8wnVVgpc9UlMDAJkW5G/BCVCGkNV+0H/o0jhEk9"},"senderMessageKeys":[{},{},{},{},{},{},{},{},{},{},{},{},{},{},{},{},{},{},{},{},{},{},{},{},{},{},{},{}]},{"senderKeyId":2024148624,"senderChainKey":{"iteration":301,"seed":"9Yhago8S4lxNXZFkzaAZrMPyS0QJCi568jl87BSQ8bE="},"senderSigningKey":{"public":"BQUAh8wnVVgpc9UlMDAJkW5G/BCVCGkNV+0H/o0jhEk9"},"senderMessageKeys":[]},{"senderKeyId":2024148624,"senderChainKey":{"iteration":303,"seed":"cRzDDzOequo9qRmgP4AXY153oz6CGVnbV4x8Utg/Ov8="},"senderSigningKey":{"public":"BQUAh8wnVVgpc9UlMDAJkW5G/BCVCGkNV+0H/o0jhEk9"},"senderMessageKeys":[]},{"senderKeyId":2024148624,"senderChainKey":{"iteration":305,"seed":"wlMVhJAyvQTIChq+yGypTw2igaCEM8X23aeDedVkZD4="},"senderSigningKey":{"public":"BQUAh8wnVVgpc9UlMDAJkW5G/BCVCGkNV+0H/o0jhEk9"},"senderMessageKeys":[]},{"senderKeyId":2024148624,"senderChainKey":{"iteration":309,"seed":"T96eJiyQqNlAm1IULfgpCrC9x308qxiImn/WhOPxz6o="},"senderSigningKey":{"public":"BQUAh8wnVVgpc9UlMDAJkW5G/BCVCGkNV+0H/o0jhEk9"},"senderMessageKeys":[]}]