[{"senderKeyId":2128439962,"senderChainKey":{"iteration":23,"seed":"M8TCoagV2ixnEqAB3R+O01xWWpJIGpIV7idBvBXTiqE="},"senderSigningKey":{"public":"BSF5eFKHO5B/5E78nadjWRFWL/ns3+lUPh9wv0d6YpAC"},"senderMessageKeys":[{},{},{},{},{},{}]},{"senderKeyId":2128439962,"senderChainKey":{"iteration":13,"seed":"QF56m9leekPO8Vlkn6vbQS31Y/oqnf9DPTgF2J/kL4c="},"senderSigningKey":{"public":"BSF5eFKHO5B/5E78nadjWRFWL/ns3+lUPh9wv0d6YpAC"},"senderMessageKeys":[]},{"senderKeyId":2128439962,"senderChainKey":{"iteration":15,"seed":"0+N2N2wsrlmwV92nSC2IHxJTYAM4093priSIsJtP2WM="},"senderSigningKey":{"public":"BSF5eFKHO5B/5E78nadjWRFWL/ns3+lUPh9wv0d6YpAC"},"senderMessageKeys":[]},{"senderKeyId":2128439962,"senderChainKey":{"iteration":17,"seed":"LqQVEAGmWrdBCv/8bgNOds6FzClJpRmUafXSraBz76U="},"senderSigningKey":{"public":"BSF5eFKHO5B/5E78nadjWRFWL/ns3+lUPh9wv0d6YpAC"},"senderMessageKeys":[]},{"senderKeyId":2128439962,"senderChainKey":{"iteration":21,"seed":"y9XCWRKj2nwhS0y1GaU7t35zMbt+B8zy4ST0X4ZS1is="},"senderSigningKey":{"public":"BSF5eFKHO5B/5E78nadjWRFWL/ns3+lUPh9wv0d6YpAC"},"senderMessageKeys":[]}]