[{"senderKeyId":2011988697,"senderChainKey":{"iteration":47,"seed":"QQe8j/1RfraXgNpzZjiwoFm/CqKtvaqSgdZLJT52oFM="},"senderSigningKey":{"public":"BfN/mo1YiNWyTcgyt0vBRgDPkLQ0DniJH5OdY1LRa/8D"},"senderMessageKeys":[{},{},{},{},{},{},{},{},{}]},{"senderKeyId":2011988697,"senderChainKey":{"iteration":39,"seed":"oB3Jeh/k6e2cppQJvmaAoJFbsrCxdtztDsf7DmrYfzk="},"senderSigningKey":{"public":"BfN/mo1YiNWyTcgyt0vBRgDPkLQ0DniJH5OdY1LRa/8D"},"senderMessageKeys":[]},{"senderKeyId":2011988697,"senderChainKey":{"iteration":41,"seed":"rltAW32cAgPiNkXuweKdkH5jNDvMgMxBofnafxUGgA0="},"senderSigningKey":{"public":"BfN/mo1YiNWyTcgyt0vBRgDPkLQ0DniJH5OdY1LRa/8D"},"senderMessageKeys":[]},{"senderKeyId":2011988697,"senderChainKey":{"iteration":43,"seed":"5fVbStx/it7aPNILX8YEkh2KiVxKATZo9cb/l/oZin8="},"senderSigningKey":{"public":"BfN/mo1YiNWyTcgyt0vBRgDPkLQ0DniJH5OdY1LRa/8D"},"senderMessageKeys":[]},{"senderKeyId":2011988697,"senderChainKey":{"iteration":45,"seed":"x2i6j6M0bKtK7O6CFq0y74DvV4NOeuv/A6gLHcsyVNs="},"senderSigningKey":{"public":"BfN/mo1YiNWyTcgyt0vBRgDPkLQ0DniJH5OdY1LRa/8D"},"senderMessageKeys":[]}]