[{"senderKeyId":1028055193,"senderChainKey":{"iteration":137,"seed":"RdkGp8YFSdIU7+f5+Hwwc71FzjjaK3ly5OylN5Ts8UY="},"senderSigningKey":{"public":"BQYs4AN87+94PMghEiu8/tW5FxysNdOsvwap2dEUFdRh"},"senderMessageKeys":[{},{},{},{},{},{},{},{},{}]},{"senderKeyId":1028055193,"senderChainKey":{"iteration":129,"seed":"XqBuD+FZJP4tX1KKibdRsPDexuklGeeUomyK8riOcec="},"senderSigningKey":{"public":"BQYs4AN87+94PMghEiu8/tW5FxysNdOsvwap2dEUFdRh"},"senderMessageKeys":[]},{"senderKeyId":1028055193,"senderChainKey":{"iteration":131,"seed":"hbZhCArNwnIVpFsO3nSFve1rMTp+U7XLAsjHlfb6gBQ="},"senderSigningKey":{"public":"BQYs4AN87+94PMghEiu8/tW5FxysNdOsvwap2dEUFdRh"},"senderMessageKeys":[]},{"senderKeyId":1028055193,"senderChainKey":{"iteration":133,"seed":"NKNIvbEES3YFN/cqWVglsLbbr0a9ZefEqPXnv/eCz7M="},"senderSigningKey":{"public":"BQYs4AN87+94PMghEiu8/tW5FxysNdOsvwap2dEUFdRh"},"senderMessageKeys":[]},{"senderKeyId":1028055193,"senderChainKey":{"iteration":135,"seed":"31DO4PCSkG0WdGqGUtB7OWJUPOhnQXf2j/5bm4KhLCI="},"senderSigningKey":{"public":"BQYs4AN87+94PMghEiu8/tW5FxysNdOsvwap2dEUFdRh"},"senderMessageKeys":[]}]