[{"senderKeyId":782159947,"senderChainKey":{"iteration":1,"seed":"QbznZoDaJhz7uu15RiKQLgt8l4/B/xZgDR7pkMfaWiY="},"senderSigningKey":{"public":"BTPAQlmfNm1Qs5qI6gjtfOm01L4qD+m/S/601ZGDJaQI"},"senderMessageKeys":[]},{"senderKeyId":1582113056,"senderChainKey":{"iteration":3,"seed":"WUvZ33RL65o9y9v53COAx+jyFQyG2VZM4dR55Dqg5is="},"senderSigningKey":{"public":"Bcdy2XyQnSx6MUfgX0cQ4hsLqPtpYDh3lqXbVqUGLX8d"},"senderMessageKeys":[{}]},{"senderKeyId":1582113056,"senderChainKey":{"iteration":1,"seed":"xwshv2r8/3uK2b/TlusjLGb6CDtuIhAVkRl3mO7aqYA="},"senderSigningKey":{"public":"Bcdy2XyQnSx6MUfgX0cQ4hsLqPtpYDh3lqXbVqUGLX8d"},"senderMessageKeys":[]}]