[{"senderKeyId":1371601229,"senderChainKey":{"iteration":25,"seed":"Hy+vI8vN1xmSKMr0Y2qr5pUz/ODRsGIcT2JjhGN9npY="},"senderSigningKey":{"public":"BeOwLwcaGB03muwVzn2X6moFvS6NXdOMf7dEaHnW4E5n"},"senderMessageKeys":[{},{},{},{},{},{},{},{},{},{},{},{},{},{}]},{"senderKeyId":1371601229,"senderChainKey":{"iteration":7,"seed":"ejl4pF7NqX8+lzXWkd3/nSUZs4j47+MAp6dBuivtmxc="},"senderSigningKey":{"public":"BeOwLwcaGB03muwVzn2X6moFvS6NXdOMf7dEaHnW4E5n"},"senderMessageKeys":[]},{"senderKeyId":1371601229,"senderChainKey":{"iteration":9,"seed":"whhAtmoTnj0jUJ6vPnbuuvG3ViPBR5PCyMOBnNRHy4o="},"senderSigningKey":{"public":"BeOwLwcaGB03muwVzn2X6moFvS6NXdOMf7dEaHnW4E5n"},"senderMessageKeys":[]},{"senderKeyId":1371601229,"senderChainKey":{"iteration":11,"seed":"gPnhBiBc9/Z2zNFkbwqy9TUN0CxppGYyrEdhR7ZqVC4="},"senderSigningKey":{"public":"BeOwLwcaGB03muwVzn2X6moFvS6NXdOMf7dEaHnW4E5n"},"senderMessageKeys":[]},{"senderKeyId":1371601229,"senderChainKey":{"iteration":13,"seed":"Hw5iuKagoZjouQBnS2xGFWbCqlmp9Fr55gw3JcnE0Tw="},"senderSigningKey":{"public":"BeOwLwcaGB03muwVzn2X6moFvS6NXdOMf7dEaHnW4E5n"},"senderMessageKeys":[]}]