[{"senderKeyId":1362888171,"senderChainKey":{"iteration":215,"seed":"BBogEfNHj9DYeCfvEWe79LMn5JjQLiOZl6+2c+U2ntA="},"senderSigningKey":{"public":"BfwTLe+t/BtoTBRRAaUO6KGuhoJUeSZjKaO8sgbIgUMb"},"senderMessageKeys":[{},{},{},{},{},{},{},{},{},{},{},{},{},{},{},{},{},{},{},{},{},{},{},{},{},{},{},{},{},{},{},{},{},{},{},{},{},{},{},{},{},{},{},{},{},{},{},{},{},{},{},{},{},{},{},{},{},{},{},{},{},{},{},{},{},{},{},{},{},{},{},{},{},{},{},{},{},{},{},{},{},{},{},{},{},{},{},{},{},{},{},{},{},{},{},{},{},{},{},{},{},{},{},{},{},{},{},{},{},{},{},{},{},{},{},{},{},{},{},{},{},{},{},{},{},{},{},{},{},{},{},{},{},{},{},{},{},{},{},{},{},{},{},{},{},{},{},{},{},{},{},{},{},{},{},{},{},{},{},{},{},{},{},{},{},{},{},{},{},{},{},{},{},{},{},{},{},{},{},{},{},{},{},{},{},{},{},{},{},{},{},{},{},{},{},{},{},{},{},{}]},{"senderKeyId":1362888171,"senderChainKey":{"iteration":151,"seed":"pjEjgR0WlQEjY8nNNbLyi7Y6qAblT8u8lunYkBG9FFA="},"senderSigningKey":{"public":"BfwTLe+t/BtoTBRRAaUO6KGuhoJUeSZjKaO8sgbIgUMb"},"senderMessageKeys":[]},{"senderKeyId":1362888171,"senderChainKey":{"iteration":185,"seed":"iPKB/RlTwde8ORJQaOOEpu5mKpoMFNAAHUD/puWsE28="},"senderSigningKey":{"public":"BfwTLe+t/BtoTBRRAaUO6KGuhoJUeSZjKaO8sgbIgUMb"},"senderMessageKeys":[]},{"senderKeyId":1362888171,"senderChainKey":{"iteration":209,"seed":"Xp6zyLv9k4d3UlYB0J+OshYv7QdvtaS9+nACFfMjbPs="},"senderSigningKey":{"public":"BfwTLe+t/BtoTBRRAaUO6KGuhoJUeSZjKaO8sgbIgUMb"},"senderMessageKeys":[]},{"senderKeyId":1362888171,"senderChainKey":{"iteration":211,"seed":"4DZYRElGiWmjmYI3WiS9DE6EH+60HXQk25B5XK0Vrrg="},"senderSigningKey":{"public":"BfwTLe+t/BtoTBRRAaUO6KGuhoJUeSZjKaO8sgbIgUMb"},"senderMessageKeys":[]}]