{"_sessions":{"BXr5ZFmGJFZIR8AvfWmEgloxvfPnzdDm6HtxHjmLenVT":{"registrationId":337599844,"currentRatchet":{"ephemeralKeyPair":{"pubKey":"BSrONzZJqfWHRk81XkHeRyf+0+wNxQcX4prS9L++B75I","privKey":"eGQWi9xcckcSRRbuajIoSENQ2pUGXM77UAHUQkCRimU="},"lastRemoteEphemeralKey":"BTsn2QEQpq0krLW4FPmxLWoSaJOAcesl5fA1WylND7lk","previousCounter":0,"rootKey":"DrzZekCvvawEusM9u6Ad6Wgle26LEj5ZLelqQDIvaxc="},"indexInfo":{"baseKey":"BXr5ZFmGJFZIR8AvfWmEgloxvfPnzdDm6HtxHjmLenVT","baseKeyType":1,"closed":-1,"used":1703091794721,"created":1703091794721,"remoteIdentityKey":"BdodaMoNo+YNVJ9d5cFQk8nyi7ur5WsHMZ+1EyjzCZI3"},"_chains":{"BSrONzZJqfWHRk81XkHeRyf+0+wNxQcX4prS9L++B75I":{"chainKey":{"counter":1,"key":"geW/wmH4o7wJbhAHN3fV1DfCIUxZX1uLxKJBuYgrZPY="},"chainType":1,"messageKeys":{}}},"pendingPreKey":{"signedKeyId":0,"baseKey":"BXr5ZFmGJFZIR8AvfWmEgloxvfPnzdDm6HtxHjmLenVT"}}},"version":"v1"}