{"_sessions":{"BR6AvrAZg+9euHq+auO49CEnhIrtfpLmVTHYUN5XOn98":{"registrationId":13899,"currentRatchet":{"ephemeralKeyPair":{"pubKey":"BTH7znz4spnq+2QYVPF48xp5oXyUu1WKKCnewCgX088C","privKey":"mHO+RmvdpzeKryEx8xsxyIcFYtQcypbr1ScAr56Y+H0="},"lastRemoteEphemeralKey":"BeToFcR+BErMd6X7ZiuiJ3ygmFY/yjBc3zSpbvxj+b4e","previousCounter":0,"rootKey":"sf248ucZLQgQiiyTOorq+eo+hxHtTqMjYVYE0MpdGz0="},"indexInfo":{"baseKey":"BR6AvrAZg+9euHq+auO49CEnhIrtfpLmVTHYUN5XOn98","baseKeyType":1,"closed":-1,"used":1703091794511,"created":1703091794511,"remoteIdentityKey":"BVPaVzg8iGnUn4Gwi3fXwPaMtJFZEOhosF5/eDgOGA5I"},"_chains":{"BTH7znz4spnq+2QYVPF48xp5oXyUu1WKKCnewCgX088C":{"chainKey":{"counter":1,"key":"iWiN8iOTOqeJcBMxTqZkYcw/7eMCi0K103RoQttxPFI="},"chainType":1,"messageKeys":{}}},"pendingPreKey":{"signedKeyId":1,"baseKey":"BR6AvrAZg+9euHq+auO49CEnhIrtfpLmVTHYUN5XOn98","preKeyId":2375}}},"version":"v1"}