{"_sessions":{"BYzlTlwYeEpBZMvgDeyIBe3xZdRqmBzJmbHRuaGD2yJD":{"registrationId":131460482,"currentRatchet":{"ephemeralKeyPair":{"pubKey":"BVsRasykhTZAWjSkkL02/XCowMn9d8mJ6c5WK9IqhnVN","privKey":"iIwS5Qjhut3fl389lQNOctxiaaeX1luYU/diDxI1pFo="},"lastRemoteEphemeralKey":"BWT2BDcYHo4N49ZzBhMYgXeB46eB6cHh4SHeg5st7sVx","previousCounter":0,"rootKey":"qBrHVwzTbqkXj3lV0tvpG+k4984QPpfvXp9YZQAPcUw="},"indexInfo":{"baseKey":"BYzlTlwYeEpBZMvgDeyIBe3xZdRqmBzJmbHRuaGD2yJD","baseKeyType":2,"closed":-1,"used":1703086154705,"created":1703086154705,"remoteIdentityKey":"BZZlxB9kkRx1Et/SMdBvfFc3aLMXCmjM/h5VB0xwrs0p"},"_chains":{"BWT2BDcYHo4N49ZzBhMYgXeB46eB6cHh4SHeg5st7sVx":{"chainKey":{"counter":0,"key":"iSE6pNEkJ76pyYGkxGLRu4t3BFY1NeTU2Wan7d5nddY="},"chainType":2,"messageKeys":{}},"BVsRasykhTZAWjSkkL02/XCowMn9d8mJ6c5WK9IqhnVN":{"chainKey":{"counter":-1,"key":"z7YBHht8m5INKsHcZ+zq5GtrFoL1A7HPq9lU7z9OHoo="},"chainType":1,"messageKeys":{}}}}},"version":"v1"}