{"_sessions":{"BXTGF4cYs517ITlZ8K5fIlgqXXgiw9KHv2MEoaIT/sdf":{"registrationId":71557367,"currentRatchet":{"ephemeralKeyPair":{"pubKey":"BTwJlzJU4a/X4f+UUj1IuqbqmlYxiW2AO1qPS8UAET0V","privKey":"QML884v7zC/HAoDSJ2vw/+KC7hZyt2VXhf6MnAae3l0="},"lastRemoteEphemeralKey":"Baoil6V/LW9FbvOWGJ7GExZ66ApBqCyekTD8sev6+i8I","previousCounter":0,"rootKey":"a0MPxf1GWxJ4PavrMcbAnZ2M7a9113FqyxvZoW8zaTQ="},"indexInfo":{"baseKey":"BXTGF4cYs517ITlZ8K5fIlgqXXgiw9KHv2MEoaIT/sdf","baseKeyType":1,"closed":-1,"used":1703091794793,"created":1703091794793,"remoteIdentityKey":"BQcbNqjXQQ93O6cz6zTnSj5gXbkdL+dz0divhzaDv0sC"},"_chains":{"BTwJlzJU4a/X4f+UUj1IuqbqmlYxiW2AO1qPS8UAET0V":{"chainKey":{"counter":1,"key":"B0EPJ7v4X8xOcGP13duL4MdCV3SH5OLpybK2UnlpYEo="},"chainType":1,"messageKeys":{}}},"pendingPreKey":{"signedKeyId":4,"baseKey":"BXTGF4cYs517ITlZ8K5fIlgqXXgiw9KHv2MEoaIT/sdf"}}},"version":"v1"}