{"_sessions":{"BYT+iA0yK31BH8C3U3i72FDr3kefd7wF6njFHzvPwrg7":{"registrationId":531997823,"currentRatchet":{"ephemeralKeyPair":{"pubKey":"BYm0/HL0O6QEz/MehF1DdR6HRkFti2ppkIvmJyf1AZw9","privKey":"0I02aqWIXG4XaMewXi35tsUaWN+V8qbGgWJXag2jb3U="},"lastRemoteEphemeralKey":"BeUkTCvC5R/i1ODdtNQ6UPdRIBv81H/iGHxu+MPbWPpQ","previousCounter":0,"rootKey":"XrcFW97LvuJci59rhsk/EV1EEPCBFeWgw5zBLYoDgpw="},"indexInfo":{"baseKey":"BYT+iA0yK31BH8C3U3i72FDr3kefd7wF6njFHzvPwrg7","baseKeyType":1,"closed":-1,"used":1703091794723,"created":1703091794723,"remoteIdentityKey":"BVl0Cn4MkEjAze5WaOjmh9/pNY/dChn339PkVRKDHQ0f"},"_chains":{"BYm0/HL0O6QEz/MehF1DdR6HRkFti2ppkIvmJyf1AZw9":{"chainKey":{"counter":1,"key":"My0qS9iMTIGfYPwzJaIxXYsx1Pf46dzxB5cyA3EH6x4="},"chainType":1,"messageKeys":{}}},"pendingPreKey":{"signedKeyId":5,"baseKey":"BYT+iA0yK31BH8C3U3i72FDr3kefd7wF6njFHzvPwrg7","preKeyId":14896806}}},"version":"v1"}