{"_sessions":{"BdfBjlfBt62UjG5W3vxmQ3YOLpd1CxK85QUk8BK+8jRN":{"registrationId":1010985821,"currentRatchet":{"ephemeralKeyPair":{"pubKey":"BfC/SC1enDnTnRbLOJxEez5zIhjC0T6cgj73lE6b5A5r","privKey":"iOZuNG3XCt6918pLm44dWpNdr+dBBLgMLMMf/ljgi1M="},"lastRemoteEphemeralKey":"BafELZtUdHL9rZBKz6l1pVAH36mX4JWjv+h3tFkG2ZJK","previousCounter":0,"rootKey":"tuRAl6t78sFDPC5XML+B6DcS+3BxVcUeA5gjPN/Nrf0="},"indexInfo":{"baseKey":"BdfBjlfBt62UjG5W3vxmQ3YOLpd1CxK85QUk8BK+8jRN","baseKeyType":1,"closed":-1,"used":1703091794814,"created":1703091794814,"remoteIdentityKey":"Bc73Mfw1oWO3lZ7UbOCk8Vz70kao1BXH1krl+aV2slRb"},"_chains":{"BfC/SC1enDnTnRbLOJxEez5zIhjC0T6cgj73lE6b5A5r":{"chainKey":{"counter":1,"key":"pDczKIhDubPC7Bi8Ndsa32j08OPTLXdBs//r+yxSW9Q="},"chainType":1,"messageKeys":{}}},"pendingPreKey":{"signedKeyId":19,"baseKey":"BdfBjlfBt62UjG5W3vxmQ3YOLpd1CxK85QUk8BK+8jRN","preKeyId":4303608}}},"version":"v1"}