{"_sessions":{"BUhplKf2bXwHTwo01ei/7beaCldwHKuyQqnGPWTpUdtE":{"registrationId":6706,"currentRatchet":{"ephemeralKeyPair":{"pubKey":"BaOrhKt94eGK40A40UsM8BCgaMVjAVPU8jgQDQwTGo8w","privKey":"kBBlQB9+lWkHdrWMJDdm5uXTUzsR45WFZZ/hCSqgwFs="},"lastRemoteEphemeralKey":"Bb52wEcwp7cFXTGxyRx8eiA8gXeJJ1FUJ2H6bkCA+D57","previousCounter":0,"rootKey":"iYuEBDH5OCLYuHHI1HzMDSJ7iWzzsTDkGxioWWd33ys="},"indexInfo":{"baseKey":"BUhplKf2bXwHTwo01ei/7beaCldwHKuyQqnGPWTpUdtE","baseKeyType":1,"closed":-1,"used":1703091794588,"created":1703091794588,"remoteIdentityKey":"BQzUumZyOG6cleV4iGThxQZIAFBs4/7Qj/3UXk5GHIpO"},"_chains":{"BaOrhKt94eGK40A40UsM8BCgaMVjAVPU8jgQDQwTGo8w":{"chainKey":{"counter":1,"key":"BBGNeeX0X49RRKxrV5VyRaCQuvv10ZA+TJ+na1cKZTA="},"chainType":1,"messageKeys":{}}},"pendingPreKey":{"signedKeyId":1,"baseKey":"BUhplKf2bXwHTwo01ei/7beaCldwHKuyQqnGPWTpUdtE"}}},"version":"v1"}