{"_sessions":{"BWto8T+njJiE0UBMfnQt6nbU+kT63GuF2tSnF8Qsn49f":{"registrationId":314282618,"currentRatchet":{"ephemeralKeyPair":{"pubKey":"BZxVPRtEjILP3038Kq/fSXyNvt1CzYQHODc/O8BhXxR+","privKey":"WPEkxjaa+yTaS8y6Td6utRAT5UPyi6K3xqiv20gzxkQ="},"lastRemoteEphemeralKey":"BSKaE1gMYTtaDYw+WPx2BXK11780+ZMDWVk/1ki2V6Fl","previousCounter":0,"rootKey":"Ngq4vzjhjpQ4+a1all3CBOT5Wf/NHU3+Wuk6oteZYvg="},"indexInfo":{"baseKey":"BWto8T+njJiE0UBMfnQt6nbU+kT63GuF2tSnF8Qsn49f","baseKeyType":1,"closed":-1,"used":1703091794598,"created":1703091794598,"remoteIdentityKey":"BZ/QQpMiWxFihR9fqMSb1l8C9ertmTmjWfBtGgCbCGVQ"},"_chains":{"BZxVPRtEjILP3038Kq/fSXyNvt1CzYQHODc/O8BhXxR+":{"chainKey":{"counter":1,"key":"asvSyKbOcBZBmzOo3O88yBrok1KEZr9JhkcR2TB07D4="},"chainType":1,"messageKeys":{}}},"pendingPreKey":{"signedKeyId":1,"baseKey":"BWto8T+njJiE0UBMfnQt6nbU+kT63GuF2tSnF8Qsn49f","preKeyId":9285766}}},"version":"v1"}