{"_sessions":{"Bac+bsTKeCgxu5ODiR5k8n5HORYHSeZm/iIIMd3MQp1e":{"registrationId":338088808,"currentRatchet":{"ephemeralKeyPair":{"pubKey":"BacOjydJCH9YXjKtU/Iu8PKYUu1C29QYJFKBOk+QGbMe","privKey":"OF0UVvKLxLL6c/3ckujtvgaLdxJgQv77uCWsmkAejW8="},"lastRemoteEphemeralKey":"BZ28UVOMBJkldNTZj1fWsOdpKKB+4ednFyRJKFBSB5gV","previousCounter":0,"rootKey":"SgNAYbKyIcAgV9DHAkjyOUbP0FQbhLPv4S56q3VFwHg="},"indexInfo":{"baseKey":"Bac+bsTKeCgxu5ODiR5k8n5HORYHSeZm/iIIMd3MQp1e","baseKeyType":1,"closed":-1,"used":1703091794781,"created":1703091794781,"remoteIdentityKey":"BU9HP/WXkan9Be+hm83Ql7v/zHQYzxyltYRWYEUpOA4o"},"_chains":{"BacOjydJCH9YXjKtU/Iu8PKYUu1C29QYJFKBOk+QGbMe":{"chainKey":{"counter":1,"key":"1UcE1kmrbGuunQcBAyiFBzSMCewaq9KzAgApBb/mcms="},"chainType":1,"messageKeys":{}}},"pendingPreKey":{"signedKeyId":1,"baseKey":"Bac+bsTKeCgxu5ODiR5k8n5HORYHSeZm/iIIMd3MQp1e","preKeyId":2034130}}},"version":"v1"}