{"_sessions":{"Ba13rpmvmM0eGcnl3BHKENGZtCSG+UFfydUmiokyCSIZ":{"registrationId":1153353235,"currentRatchet":{"ephemeralKeyPair":{"pubKey":"BfgILjKhmAT92HYF61IM2CHPpUl1NOGYSUjV8wahITpx","privKey":"OLcFTqKcoNQGF8G1SumyZEb4HOV5sDY5VvpowdnJ1kE="},"lastRemoteEphemeralKey":"BdiaIAmHApf+abj8CdPKg1rL/0odtRec5IqVlXfO2KVS","previousCounter":0,"rootKey":"HUxBgqIadILHi3+wyRnny04WWdPgz35YxPopIDKcztw="},"indexInfo":{"baseKey":"Ba13rpmvmM0eGcnl3BHKENGZtCSG+UFfydUmiokyCSIZ","baseKeyType":1,"closed":-1,"used":1703091794784,"created":1703091794784,"remoteIdentityKey":"BdQidSpN1XZAz8isrCDB1ehVGRHHmYxgkPlxEr8s0OFZ"},"_chains":{"BfgILjKhmAT92HYF61IM2CHPpUl1NOGYSUjV8wahITpx":{"chainKey":{"counter":1,"key":"7XoCsDDKJ5ic93odQt9BFOtRrXO55zCRs24VweeUICw="},"chainType":1,"messageKeys":{}}},"pendingPreKey":{"signedKeyId":0,"baseKey":"Ba13rpmvmM0eGcnl3BHKENGZtCSG+UFfydUmiokyCSIZ"}}},"version":"v1"}