{"_sessions":{"BQnaygi3RnfznczGkh1akI5Ci7VZjBBtb+JM7RymOMMF":{"registrationId":63,"currentRatchet":{"ephemeralKeyPair":{"pubKey":"BUomAmOsserStDDOzHulghjW8II6F7dGs4Uf/D0kmUBt","privKey":"cE21QLtC5jf8oerPpK2mzh4DjzwfpSwID6Szj0oxxFI="},"lastRemoteEphemeralKey":"BcMgYJQmHOYQwt+Ev4BmXpHy6ZiPrKZHYs40kwxJ2RMD","previousCounter":0,"rootKey":"nFmUxfhfzP2qNRu++nkwelsskNKxRVlGt1qWI3rhA0Q="},"indexInfo":{"baseKey":"BQnaygi3RnfznczGkh1akI5Ci7VZjBBtb+JM7RymOMMF","baseKeyType":1,"closed":-1,"used":1703091794495,"created":1703091794495,"remoteIdentityKey":"BaJWbSuA2a9nRJD2vWfC4SlphrxxAT0LYzTYwmQUtHxW"},"_chains":{"BUomAmOsserStDDOzHulghjW8II6F7dGs4Uf/D0kmUBt":{"chainKey":{"counter":1,"key":"LoxeRW8o8eI0NlsgaFlZ3/TijdAwuZ7/LLengAshSjo="},"chainType":1,"messageKeys":{}}},"pendingPreKey":{"signedKeyId":1,"baseKey":"BQnaygi3RnfznczGkh1akI5Ci7VZjBBtb+JM7RymOMMF","preKeyId":1754}}},"version":"v1"}