{"_sessions":{"BWzVDYMnfIrmbsRxtrqDIlY14/JNdIYxF9SCu5c9q14H":{"registrationId":10636428,"currentRatchet":{"ephemeralKeyPair":{"pubKey":"BUoNgDm2vhs0hLIb1SRJi6etWh+mI+3NSnN7PEM+1ndD","privKey":"YD5xsEYjoE8AWUahWevA8xFc/N6yUqy8f61PtcPynkQ="},"lastRemoteEphemeralKey":"BarpjmYp6hfxL9ev/EevkugpimFfOxdpveYt6OHph9ln","previousCounter":0,"rootKey":"fEfrsLv2NSp5f8p6sq8JMXpyPkLA/iNvadwcy78TnEE="},"indexInfo":{"baseKey":"BWzVDYMnfIrmbsRxtrqDIlY14/JNdIYxF9SCu5c9q14H","baseKeyType":2,"closed":-1,"used":1703086138780,"created":1703086138780,"remoteIdentityKey":"BSTPikTfwvmX9aeNCxWqdwDytONMPzVXOXozRQXoN8kp"},"_chains":{"BarpjmYp6hfxL9ev/EevkugpimFfOxdpveYt6OHph9ln":{"chainKey":{"counter":0,"key":"6nmB4KtaEPn0y0a7FRDCXUhe841IAutaI14wNWFkB6I="},"chainType":2,"messageKeys":{}},"BUoNgDm2vhs0hLIb1SRJi6etWh+mI+3NSnN7PEM+1ndD":{"chainKey":{"counter":-1,"key":"tjDYLaaSF2Wm6BuT8tvXufPrZhE1qcT62N2NqzsPbH4="},"chainType":1,"messageKeys":{}}}}},"version":"v1"}