{"_sessions":{"BcxJGVDFiLSzGKudzS0E3kqn8FhSiWd7wgsCMXRuspRU":{"registrationId":1225232039,"currentRatchet":{"ephemeralKeyPair":{"pubKey":"BSHnGgSqdh21+us+llHoq16P2cZToeh56MtesDwZsvcK","privKey":"wGmVDj9lWgIfXFA8zgscVQexxxdXkg7wpJwVhYIF+WA="},"lastRemoteEphemeralKey":"BWIR6vdUF8Oqryjy6HolCFMUV3STmII/JsVy8LVNGKA8","previousCounter":0,"rootKey":"KnN5aViMKWyoomSYv/ULpQaewi/1hc6kV0j9wKHP/VI="},"indexInfo":{"baseKey":"BcxJGVDFiLSzGKudzS0E3kqn8FhSiWd7wgsCMXRuspRU","baseKeyType":1,"closed":-1,"used":1703091794487,"created":1703091794487,"remoteIdentityKey":"BfPFmgDKfocDRo2OORkCoP7+Rg7Ua2NF8ktlRZQjr08e"},"_chains":{"BSHnGgSqdh21+us+llHoq16P2cZToeh56MtesDwZsvcK":{"chainKey":{"counter":1,"key":"8qDQYr6zFH8qMf7UykEA19xyiMoha9nH6E/FB79vopw="},"chainType":1,"messageKeys":{}}},"pendingPreKey":{"signedKeyId":1,"baseKey":"BcxJGVDFiLSzGKudzS0E3kqn8FhSiWd7wgsCMXRuspRU","preKeyId":11701434}}},"version":"v1"}