{"_sessions":{"BYycRispjnubSl/665H7WLWmbBRzxHU3KZ4HIb8dLlsU":{"registrationId":286611970,"currentRatchet":{"ephemeralKeyPair":{"pubKey":"BeG7jPUVUnJr7BrjTvnLrch212++bCzN3uI/qhlv+GQH","privKey":"qHapTtHriJft9WCYqVSNzHRUFnj6lpnYzOLkSlBgQ2U="},"lastRemoteEphemeralKey":"Bc1PCwgoNzW791DgtenctrlyV4NzRn/JtINGjkoGU/x5","previousCounter":0,"rootKey":"o7XIlnZ2bfkMBSWMq8D8w+me4td3j2mOhrpYgybuOMk="},"indexInfo":{"baseKey":"BYycRispjnubSl/665H7WLWmbBRzxHU3KZ4HIb8dLlsU","baseKeyType":1,"closed":-1,"used":1703091794821,"created":1703091794821,"remoteIdentityKey":"BVJvTNGfHkcs9mH3GQ/urVAppJkfsKYrfAy+4XLAPf5U"},"_chains":{"BeG7jPUVUnJr7BrjTvnLrch212++bCzN3uI/qhlv+GQH":{"chainKey":{"counter":1,"key":"OIZLIU/UbFuGuZh+fSZXazC7FRihMwpO8ZA2hK5YWos="},"chainType":1,"messageKeys":{}}},"pendingPreKey":{"signedKeyId":2,"baseKey":"BYycRispjnubSl/665H7WLWmbBRzxHU3KZ4HIb8dLlsU","preKeyId":5624283}}},"version":"v1"}