{"_sessions":{"Bf9k2ToPAQ8XMbbi3jEaLUu2U63YGsyyHMcNmyPzlhdY":{"registrationId":147,"currentRatchet":{"ephemeralKeyPair":{"pubKey":"BWYZmUC57MxtuiD0zv7or0OYgZLmaGxaboYm0m9aDUIw","privKey":"sLdYtjLiyPAmJf+um2ztfJiMFexmfdCNGrzuCZCcmWM="},"lastRemoteEphemeralKey":"BfTeIPXXUX13IxrZdrGV+dxrsozBB35dnN252qpH72wW","previousCounter":0,"rootKey":"fLvZqMmaVwNxNC5ShboebX5C9RtkoQBBkU/paBhA3mw="},"indexInfo":{"baseKey":"Bf9k2ToPAQ8XMbbi3jEaLUu2U63YGsyyHMcNmyPzlhdY","baseKeyType":1,"closed":-1,"used":1703091794597,"created":1703091794597,"remoteIdentityKey":"BbUM25oxUY7mef0rZieJsaP/6zmPKgkSvBUj3bU76xFs"},"_chains":{"BWYZmUC57MxtuiD0zv7or0OYgZLmaGxaboYm0m9aDUIw":{"chainKey":{"counter":1,"key":"p4pSeAL1ICE13B6bTYiZpTdS11baUBNsdn9CLfiI9/E="},"chainType":1,"messageKeys":{}}},"pendingPreKey":{"signedKeyId":1,"baseKey":"Bf9k2ToPAQ8XMbbi3jEaLUu2U63YGsyyHMcNmyPzlhdY"}}},"version":"v1"}