{"_sessions":{"BboGbMvOuO5eT3q78P9AQBtwp71eXqm9TyVrY1H1OJtV":{"registrationId":301379751,"currentRatchet":{"ephemeralKeyPair":{"pubKey":"BaaC3czm77x+TG/hM+Qt3HIeTBMmG8dnDF/Vf/5ty/gi","privKey":"eOBSjV/JDsKe+6+vmTd1G4ElIdNkub+5FwEZBGAyglM="},"lastRemoteEphemeralKey":"BaHyQAyLe8vhqDr4GanC20Yl+7hcw9/g5vGT02+9zzJ0","previousCounter":0,"rootKey":"mgaFYL0dR3MWRkzVzC0pCVyxBDAipjBXQ/rztvvhl7s="},"indexInfo":{"baseKey":"BboGbMvOuO5eT3q78P9AQBtwp71eXqm9TyVrY1H1OJtV","baseKeyType":1,"closed":-1,"used":1703091794880,"created":1703091794880,"remoteIdentityKey":"BfwAAVXpZiBJdVrT7BoPDHPBZtw+NizA6qxkcNT25YAC"},"_chains":{"BaaC3czm77x+TG/hM+Qt3HIeTBMmG8dnDF/Vf/5ty/gi":{"chainKey":{"counter":1,"key":"g6w/X/+5cntesK0SeNYGxffrM6Z4X+Hsq8TnptvQHWM="},"chainType":1,"messageKeys":{}}},"pendingPreKey":{"signedKeyId":3,"baseKey":"BboGbMvOuO5eT3q78P9AQBtwp71eXqm9TyVrY1H1OJtV","preKeyId":6820433}}},"version":"v1"}