{"_sessions":{"BYPNxKkjvxRWexLdz0B3tZkei9keW/y0ayrccMqBQWpb":{"registrationId":141724014,"currentRatchet":{"ephemeralKeyPair":{"pubKey":"BYj9fAUFgxA8n8CZpttEuG4v26VPfCB/dQjpMjZ5qARV","privKey":"2IVx3olUon8RnRCHQshFoaWFW8YvjPU9WdqR2irbd3g="},"lastRemoteEphemeralKey":"BX5J89Ru3UPnMbcRPnJvzyUQjbcj/pM26lrJZvIGlkRu","previousCounter":0,"rootKey":"6jTdGg1wc1+Cme04/2+OfREtGgL+lTjZVWYi8cAUfIQ="},"indexInfo":{"baseKey":"BYPNxKkjvxRWexLdz0B3tZkei9keW/y0ayrccMqBQWpb","baseKeyType":1,"closed":-1,"used":1703091794786,"created":1703091794786,"remoteIdentityKey":"BXJr8Sq0nKlKIdyO8R2A3DYe6z4yE6jk3VkHb31ZGJUb"},"_chains":{"BYj9fAUFgxA8n8CZpttEuG4v26VPfCB/dQjpMjZ5qARV":{"chainKey":{"counter":1,"key":"1KnX+TI317g8q6g+Eqbo95cya4tkGo8qvs6lx7jjIM0="},"chainType":1,"messageKeys":{}}},"pendingPreKey":{"signedKeyId":0,"baseKey":"BYPNxKkjvxRWexLdz0B3tZkei9keW/y0ayrccMqBQWpb","preKeyId":16681976}}},"version":"v1"}