{"_sessions":{"BSKXllJSvILkNpxZ2sZfXZgbcKvx9YhA+yrSD7L82mUG":{"registrationId":814315881,"currentRatchet":{"ephemeralKeyPair":{"pubKey":"BQMCsJV/lciuEyPWt0UhQwskK9NpAuNWXcDhrx+aofwd","privKey":"6Kbe3SDj7JEOxCM+dFhxhaWISnlxf8bPotHT7wKZun8="},"lastRemoteEphemeralKey":"Bcbq0+SnITqFLjtTmwqQYLdi6JTdzJ47ltCTFyijdwQv","previousCounter":0,"rootKey":"l3Y8GVmux9D6R1edy8pWdosGewoqT2ls6YLGKY79hzM="},"indexInfo":{"baseKey":"BSKXllJSvILkNpxZ2sZfXZgbcKvx9YhA+yrSD7L82mUG","baseKeyType":1,"closed":-1,"used":1703091795012,"created":1703091795012,"remoteIdentityKey":"BVQHcNMSpZptjIQ1qFvmpjeFeR4zNmBON1DpjMND7MYa"},"_chains":{"BQMCsJV/lciuEyPWt0UhQwskK9NpAuNWXcDhrx+aofwd":{"chainKey":{"counter":1,"key":"Dk8j+JfWMyl/py/7NH/GbbYeCrltuGf7TtDjlCSb1cM="},"chainType":1,"messageKeys":{}}},"pendingPreKey":{"signedKeyId":6,"baseKey":"BSKXllJSvILkNpxZ2sZfXZgbcKvx9YhA+yrSD7L82mUG","preKeyId":4765097}}},"version":"v1"}