{"_sessions":{"BXEK0pF3ECzJslYVeka8X67e9ojTzq88UQ2igH0b2ck1":{"registrationId":2075801217,"currentRatchet":{"ephemeralKeyPair":{"pubKey":"BdfWn9qpXLJ6uFA7ZNfQoGbuD3LjafLEA+NVkJf7sOco","privKey":"uLC6WtC3KGHj6bMQSXSznb6ZGHkBMXkwkKuUQGGPlE0="},"lastRemoteEphemeralKey":"BeZLLIkDlkXpS+8YjOgScP2loLZJ5tFSb7ZFAvARfZoX","previousCounter":0,"rootKey":"1JukOchDKLwYREEuzrSUK4+zT2v20BVtgD9Ri32f6jk="},"indexInfo":{"baseKey":"BXEK0pF3ECzJslYVeka8X67e9ojTzq88UQ2igH0b2ck1","baseKeyType":1,"closed":-1,"used":1703091794630,"created":1703091794630,"remoteIdentityKey":"Bc3NY8B7XQZ4VwX8XU4Ac5SYpx9CufWeMhuZUT/CkxFA"},"_chains":{"BdfWn9qpXLJ6uFA7ZNfQoGbuD3LjafLEA+NVkJf7sOco":{"chainKey":{"counter":1,"key":"ZU9lL5eUv1OBz+7J1h3HJd4MuvdoLW7mxX71tg+sZGM="},"chainType":1,"messageKeys":{}}},"pendingPreKey":{"signedKeyId":2,"baseKey":"BXEK0pF3ECzJslYVeka8X67e9ojTzq88UQ2igH0b2ck1","preKeyId":6814981}}},"version":"v1"}