{"_sessions":{"BcJazoem7m/JMuRERpE2Vzmodn6ziM+cSeeCtY5DHK94":{"registrationId":767839425,"currentRatchet":{"ephemeralKeyPair":{"pubKey":"BYHlExJlOjAm4X2frNTyRW29X6r9mXwcf9LIyh7ET0xI","privKey":"0HXkYCDxb7tnvdIa/rBk82/bUU+H13ePLlY8V0jTvUk="},"lastRemoteEphemeralKey":"Ba31mxLINSMqJ0MlOyuPipSAvutba+vMhwg9Thzru/Bd","previousCounter":0,"rootKey":"avqHRtBsAUyQdpcqyV8IPlYZOWChCnxhOd0YXyvUdsM="},"indexInfo":{"baseKey":"BcJazoem7m/JMuRERpE2Vzmodn6ziM+cSeeCtY5DHK94","baseKeyType":1,"closed":-1,"used":1703091794899,"created":1703091794899,"remoteIdentityKey":"BQ5J7AAYa0HRmvHYK5tAqxoHzXurtTRu3wY+iRiQhdVh"},"_chains":{"BYHlExJlOjAm4X2frNTyRW29X6r9mXwcf9LIyh7ET0xI":{"chainKey":{"counter":1,"key":"VJuzroCnLqIHR8JxSxViPVPJYOQRJwRWT1LZDDFhoac="},"chainType":1,"messageKeys":{}}},"pendingPreKey":{"signedKeyId":2,"baseKey":"BcJazoem7m/JMuRERpE2Vzmodn6ziM+cSeeCtY5DHK94","preKeyId":13956539}}},"version":"v1"}