{"_sessions":{"BQNqKNREuy25HfAqtAXOMj+9kV1uq13syyOSmKmu+7R7":{"registrationId":797467738,"currentRatchet":{"ephemeralKeyPair":{"pubKey":"BXG7HwWySYcgLKbxcZKFu5Vnmo0/XUEprV3z2an2Scxw","privKey":"YBl02uFdi8Joq88xn+YB+IbKNQnV83Bt/z47PUgEm1Q="},"lastRemoteEphemeralKey":"BRC1iOnVdiKoCkDMwL5yHfuDV0Sr0dpdHFnX8YLdETBD","previousCounter":0,"rootKey":"T20TvhCq04bRya4z455G5C8GP3ejGtZvQVdkpj4tX34="},"indexInfo":{"baseKey":"BQNqKNREuy25HfAqtAXOMj+9kV1uq13syyOSmKmu+7R7","baseKeyType":1,"closed":-1,"used":1703091794823,"created":1703091794823,"remoteIdentityKey":"BU+Os4NexibLDEXsOH4q9SF1Z9Am4JvpWlYXiKwZLNld"},"_chains":{"BXG7HwWySYcgLKbxcZKFu5Vnmo0/XUEprV3z2an2Scxw":{"chainKey":{"counter":1,"key":"rd1Sq16861jvluTeKXa3u1CMsh6m90+ZXTyHcLW7/2I="},"chainType":1,"messageKeys":{}}},"pendingPreKey":{"signedKeyId":16,"baseKey":"BQNqKNREuy25HfAqtAXOMj+9kV1uq13syyOSmKmu+7R7","preKeyId":2639098}}},"version":"v1"}