{"_sessions":{"BV8zGRyjSwscr0pCrryvVwMr1OStbZDiZuOSIR/RI45J":{"registrationId":1066837551,"currentRatchet":{"ephemeralKeyPair":{"pubKey":"BeWL3By35jdtDcHF+9JvbSKjhnzF/0vuxO/FzeWGDyRh","privKey":"8OhD/d3aH08TgxiCG3lho12WxlBYoHxyiwFPR83oVVw="},"lastRemoteEphemeralKey":"BbxkDGqZnjySPmMjbd3P+negJ/sT8NLmK5F3bC6sSawu","previousCounter":0,"rootKey":"hG+8+tl+Tm4qUClRddQYRlfnK754B6oPTJu9aj3QihM="},"indexInfo":{"baseKey":"BV8zGRyjSwscr0pCrryvVwMr1OStbZDiZuOSIR/RI45J","baseKeyType":1,"closed":-1,"used":1703091794797,"created":1703091794797,"remoteIdentityKey":"BV+D/ky65RAGYH16gverav3664o4Mv0qk17t7Pw5sdlm"},"_chains":{"BeWL3By35jdtDcHF+9JvbSKjhnzF/0vuxO/FzeWGDyRh":{"chainKey":{"counter":1,"key":"7lkwAGfEmEQ4XaxgtJNw6sV2D5XWZT6FGbgk9nVmaMo="},"chainType":1,"messageKeys":{}}},"pendingPreKey":{"signedKeyId":2,"baseKey":"BV8zGRyjSwscr0pCrryvVwMr1OStbZDiZuOSIR/RI45J","preKeyId":9229915}}},"version":"v1"}