{"_sessions":{"BbRxNhnyd6HG2NeUmWg/soIr5+iCSu/DNJlEfoc7GR1K":{"registrationId":205088771,"currentRatchet":{"ephemeralKeyPair":{"pubKey":"BT2w6UKSfdmfBdJ2lxbIvaK34ausqW81x1VgmDdScsp6","privKey":"8Pqv6FLcJPADOCEyeRXSayhuNh9EPLAvN12CXnKeT2k="},"lastRemoteEphemeralKey":"BYO5RZ2lzBZxk/whHb40B5RdWyPtp43XOQgHKwjGe4Vf","previousCounter":0,"rootKey":"3wigDhnGeeiRZ0WOMckbWI5shUMnG38wr6xo16JjBi0="},"indexInfo":{"baseKey":"BbRxNhnyd6HG2NeUmWg/soIr5+iCSu/DNJlEfoc7GR1K","baseKeyType":1,"closed":-1,"used":1703091794679,"created":1703091794679,"remoteIdentityKey":"BUQq2h1vSSUYuXPzVoUfJalmemor02iNL2Y86isd7b4l"},"_chains":{"BT2w6UKSfdmfBdJ2lxbIvaK34ausqW81x1VgmDdScsp6":{"chainKey":{"counter":1,"key":"hvWXCOPKYmPqKBltXt4EyqXShzzNoC10nf1grCO3sGk="},"chainType":1,"messageKeys":{}}},"pendingPreKey":{"signedKeyId":20,"baseKey":"BbRxNhnyd6HG2NeUmWg/soIr5+iCSu/DNJlEfoc7GR1K","preKeyId":7622804}}},"version":"v1"}