{"_sessions":{"BfxrEXjdrn0iw8EPZL4fKOXWJnxwNUr8LBcWz5OUMDF9":{"registrationId":723153292,"currentRatchet":{"ephemeralKeyPair":{"pubKey":"BS40DV0tcnzuktntx+WloFBjH+FIJr4gJEFcukl2oPZ5","privKey":"WN6YpMJvQD778rTgTaQqFNw2//WCD/xlIjmV+KVfOkk="},"lastRemoteEphemeralKey":"BVKZ2QXvUgBQzgaklZ9jgjdrqW1DFmO1MLIb3TAMZBZF","previousCounter":0,"rootKey":"j+Xar0lHw++/dfh1tMbX69pfp+tsdh+KBibIoIE3Maw="},"indexInfo":{"baseKey":"BfxrEXjdrn0iw8EPZL4fKOXWJnxwNUr8LBcWz5OUMDF9","baseKeyType":1,"closed":-1,"used":1703091795131,"created":1703091795131,"remoteIdentityKey":"BRjMBNwL571qrDNKmMsul8W7SRN07L2fQBXVop/0NuBv"},"_chains":{"BS40DV0tcnzuktntx+WloFBjH+FIJr4gJEFcukl2oPZ5":{"chainKey":{"counter":1,"key":"nXhOw2WVIU0zzPVMYA/X0Yldfl2Y9SCl2EBFn5PtFs0="},"chainType":1,"messageKeys":{}}},"pendingPreKey":{"signedKeyId":8,"baseKey":"BfxrEXjdrn0iw8EPZL4fKOXWJnxwNUr8LBcWz5OUMDF9","preKeyId":3614923}}},"version":"v1"}