{"_sessions":{"BeFP7InRelp6/QrDTXclJb5sywgAR3ugHDAxL0B+BshO":{"registrationId":269890185,"currentRatchet":{"ephemeralKeyPair":{"pubKey":"BQWm35zCUVbXUldTi4dwQXxkSXBHghS/CPrThy6zMxYM","privKey":"oGwKWEobcDhQzV8eCcmnmo4KiI4Lc9mdWt/F0a649Uw="},"lastRemoteEphemeralKey":"BZW2D5g5LQ7gkMtSYtq+jF60k3eRvV+OiH//r5//Bg1I","previousCounter":0,"rootKey":"fj08Yaeg0ekMQceawKxz12eNfwXQnYdbcWcBf6QYxV0="},"indexInfo":{"baseKey":"BeFP7InRelp6/QrDTXclJb5sywgAR3ugHDAxL0B+BshO","baseKeyType":2,"closed":-1,"used":1703089076630,"created":1703089076630,"remoteIdentityKey":"BdyLVwg9wdiZoSvHcKoAnFBC4X7JiAmNzKSb2srLdig8"},"_chains":{"BZW2D5g5LQ7gkMtSYtq+jF60k3eRvV+OiH//r5//Bg1I":{"chainKey":{"counter":0,"key":"iFDVSkaggTehy1I+0tXeEJi9S8T6J14A9bPhpsfEung="},"chainType":2,"messageKeys":{}},"BQWm35zCUVbXUldTi4dwQXxkSXBHghS/CPrThy6zMxYM":{"chainKey":{"counter":-1,"key":"26EpVKeifct4GWwa23C2wIHgc+W74UrUo5yUKzkqdO8="},"chainType":1,"messageKeys":{}}}}},"version":"v1"}