{"_sessions":{"BUblBLpLNOmCLUq1HNfvkv/xih/uDMa4n5LNHZo8snhZ":{"registrationId":11058,"currentRatchet":{"ephemeralKeyPair":{"pubKey":"BcvmmdCF4FMZMgAtwosSqRx8h80knITwB3FPKi221coX","privKey":"MBQWl61v9DIUHPrwzFwsQ0GbiW6aYtv+Wt3eSWtm5W4="},"lastRemoteEphemeralKey":"BQSVGyuICQ+NIEU8k97UynkgBwLIiHrPloxr9uULqQZw","previousCounter":0,"rootKey":"4/hps3y7UxSrGpoh3ECxtGV7lPQ6ksDC3t8a4NCgr1E="},"indexInfo":{"baseKey":"BUblBLpLNOmCLUq1HNfvkv/xih/uDMa4n5LNHZo8snhZ","baseKeyType":1,"closed":-1,"used":1703091794589,"created":1703091794589,"remoteIdentityKey":"BYljUenYWK+iJxRiyfz8ylA4slXs1xflqmgJsnZGi4AS"},"_chains":{"BcvmmdCF4FMZMgAtwosSqRx8h80knITwB3FPKi221coX":{"chainKey":{"counter":1,"key":"V06VEu6jqIhUhRi7c9lQ+qp8Yk/p0kkg007TlP04FMA="},"chainType":1,"messageKeys":{}}},"pendingPreKey":{"signedKeyId":1,"baseKey":"BUblBLpLNOmCLUq1HNfvkv/xih/uDMa4n5LNHZo8snhZ","preKeyId":1595}}},"version":"v1"}