{"_sessions":{"BQo5od7IpakKbbMrMzeq4U6a1jJESgy1gBPkLlLmx95P":{"registrationId":2018459151,"currentRatchet":{"ephemeralKeyPair":{"pubKey":"BRM/vjLnn8Egq4RazPAag2fShS0uxGTBmUOrg4sEGzUL","privKey":"EAaLIvgXUHNAzrpb6mZQB0pzikTypWxk1lNaCAYqr3E="},"lastRemoteEphemeralKey":"BcicFqW2HDVY2CcSccMreqhbgfeMtEQf7nGYstYSLb1b","previousCounter":0,"rootKey":"vr0b79EH9kFuteeJyNbAvul+lyhLQMVo6fAtI9hS5hw="},"indexInfo":{"baseKey":"BQo5od7IpakKbbMrMzeq4U6a1jJESgy1gBPkLlLmx95P","baseKeyType":1,"closed":-1,"used":1703092195457,"created":1703091794811,"remoteIdentityKey":"BSRIbbuTg261EItDzgNmnxZX8HFXCMfyGUzweSwK4usx"},"_chains":{"BcicFqW2HDVY2CcSccMreqhbgfeMtEQf7nGYstYSLb1b":{"chainKey":{"counter":1,"key":"40rU0VCIMIN+JnByvIhMuveu8V3MlloqtjJx7rlvlwk="},"chainType":2,"messageKeys":{}},"BRM/vjLnn8Egq4RazPAag2fShS0uxGTBmUOrg4sEGzUL":{"chainKey":{"counter":-1,"key":"m9MALjgUpn3tS2X0Sv6qdil6i/91RyrOIX6yjJTrnqM="},"chainType":1,"messageKeys":{}}}}},"version":"v1"}