{"_sessions":{"BfrDipdPaz+j329ZD+6XqKtn+ck26zVrq47IFSwpM951":{"registrationId":1663876554,"currentRatchet":{"ephemeralKeyPair":{"pubKey":"BXQleEj1lWP6WCNSKM/LQ29MMnPXXQfHQvzSJQTyPzME","privKey":"WEdsMPNeblW3R1kV3LpYDA90cOFUmkYZBm3nU1kcK1E="},"lastRemoteEphemeralKey":"Bcx2ynt4nNkUqaxRac4lihH22CoqrlCajzxLXDG2Gi9x","previousCounter":0,"rootKey":"OCuoHiOWCcOUk6EdCBllIe4fgt4YBeMHKE12MmDm8Fg="},"indexInfo":{"baseKey":"BfrDipdPaz+j329ZD+6XqKtn+ck26zVrq47IFSwpM951","baseKeyType":1,"closed":-1,"used":1703091794883,"created":1703091794883,"remoteIdentityKey":"BR7PTjvrK5fnX267ksF1oJ8+IpjokA7OZA8jQvs1gOtz"},"_chains":{"BXQleEj1lWP6WCNSKM/LQ29MMnPXXQfHQvzSJQTyPzME":{"chainKey":{"counter":1,"key":"NxSw2slDjILGXRqqNuaMzPU1nXwYDn6kldROCrsoG88="},"chainType":1,"messageKeys":{}}},"pendingPreKey":{"signedKeyId":1,"baseKey":"BfrDipdPaz+j329ZD+6XqKtn+ck26zVrq47IFSwpM951","preKeyId":5728241}}},"version":"v1"}