{"_sessions":{"BRGCDEg3N1Eie5UcGFPnfd7S9N8XEQlJDK5PDfGHx2do":{"registrationId":538044749,"currentRatchet":{"ephemeralKeyPair":{"pubKey":"BYz8KC4HFKvtC/0eS8qcaX/PjFMp96mf9KA9+XMgnC9N","privKey":"6GpZ5+PoxiHHefV1nAWSyYyt3dZ04z8qBJtk9TBFFk8="},"lastRemoteEphemeralKey":"BUjSqdpFbB6ahqcdpJ3oEDsql9fxXvfJ6gBUsIBOXrd4","previousCounter":0,"rootKey":"yyaq4q9LrJcoi+GLAFVD1cgA499+DiNFgMi9Iz1iLyQ="},"indexInfo":{"baseKey":"BRGCDEg3N1Eie5UcGFPnfd7S9N8XEQlJDK5PDfGHx2do","baseKeyType":1,"closed":-1,"used":1703091794633,"created":1703091794633,"remoteIdentityKey":"BSP8ZTcOwe2ZzKVEemvmlzT1DzaW5DR41XucI0pNIzZo"},"_chains":{"BYz8KC4HFKvtC/0eS8qcaX/PjFMp96mf9KA9+XMgnC9N":{"chainKey":{"counter":1,"key":"trLx51f3j+QaIlGy2BM8FaO4WmB/L5/dFVXg3fqGi8k="},"chainType":1,"messageKeys":{}}},"pendingPreKey":{"signedKeyId":0,"baseKey":"BRGCDEg3N1Eie5UcGFPnfd7S9N8XEQlJDK5PDfGHx2do","preKeyId":6322600}}},"version":"v1"}