{"_sessions":{"BfJ7q2H2J72tkUTfvHEnf3ByyPi2iMx4FSkTdEeFx0Uo":{"registrationId":758601065,"currentRatchet":{"ephemeralKeyPair":{"pubKey":"BZKck7g3B/6Pu/FHpH3r+FJuxYdizUD5U8li5TcSfy1D","privKey":"sNdlY45jVdpmoLxb+MKu8xgvFLNtXwcehlaAGfyd330="},"lastRemoteEphemeralKey":"Bdv0b1dYmW6Fxj74yDePoDPPezVqO4MR5JdrFPElz7V5","previousCounter":0,"rootKey":"o/l+cl0p74YdxT1Ue8jXWIZZlJO9O7w1sL+EptXLnFE="},"indexInfo":{"baseKey":"BfJ7q2H2J72tkUTfvHEnf3ByyPi2iMx4FSkTdEeFx0Uo","baseKeyType":1,"closed":-1,"used":1703091795004,"created":1703091795004,"remoteIdentityKey":"BQ5BpqboE1kWnJcurpAbYIsUmizk46+4YugnO8C5I183"},"_chains":{"BZKck7g3B/6Pu/FHpH3r+FJuxYdizUD5U8li5TcSfy1D":{"chainKey":{"counter":1,"key":"2QT1XlYFDcsks2QqSycChaZsr7wLjcOdLL18OlYiF/4="},"chainType":1,"messageKeys":{}}},"pendingPreKey":{"signedKeyId":0,"baseKey":"BfJ7q2H2J72tkUTfvHEnf3ByyPi2iMx4FSkTdEeFx0Uo","preKeyId":13726909}}},"version":"v1"}