{"_sessions":{"BQL4EcmerBjKyAYsipo3qpg3K6AVQ1S9rwUXihmmFaVk":{"registrationId":1068557406,"currentRatchet":{"ephemeralKeyPair":{"pubKey":"Be70l0125yg7A1xIwkE1xvaM5nUUwRDYIeN9L+lzuzIy","privKey":"QKI+lmovRW5CCsZ+pKVRI/D+9+REqRW93RiB2cHR+ko="},"lastRemoteEphemeralKey":"BbyvkVapbDxYJQiPxGCfrsnc19loqxRJPInxEQgEN7Ua","previousCounter":0,"rootKey":"rYWTTb0U0OPg2vAiocPQPkjrcsd4mX9fR3hbtHVEYgY="},"indexInfo":{"baseKey":"BQL4EcmerBjKyAYsipo3qpg3K6AVQ1S9rwUXihmmFaVk","baseKeyType":1,"closed":-1,"used":1703091794682,"created":1703091794682,"remoteIdentityKey":"BbDjPulOAjcAyz3P3/nHTbIVYdhFzW4u+xHyfLbc2fID"},"_chains":{"Be70l0125yg7A1xIwkE1xvaM5nUUwRDYIeN9L+lzuzIy":{"chainKey":{"counter":1,"key":"8SMK90AkSO/YDm5MCY8xESeH/915eJ5uzMEnZ1UH4ng="},"chainType":1,"messageKeys":{}}},"pendingPreKey":{"signedKeyId":6,"baseKey":"BQL4EcmerBjKyAYsipo3qpg3K6AVQ1S9rwUXihmmFaVk","preKeyId":12711219}}},"version":"v1"}