{"_sessions":{"BaD3z7rkXaedrZYy19/OWoj3yKj+ofhzk0bEKA3cDOhr":{"registrationId":2147243021,"currentRatchet":{"ephemeralKeyPair":{"pubKey":"BW6ozcVj1ApAW6ErCYARW+dImwDX2fzQ5YMe1R5DdvIe","privKey":"cAi/aUmD/5zn1p7NSQSNul65h7NY5H/ssYzJKhkX22M="},"lastRemoteEphemeralKey":"BeaG2egckFI3kBfLG6g2k7grR61cEHKziak6MyGuTptp","previousCounter":0,"rootKey":"r7jxYaCdgi7JT+8Vl4dxi9bCvzIzxjnxx1FrxOUGjCc="},"indexInfo":{"baseKey":"BaD3z7rkXaedrZYy19/OWoj3yKj+ofhzk0bEKA3cDOhr","baseKeyType":1,"closed":-1,"used":1703091795028,"created":1703091795028,"remoteIdentityKey":"BQWnmfvjfKe6/Os4bD9GEVOgUBBxygYWPvafyQHZ7SJs"},"_chains":{"BW6ozcVj1ApAW6ErCYARW+dImwDX2fzQ5YMe1R5DdvIe":{"chainKey":{"counter":1,"key":"xzmOw2ZYb0XGAaR10fBdcqaF7cezeISw26uxAg3L1+U="},"chainType":1,"messageKeys":{}}},"pendingPreKey":{"signedKeyId":0,"baseKey":"BaD3z7rkXaedrZYy19/OWoj3yKj+ofhzk0bEKA3cDOhr","preKeyId":4034269}}},"version":"v1"}