{"_sessions":{"BXngpfRXKE6Cwi3RvKDnAOOkIiwlei9Mg2yjgsSlbwJA":{"registrationId":1105833582,"currentRatchet":{"ephemeralKeyPair":{"pubKey":"BVVcF00KFh8IuMlzJ6yZ6g/RGILwctQqWmwVWC4uXCZz","privKey":"YBOHkiqBdwazjNKbblvpvfeqrShgn6J9G5nT2lEbA18="},"lastRemoteEphemeralKey":"BRCzebhZZq2yVw2Ybb7fwGHQFl2BRQo7RWHkg3vj2EdO","previousCounter":0,"rootKey":"/yDTwj//rhCOM62QHvbaMP8+25fy09RcGZ+6olGFnk8="},"indexInfo":{"baseKey":"BXngpfRXKE6Cwi3RvKDnAOOkIiwlei9Mg2yjgsSlbwJA","baseKeyType":2,"closed":-1,"used":1703083783552,"created":1703083783552,"remoteIdentityKey":"Bb/0nsbpTCTefIp1XblhNwYAQIhpolhNT93PNr+KJxV9"},"_chains":{"BRCzebhZZq2yVw2Ybb7fwGHQFl2BRQo7RWHkg3vj2EdO":{"chainKey":{"counter":0,"key":"bBfbTLzYpsZXgQE6Mlz0vKT4YoCkKf5TVRPR+/eHpWI="},"chainType":2,"messageKeys":{}},"BVVcF00KFh8IuMlzJ6yZ6g/RGILwctQqWmwVWC4uXCZz":{"chainKey":{"counter":-1,"key":"vKuT4QJFJeD7FYYpFQq4SvwOUhBtTqS4kHjd1vuoA/s="},"chainType":1,"messageKeys":{}}}}},"version":"v1"}