{"_sessions":{"BUT3jJpRpqDGvu7KgRHiC19ld4JKnhQRMU1qVoQZZwtz":{"registrationId":1351154224,"currentRatchet":{"ephemeralKeyPair":{"pubKey":"BS1A6TuRIrCt/rduWNvA8BirtT22wj6BdsgaPsq4iiFp","privKey":"sBAHz5t9RThShaQ3C/4fWGX+HZBpeN2LGkg8FUAuK30="},"lastRemoteEphemeralKey":"BQiHitGrgUiWx5Kec21PPv3p15shUvIp6Edav+1Zjz4U","previousCounter":0,"rootKey":"y0QQ4LOofHMTL2IWa8n2fQJF4KBP4H41xIL0UremCro="},"indexInfo":{"baseKey":"BUT3jJpRpqDGvu7KgRHiC19ld4JKnhQRMU1qVoQZZwtz","baseKeyType":1,"closed":-1,"used":1703091794709,"created":1703091794709,"remoteIdentityKey":"BdySS7NxLZopKJXG2b63APThLz0RId+xRVMUakxZUKIR"},"_chains":{"BS1A6TuRIrCt/rduWNvA8BirtT22wj6BdsgaPsq4iiFp":{"chainKey":{"counter":1,"key":"2un/GnzASbb7t7DpvJHLFfsEbaPcnBFB151HKkXxxWY="},"chainType":1,"messageKeys":{}}},"pendingPreKey":{"signedKeyId":4,"baseKey":"BUT3jJpRpqDGvu7KgRHiC19ld4JKnhQRMU1qVoQZZwtz","preKeyId":3054522}}},"version":"v1"}