{"_sessions":{"BV/Si2OxyFoo0CHevP/KT5uXNO2uT90DSCmd9a8xX6cL":{"registrationId":70218100,"currentRatchet":{"ephemeralKeyPair":{"pubKey":"BWMO1MiCoot5lEW76+z7aVqyVbZCPWL6mMiVXaQuvJcp","privKey":"MHVt5h7B0zFr11WUTMHpfXvbRQoz6X6/RqILi1WpFm4="},"lastRemoteEphemeralKey":"BTQs31gIS+pZbB1Txe5vWioaClmcfj/9ewSsfXpUIisU","previousCounter":0,"rootKey":"1mYNlG7fVSzPM1GpXgyp3rTRTk+7vG/wgP+z9nic3jY="},"indexInfo":{"baseKey":"BV/Si2OxyFoo0CHevP/KT5uXNO2uT90DSCmd9a8xX6cL","baseKeyType":1,"closed":-1,"used":1703091795079,"created":1703091795079,"remoteIdentityKey":"BRUczAdtEt12Lh0cOGJQdpkqlDj9AfxtN60OMbqGU78c"},"_chains":{"BWMO1MiCoot5lEW76+z7aVqyVbZCPWL6mMiVXaQuvJcp":{"chainKey":{"counter":1,"key":"hkm0dNA96+1E0YBgIzoFeWlaRypFLvtZmChw6KtHaGI="},"chainType":1,"messageKeys":{}}},"pendingPreKey":{"signedKeyId":9,"baseKey":"BV/Si2OxyFoo0CHevP/KT5uXNO2uT90DSCmd9a8xX6cL","preKeyId":6904876}}},"version":"v1"}