{"_sessions":{"BXH3N3OgA2f2tpn2o7sMFbblZIU3PDumL4PyZYek2dVM":{"registrationId":1896664002,"currentRatchet":{"ephemeralKeyPair":{"pubKey":"BXrLyCJNxNPxBq3402SQV1nHnatZf8H2uah7yRQuEXoN","privKey":"kFfEUSRBqUZkWUVpjR/EdLVLU3CZOkXtOtyS6gyGSlY="},"lastRemoteEphemeralKey":"BbFJKH0mhR4/OuQbVFw2KPCeN5XC29emgfWsBBmQ5pNG","previousCounter":0,"rootKey":"t1NuGj9p4JUZNBXyqgBpv3bnHcJGrDp698i7v9Os0PU="},"indexInfo":{"baseKey":"BXH3N3OgA2f2tpn2o7sMFbblZIU3PDumL4PyZYek2dVM","baseKeyType":1,"closed":-1,"used":1703091794611,"created":1703091794611,"remoteIdentityKey":"BVUuPdTfNz43KuAnGZ9mByBZR5DTKycRXc/1czp1XQQR"},"_chains":{"BXrLyCJNxNPxBq3402SQV1nHnatZf8H2uah7yRQuEXoN":{"chainKey":{"counter":1,"key":"s4CtTu6pg04IKQPh/jmuTDiUhEL6mM+gD3G7Rm354KM="},"chainType":1,"messageKeys":{}}},"pendingPreKey":{"signedKeyId":1,"baseKey":"BXH3N3OgA2f2tpn2o7sMFbblZIU3PDumL4PyZYek2dVM"}}},"version":"v1"}