{"_sessions":{"BdjD6QrpHns9evUDP3W6VKuAzl/m4aPhz9Qc3z+R6o0H":{"registrationId":424909145,"currentRatchet":{"ephemeralKeyPair":{"pubKey":"BUJ6mXSKzOs6Y59TIGca0DBgJXmQfsSDjx8UY8o4JvAQ","privKey":"eD+Im0Lo2jyV0zMdf25nk/3hoWDVJZ4jLh7gY29Sm14="},"lastRemoteEphemeralKey":"Bf/ONlUkx5YMt87FWdfYvha0PmkjZIYJnYgW8vJP+J9f","previousCounter":0,"rootKey":"SNVpTg0LTHxPmN1Qiyd7TiUeTYde1M9uHZQ0JdjE/IA="},"indexInfo":{"baseKey":"BdjD6QrpHns9evUDP3W6VKuAzl/m4aPhz9Qc3z+R6o0H","baseKeyType":1,"closed":-1,"used":1703091795099,"created":1703091795099,"remoteIdentityKey":"BRZf12quNNdGRcAd8GSneqsrPuBwSKCZ1+iIlm1e0Tg2"},"_chains":{"BUJ6mXSKzOs6Y59TIGca0DBgJXmQfsSDjx8UY8o4JvAQ":{"chainKey":{"counter":1,"key":"+DArJusdnDbMQBZIiowQyoJ1Unog11FSUpTM0kgq6I0="},"chainType":1,"messageKeys":{}}},"pendingPreKey":{"signedKeyId":10,"baseKey":"BdjD6QrpHns9evUDP3W6VKuAzl/m4aPhz9Qc3z+R6o0H","preKeyId":9121662}}},"version":"v1"}