{"_sessions":{"BSYtx6LiBNrxI5voPUBPCzpDVFrTcCv+Hz4B4LNAi0Ny":{"registrationId":1500036827,"currentRatchet":{"ephemeralKeyPair":{"pubKey":"BWzaO9DRNNlHWwo0PAeSEBQEO5llh77S8XKmuB2+Xb57","privKey":"oPpJu2DU9XFPVyLdBLJNWzwXSoNm1SsPyzEHgBSD13c="},"lastRemoteEphemeralKey":"BSMLEPDMd+2ZMN0jJnVwPOovMoOaWyy0t9BcwwPF9FU3","previousCounter":0,"rootKey":"8ghcJkiTKhOoqp+4kF9u3YlFTCQFB/84xl46NfdTpes="},"indexInfo":{"baseKey":"BSYtx6LiBNrxI5voPUBPCzpDVFrTcCv+Hz4B4LNAi0Ny","baseKeyType":1,"closed":-1,"used":1703091794614,"created":1703091794614,"remoteIdentityKey":"Bc4RuOBv2i5ZvB+rAATyZlpkCbj9rjpNiU33tlQTsKt+"},"_chains":{"BWzaO9DRNNlHWwo0PAeSEBQEO5llh77S8XKmuB2+Xb57":{"chainKey":{"counter":1,"key":"x0QICD+wTffBD7wPdFKqAfMHaRuG3AyZfuwjeoTSF8U="},"chainType":1,"messageKeys":{}}},"pendingPreKey":{"signedKeyId":22,"baseKey":"BSYtx6LiBNrxI5voPUBPCzpDVFrTcCv+Hz4B4LNAi0Ny","preKeyId":12096611}}},"version":"v1"}