{"_sessions":{"BWluomqiu4Sr9Y6zqzKXYg7GscmY/eR09sUh06wfsW1a":{"registrationId":1760618698,"currentRatchet":{"ephemeralKeyPair":{"pubKey":"Bb8VFOESWp4zaUASAisYKBZ+nJZv/7ie9qZvVnjE3nAx","privKey":"ECSB4i8bONdtQ5DGrZHNPsbbIn9s7W5iU+quJ/NoIlw="},"lastRemoteEphemeralKey":"BaqGKJ8AAC2w3exp5AhxK/XJ9ZibUqcQcNFA9yTJT49Y","previousCounter":0,"rootKey":"C9qIKXIV/jUHRvuEFeWFEsOH4XLkFIgKa2eXopCeCUE="},"indexInfo":{"baseKey":"BWluomqiu4Sr9Y6zqzKXYg7GscmY/eR09sUh06wfsW1a","baseKeyType":2,"closed":-1,"used":1703089568837,"created":1703089568837,"remoteIdentityKey":"BS56pjJqXHz71lOzlj8hYR3pNlUexmT2gl4WNg2lL8F3"},"_chains":{"BaqGKJ8AAC2w3exp5AhxK/XJ9ZibUqcQcNFA9yTJT49Y":{"chainKey":{"counter":6,"key":"eV5PPhkIuGwdQTjrENOpmY5kb2iR7Q6RZUgliUw9DSc="},"chainType":2,"messageKeys":{}},"Bb8VFOESWp4zaUASAisYKBZ+nJZv/7ie9qZvVnjE3nAx":{"chainKey":{"counter":1,"key":"sLS84GqpuWbrGwWzBA3PFmuNa3yapM8iiJT7d4LimXU="},"chainType":1,"messageKeys":{}}}}},"version":"v1"}