{"_sessions":{"BTlxj51nJIl6XG9flGe46pQHONxSPNf84e02/AappNwN":{"registrationId":1176204165,"currentRatchet":{"ephemeralKeyPair":{"pubKey":"BZPWcancQFnPavDJHXzdm9emJN07I7LWIFSCo5WY2xtI","privKey":"sMba21FOUoXT64Xt+rjayZ6Wx1PcEKzs8ezzp+q8gns="},"lastRemoteEphemeralKey":"BSnJ+AnZOE79ITmcCQ0AiJx2Ah4AN5WPsUPgjwmGxRhf","previousCounter":0,"rootKey":"5I7AvdIrFG5wlu6oi8YjT01LyYyWjpmCIweh0SjZ1vw="},"indexInfo":{"baseKey":"BTlxj51nJIl6XG9flGe46pQHONxSPNf84e02/AappNwN","baseKeyType":1,"closed":-1,"used":1703091794726,"created":1703091794726,"remoteIdentityKey":"BZtElgTCrn3JgwIoavXRi1SfRAw72V3tAEzHN8kL61F8"},"_chains":{"BZPWcancQFnPavDJHXzdm9emJN07I7LWIFSCo5WY2xtI":{"chainKey":{"counter":1,"key":"MZzKbQyKYy+NcIzSGHKpG4Q6fNVt6OpMKBt1qUp/84g="},"chainType":1,"messageKeys":{}}},"pendingPreKey":{"signedKeyId":5,"baseKey":"BTlxj51nJIl6XG9flGe46pQHONxSPNf84e02/AappNwN","preKeyId":643586}}},"version":"v1"}