{"_sessions":{"BY3rpOFfs8Gx7u4rQaH8JNfe8SEISv/39v8Tv283mdBe":{"registrationId":1945586315,"currentRatchet":{"ephemeralKeyPair":{"pubKey":"BeI1OGeLSAbC6TjZEG7ZbzBCM5aW21wCIWlhI55V8qN4","privKey":"gMSj59wqDyhfVtF7Nu56XBGO98zMGcSW7wlTpefHn1o="},"lastRemoteEphemeralKey":"BdM3181LlI30VS7Ur4NS6W5siaz8uxu7NvDOOBZFyBAT","previousCounter":0,"rootKey":"7uNi1+Gdmj3fzeveKbaLz0MEMGYLFIBPZY1AGjrCn40="},"indexInfo":{"baseKey":"BY3rpOFfs8Gx7u4rQaH8JNfe8SEISv/39v8Tv283mdBe","baseKeyType":1,"closed":-1,"used":1703091794715,"created":1703091794715,"remoteIdentityKey":"BVNDFCkUBBQ75t/NAXT8UonP06/n1NjxYqT/6TsRYi8h"},"_chains":{"BeI1OGeLSAbC6TjZEG7ZbzBCM5aW21wCIWlhI55V8qN4":{"chainKey":{"counter":1,"key":"MrU467rXVdemJTMP3LNODVxcJrvdKN6CgBuN0243mx4="},"chainType":1,"messageKeys":{}}},"pendingPreKey":{"signedKeyId":2,"baseKey":"BY3rpOFfs8Gx7u4rQaH8JNfe8SEISv/39v8Tv283mdBe","preKeyId":3653333}}},"version":"v1"}