{"_sessions":{"BVp6FqKVjyhKh/gXUVne49gZByCazP+oFABjhh+hpKkZ":{"registrationId":519629293,"currentRatchet":{"ephemeralKeyPair":{"pubKey":"BZHKbf/jrR3DF1iVa0Wd4zlcXzkGqUifN3yHVkLT5QJG","privKey":"GJ23KZUJ63SLHBp7SYOh7smmvuoEcW+TyzIsJ8TXylk="},"lastRemoteEphemeralKey":"BQXi66g+z+vr6g/UhTirUN+6vFMh+WA8YNlySYD/icgk","previousCounter":0,"rootKey":"Ji/AwUdGgfFGxn62mOg5zUc5OIi/gLx1aDWf0kuxil0="},"indexInfo":{"baseKey":"BVp6FqKVjyhKh/gXUVne49gZByCazP+oFABjhh+hpKkZ","baseKeyType":1,"closed":-1,"used":1703091794793,"created":1703091794793,"remoteIdentityKey":"BaPexJ3eQVBM0T7weApsZ5QPdb0PUZ+UcYRcNnysmMtj"},"_chains":{"BZHKbf/jrR3DF1iVa0Wd4zlcXzkGqUifN3yHVkLT5QJG":{"chainKey":{"counter":1,"key":"mJARY6Bkx7+v6hpbOkEWvQkyTb6aCSeBGNk4bjQ4LYI="},"chainType":1,"messageKeys":{}}},"pendingPreKey":{"signedKeyId":1,"baseKey":"BVp6FqKVjyhKh/gXUVne49gZByCazP+oFABjhh+hpKkZ","preKeyId":45853}}},"version":"v1"}