{"_sessions":{"BUKkNSLHwOziAR0ujDimEsx1oJQZ/IBsf79uGYtNn7pC":{"registrationId":1001602933,"currentRatchet":{"ephemeralKeyPair":{"pubKey":"BRh9ggoETrovU2f5SnjYlooWmn7H8/Zw/pLPNMydS784","privKey":"CCbwbztk4gLJRWiSIvH0NasJhd9SeH9Ptu8dEetbE3E="},"lastRemoteEphemeralKey":"BZikWKcewzbYfK3VaAup3xOF4ADLjjMtPmBkM4BoqRN8","previousCounter":0,"rootKey":"MKioYgR+vBwT7ppH6dOEJofA8ZJYoj70zNeWoupVva8="},"indexInfo":{"baseKey":"BUKkNSLHwOziAR0ujDimEsx1oJQZ/IBsf79uGYtNn7pC","baseKeyType":1,"closed":-1,"used":1703091795081,"created":1703091795081,"remoteIdentityKey":"BfgjOn4xxIucfggLE4ITjvQIIMH98BLaxcIxIDrl4vdG"},"_chains":{"BRh9ggoETrovU2f5SnjYlooWmn7H8/Zw/pLPNMydS784":{"chainKey":{"counter":1,"key":"eoUJgHiMs1JZrLi2+t+BuFYxgC9Ou5kktAjix2PjlHE="},"chainType":1,"messageKeys":{}}},"pendingPreKey":{"signedKeyId":18,"baseKey":"BUKkNSLHwOziAR0ujDimEsx1oJQZ/IBsf79uGYtNn7pC","preKeyId":2694349}}},"version":"v1"}