{"_sessions":{"BZfgJVTX5l2jktyeDphahG+wBow95TLxMd1hddc+P0Ed":{"registrationId":1826285943,"currentRatchet":{"ephemeralKeyPair":{"pubKey":"BfrInOHmO/OsXTkVErXuR/gA3YicyEg0pGn55+OBszI6","privKey":"kMWU5PWe4DEX/umL6z9dB/gN/MG73oh/jzB77oE4ZFE="},"lastRemoteEphemeralKey":"BURwkcvGViSh/0G8vCJEe0UtUnL04Jw2SQHwFFRyAxMu","previousCounter":0,"rootKey":"mpKbkR/8cwRecxBOxnK43OUj6dSzV4UwXseOfRJDHfs="},"indexInfo":{"baseKey":"BZfgJVTX5l2jktyeDphahG+wBow95TLxMd1hddc+P0Ed","baseKeyType":1,"closed":-1,"used":1703091794701,"created":1703091794701,"remoteIdentityKey":"BZaiSheW4bg7qfa5nQCoQHhHyhaEYGBmUxTgptP7oCZW"},"_chains":{"BfrInOHmO/OsXTkVErXuR/gA3YicyEg0pGn55+OBszI6":{"chainKey":{"counter":1,"key":"f/2htX/lt38JyJGnWB4Mr86zwf7wHLC2F3OVJHIgmCg="},"chainType":1,"messageKeys":{}}},"pendingPreKey":{"signedKeyId":0,"baseKey":"BZfgJVTX5l2jktyeDphahG+wBow95TLxMd1hddc+P0Ed"}}},"version":"v1"}