{"_sessions":{"BcJ04N8NBIazeFW9kDqakgcabHTxWH7xOANUr1Sn2a0a":{"registrationId":341865298,"currentRatchet":{"ephemeralKeyPair":{"pubKey":"BYH8dJnImjgOwQpLMKbzSBQvfF1gd78iIm5jkCDgvMEv","privKey":"2HqZ12U+EuYpuIH/P99LpAvATEsCwsVb+ZSl3U+OtXc="},"lastRemoteEphemeralKey":"BfU8RdG2BwVCqAdLKmqLipBPgTskz+qbpSH0nEkSvCRb","previousCounter":0,"rootKey":"MV89etyCkspeikZkf/ykFmiccYjpvkW91NunRElTeqA="},"indexInfo":{"baseKey":"BcJ04N8NBIazeFW9kDqakgcabHTxWH7xOANUr1Sn2a0a","baseKeyType":1,"closed":-1,"used":1703091794780,"created":1703091794780,"remoteIdentityKey":"BSw0UyGEowAnPOeuZbc8W/3QDbP4BWg7RSIb2JbOORJ3"},"_chains":{"BYH8dJnImjgOwQpLMKbzSBQvfF1gd78iIm5jkCDgvMEv":{"chainKey":{"counter":1,"key":"e/fTSbqEeiJArATsDGel3XGeYnlIW2aTfZrYuVCxV0A="},"chainType":1,"messageKeys":{}}},"pendingPreKey":{"signedKeyId":0,"baseKey":"BcJ04N8NBIazeFW9kDqakgcabHTxWH7xOANUr1Sn2a0a","preKeyId":11024705}}},"version":"v1"}