{"_sessions":{"BYXt4kdra+xKIfuVb3mnn1lhR2eo8YYSsm6FeVJzXask":{"registrationId":197,"currentRatchet":{"ephemeralKeyPair":{"pubKey":"Bc3prQ93JKaP+AIFruzNWHeXa9u4NLw6mqAgTfR7Nd8Y","privKey":"0O6f5KGIwe7z9JeNKpeynmH1Z4uvTn7465dg1QvG+Wc="},"lastRemoteEphemeralKey":"BbN+eM4RTXUNaSVi7w3jJvoOat7U9w/2y7dqW2AJXQ4t","previousCounter":0,"rootKey":"KOwORTUpFEqxKKEYEBcwPiKEFlxgpVLu3cPLgeX0ajs="},"indexInfo":{"baseKey":"BYXt4kdra+xKIfuVb3mnn1lhR2eo8YYSsm6FeVJzXask","baseKeyType":1,"closed":-1,"used":1703091794500,"created":1703091794500,"remoteIdentityKey":"BdiPN6iKfDFjEn/aZe/+OLm42Va+nBt1ytfFLeB1s7VA"},"_chains":{"Bc3prQ93JKaP+AIFruzNWHeXa9u4NLw6mqAgTfR7Nd8Y":{"chainKey":{"counter":1,"key":"2kT+9pYxdMbadafd7XDhm3SqX7w304P3Ml3x56hP7HY="},"chainType":1,"messageKeys":{}}},"pendingPreKey":{"signedKeyId":1,"baseKey":"BYXt4kdra+xKIfuVb3mnn1lhR2eo8YYSsm6FeVJzXask"}}},"version":"v1"}