{"_sessions":{"BWv6UI6xk7B1cnk9U9IU8rH2pp2Xwn33arPlERSK9WVz":{"registrationId":8567,"currentRatchet":{"ephemeralKeyPair":{"pubKey":"BQlivAiKcjPah7g5US2HNzD6XHMKmDRNoaOpS57DeXV3","privKey":"mJ8g/Nt520wbutnshfmfp62SJs4rQckwF6QZGhuzllg="},"lastRemoteEphemeralKey":"BQg1mn1dSZgAcDd8PFloLCnTVe0n6K3S1j5PNfvqddQm","previousCounter":0,"rootKey":"OfE2dfP5YSE3zTexILEb6Bqr5fFueTlTnSuM/hxztpI="},"indexInfo":{"baseKey":"BWv6UI6xk7B1cnk9U9IU8rH2pp2Xwn33arPlERSK9WVz","baseKeyType":1,"closed":-1,"used":1703091794517,"created":1703091794517,"remoteIdentityKey":"BWpGrNoKOlWZ0jjkJMrufha8Xl+dPz/yHJYBszaZuMNj"},"_chains":{"BQlivAiKcjPah7g5US2HNzD6XHMKmDRNoaOpS57DeXV3":{"chainKey":{"counter":1,"key":"cr8n8J7WbT2LsXNkq8XfqN3Q8xXbZkt+by/k1X4e4PM="},"chainType":1,"messageKeys":{}}},"pendingPreKey":{"signedKeyId":1,"baseKey":"BWv6UI6xk7B1cnk9U9IU8rH2pp2Xwn33arPlERSK9WVz"}}},"version":"v1"}