{"_sessions":{"BbXWlfhdEmRKOyvECEmDAqefNqpbzaX3KN5cbqMBLGFl":{"registrationId":5434,"currentRatchet":{"ephemeralKeyPair":{"pubKey":"BQe/5rPEzVtb1qKTMTW3Bjft1AgvOLsTNOUiOa1Utz13","privKey":"GCpMZQfiTHdDxpiP+1BC8H+36QIKxkHJk2vznY4HAEU="},"lastRemoteEphemeralKey":"BQgNS8PoKMeOaS/x0RxBkqhVxjc9AqMPYU4JxoAOXNZB","previousCounter":0,"rootKey":"Yv5m6vP01KB7exeP/cV+MTRO5qkJclhUpLeRW2eFsYM="},"indexInfo":{"baseKey":"BbXWlfhdEmRKOyvECEmDAqefNqpbzaX3KN5cbqMBLGFl","baseKeyType":1,"closed":-1,"used":1703091794590,"created":1703091794590,"remoteIdentityKey":"BRdsAWbymlTEYSRr3GqRIqGK1/SUdfRDEBX7tJZr6UMn"},"_chains":{"BQe/5rPEzVtb1qKTMTW3Bjft1AgvOLsTNOUiOa1Utz13":{"chainKey":{"counter":1,"key":"OKRe6G0lRddZHVfb3mtOS3NmkOeMQ8E81jJAYermRFc="},"chainType":1,"messageKeys":{}}},"pendingPreKey":{"signedKeyId":1,"baseKey":"BbXWlfhdEmRKOyvECEmDAqefNqpbzaX3KN5cbqMBLGFl"}}},"version":"v1"}