{"_sessions":{"Bf2bahy40ooEAQAxMWJBRjuAu38LCQI1FHJAjTOR1IEv":{"registrationId":1841434454,"currentRatchet":{"ephemeralKeyPair":{"pubKey":"BX91NqWoyKCMyfUSnRvHnObzayBFepXIOwtLcE4mHbNz","privKey":"mIGAB31UNriuHWTGx06oNTeY2MtXEJHaQWoINbbewmA="},"lastRemoteEphemeralKey":"BTRv3xPu5lnOIs4egWLRNht84IuKle+qVy9C1W5tH4Uq","previousCounter":0,"rootKey":"sJoMrIaEH+mMe5Gdd0I+x4G8i4AlFqo9dHDzK9Qk/a0="},"indexInfo":{"baseKey":"Bf2bahy40ooEAQAxMWJBRjuAu38LCQI1FHJAjTOR1IEv","baseKeyType":1,"closed":-1,"used":1703091795086,"created":1703091795086,"remoteIdentityKey":"BTKMFqeJnrXGrgVlAKrUjQCQnZFgQ0Y9VkcfzFi8AQVj"},"_chains":{"BX91NqWoyKCMyfUSnRvHnObzayBFepXIOwtLcE4mHbNz":{"chainKey":{"counter":1,"key":"wHv0mDqEOFoSXNHs/A2+3E0bymtkidLhokngG0vtaLI="},"chainType":1,"messageKeys":{}}},"pendingPreKey":{"signedKeyId":2,"baseKey":"Bf2bahy40ooEAQAxMWJBRjuAu38LCQI1FHJAjTOR1IEv","preKeyId":10212919}}},"version":"v1"}