{"_sessions":{"BfpspXMw/L4SfWDLbPrBdBB7RjZAfAKWu7cEA6pFfLV0":{"registrationId":942004118,"currentRatchet":{"ephemeralKeyPair":{"pubKey":"BRXRctctWXCHBpclzGbzG5hdQEmnwqMFXBAUNZaRk+o1","privKey":"WN9e68sJbkNOEfzvTlOx0eKQsZsKa/EnQSJJbFoKgXI="},"lastRemoteEphemeralKey":"BThVbomL3eg37lrNSFtGjdRBRUCuhDO9GQ/FzyHE1MVi","previousCounter":0,"rootKey":"VDE18lu068Rj9E2dkTP7w/GoHFuIydukX5weZ2m30vE="},"indexInfo":{"baseKey":"BfpspXMw/L4SfWDLbPrBdBB7RjZAfAKWu7cEA6pFfLV0","baseKeyType":1,"closed":-1,"used":1703095904891,"created":1703091795111,"remoteIdentityKey":"BUPjvV62iLPvZ2I5tZAXbskr0NkqZ/4XcAVnyGPZIr8w"},"_chains":{"BThVbomL3eg37lrNSFtGjdRBRUCuhDO9GQ/FzyHE1MVi":{"chainKey":{"counter":0,"key":"IXJi8Mkmuh205KIHqB/tkXDWYmKaOvveovQzylynOe4="},"chainType":2,"messageKeys":{}},"BRXRctctWXCHBpclzGbzG5hdQEmnwqMFXBAUNZaRk+o1":{"chainKey":{"counter":0,"key":"BeuJ8Lwb3Jf2vab6wWDdVOiCfPg+H/7RCzQQq0SWj50="},"chainType":1,"messageKeys":{}}}}},"version":"v1"}