{"_sessions":{"BbBSpq99rvIJiPBbSCwE+lHjV+HT64m8v6I5yWJFyQwR":{"registrationId":1693981526,"currentRatchet":{"ephemeralKeyPair":{"pubKey":"BSDivkSwteCUfAUqgBy8s3a+x3COIdSzCpsCosdm4Y9f","privKey":"+F+dbE0J8cGljzqkX8cg+zktdwJoyQv0X/1LnaJg13c="},"lastRemoteEphemeralKey":"BT84GiX0qJkkvqcqKWT7LuYH6EdEXdauCAThKy49MXQ9","previousCounter":0,"rootKey":"uH460eQn6jTLswkAShssrA4s1ZA/3c00d89cCkJW75M="},"indexInfo":{"baseKey":"BbBSpq99rvIJiPBbSCwE+lHjV+HT64m8v6I5yWJFyQwR","baseKeyType":1,"closed":-1,"used":1703091795101,"created":1703091795101,"remoteIdentityKey":"BVOomZgzflfabJT0vYM9L5atE0KKuoER/6hXyHYgB9MH"},"_chains":{"BSDivkSwteCUfAUqgBy8s3a+x3COIdSzCpsCosdm4Y9f":{"chainKey":{"counter":1,"key":"L4ijHvQg4M3nAe0dJXQSFr5BIu/RdJK6f5jMkQxk/Fg="},"chainType":1,"messageKeys":{}}},"pendingPreKey":{"signedKeyId":1,"baseKey":"BbBSpq99rvIJiPBbSCwE+lHjV+HT64m8v6I5yWJFyQwR","preKeyId":9269195}}},"version":"v1"}