{"_sessions":{"BfE1z65FvLThDwUnraFqFeNLGxCRHeLk0PNHT9cNrod+":{"registrationId":2176371002,"currentRatchet":{"ephemeralKeyPair":{"pubKey":"BXefxQ5Dozk2eLpXVzmnNNUksnxdy8ia78fAAKbPLikF","privKey":"gFmcfuHl2hs+ws9yqeqml4Ia0QIn3EQZzfYFGHGmslA="},"lastRemoteEphemeralKey":"Be0zy8HX9hm1O8FsJdETuTCS6noOd6WIj5jsz39fA31f","previousCounter":0,"rootKey":"mvEz2lucexQOVJisKHod3azaPrzs1v17YsTtkyie778="},"indexInfo":{"baseKey":"BfE1z65FvLThDwUnraFqFeNLGxCRHeLk0PNHT9cNrod+","baseKeyType":1,"closed":-1,"used":1703091794493,"created":1703091794493,"remoteIdentityKey":"BYlVBjkukCv4xrYEUpu5f1+C9GPnktoWC5e8hE4hHoh9"},"_chains":{"BXefxQ5Dozk2eLpXVzmnNNUksnxdy8ia78fAAKbPLikF":{"chainKey":{"counter":1,"key":"faeZ2RXjWkpidEqmOnqc/tl80J+KhYcWUfUCYDJ7Aq0="},"chainType":1,"messageKeys":{}}},"pendingPreKey":{"signedKeyId":1,"baseKey":"BfE1z65FvLThDwUnraFqFeNLGxCRHeLk0PNHT9cNrod+"}}},"version":"v1"}