{"_sessions":{"BQMRvuoRGSoWj/b69/EtAIOHshSfmFTJNo4/uI079rQN":{"registrationId":1527782173,"currentRatchet":{"ephemeralKeyPair":{"pubKey":"BVuJP/3bt980269MSppjiKdMptjJjeQaAIPEJg3GyLcE","privKey":"GIDPl0+SXOVs3m0TOy+Ylqma2sJUksHY6WFsmCiyBkY="},"lastRemoteEphemeralKey":"BdlirBjHAYj89yER/je1HmN1FnTW7h3r2LFoYLWZlCAN","previousCounter":0,"rootKey":"XnI/Y7JTTh1rxoGUVSR5XVsQrcM0IPym5PJY4bqG6V8="},"indexInfo":{"baseKey":"BQMRvuoRGSoWj/b69/EtAIOHshSfmFTJNo4/uI079rQN","baseKeyType":1,"closed":-1,"used":1703091794605,"created":1703091794605,"remoteIdentityKey":"BVYl0w8wXTRW5LydF6T6CMRbEEssISuZZH7EjdD+HMIj"},"_chains":{"BVuJP/3bt980269MSppjiKdMptjJjeQaAIPEJg3GyLcE":{"chainKey":{"counter":1,"key":"62xFT8Jc5oDnsWsZT/Tm914WQxY8neui0ch9imt4xBw="},"chainType":1,"messageKeys":{}}},"pendingPreKey":{"signedKeyId":0,"baseKey":"BQMRvuoRGSoWj/b69/EtAIOHshSfmFTJNo4/uI079rQN"}}},"version":"v1"}