{"_sessions":{"BfWq4MdbPb86al+JtGunl+5FghgpahoYUPuDsoiKGFla":{"registrationId":9213820,"currentRatchet":{"ephemeralKeyPair":{"pubKey":"BUFGJlfL10V9q1ag2G0ZAYuV7DxGL2FRO+iRf/GGCiZ+","privKey":"mBpSvgctJxRM6OggzTS0/Ve9agF7q3QhLail7jvxtGg="},"lastRemoteEphemeralKey":"BZf1EdXjgStTF7zAlgRNB2ksiyakmOd+y5Q943oanpcb","previousCounter":0,"rootKey":"kTDUJb8jO349/Pkz+cQUJmAZP/WvJgFdRu5pvmNjHdg="},"indexInfo":{"baseKey":"BfWq4MdbPb86al+JtGunl+5FghgpahoYUPuDsoiKGFla","baseKeyType":1,"closed":-1,"used":1703091794602,"created":1703091794602,"remoteIdentityKey":"BWE0cG8Jtibebep4ANzQNSNYHvLP3e5sOAUbV+/Mj71u"},"_chains":{"BUFGJlfL10V9q1ag2G0ZAYuV7DxGL2FRO+iRf/GGCiZ+":{"chainKey":{"counter":1,"key":"xPieBsiyO2FXvK4bSAU4YGREA/so1h07PeKY3krtP+Q="},"chainType":1,"messageKeys":{}}},"pendingPreKey":{"signedKeyId":24,"baseKey":"BfWq4MdbPb86al+JtGunl+5FghgpahoYUPuDsoiKGFla","preKeyId":1774946}}},"version":"v1"}