{"_sessions":{"Bfkpf8dodPTWkDLZbhHUsFCtEKSH34T7nUsfQzhSncYX":{"registrationId":1169491775,"currentRatchet":{"ephemeralKeyPair":{"pubKey":"BQlzp9BBWLNdQWbLCJur4LjIIslvm91l9bOO92IPW5Fa","privKey":"WPwuoVXPcIJoOqghbL8jJ+OQBxQvZiM1Zs0ER30BHks="},"lastRemoteEphemeralKey":"BVS7+qWeB5bNBU4rhgr6OlD3Vh0xZABp5ybE2L4M2uYV","previousCounter":0,"rootKey":"eN1CM3I4RU1o9N/v/y//n2Ev3f2bKNQ6tU5na1YNRUY="},"indexInfo":{"baseKey":"Bfkpf8dodPTWkDLZbhHUsFCtEKSH34T7nUsfQzhSncYX","baseKeyType":1,"closed":-1,"used":1703091794893,"created":1703091794893,"remoteIdentityKey":"BfuRF/SEfGvS4qQcjcOQIEgYIpjYZ9+NcsZqVMdfgqMn"},"_chains":{"BQlzp9BBWLNdQWbLCJur4LjIIslvm91l9bOO92IPW5Fa":{"chainKey":{"counter":1,"key":"vpHp3ypB71PVtv2II7mL0AX4bcLlz7oggUvUYbrUhgI="},"chainType":1,"messageKeys":{}}},"pendingPreKey":{"signedKeyId":0,"baseKey":"Bfkpf8dodPTWkDLZbhHUsFCtEKSH34T7nUsfQzhSncYX"}}},"version":"v1"}