{"_sessions":{"Bcgt+ly0B7R8LspXl7TOETQ7za7Biu3xOBX06Hntqq8d":{"registrationId":1763006268,"currentRatchet":{"ephemeralKeyPair":{"pubKey":"Baxvq2QiQJ2RsJkYtY+aycivNS74QTIwXReqwIRkyLV1","privKey":"oCdQB0vtXJaruGEK+6Ry+vPzjjUy4bdVkltvsI0LiUM="},"lastRemoteEphemeralKey":"BYNKSRxmr0GHHruV4YZ80ZeGlQfbsQb7omOETAHrHCZR","previousCounter":0,"rootKey":"RyL7HprPWeEdVD2Whw39X6NoQ7MzMAwHa0ZV17nskq8="},"indexInfo":{"baseKey":"Bcgt+ly0B7R8LspXl7TOETQ7za7Biu3xOBX06Hntqq8d","baseKeyType":1,"closed":-1,"used":1703091794805,"created":1703091794805,"remoteIdentityKey":"BfBw8zGgv4AN9IFrWnoOGyhomoxYFMkbvgBKZ0onYOYv"},"_chains":{"Baxvq2QiQJ2RsJkYtY+aycivNS74QTIwXReqwIRkyLV1":{"chainKey":{"counter":1,"key":"hACCcj6WYJi8BNtog8vpSC6QCsycPfySvKJatlSKAL8="},"chainType":1,"messageKeys":{}}},"pendingPreKey":{"signedKeyId":6,"baseKey":"Bcgt+ly0B7R8LspXl7TOETQ7za7Biu3xOBX06Hntqq8d","preKeyId":7118630}}},"version":"v1"}