{"_sessions":{"BR9OhGuBUwUaAwBjYiJCLUDDn1R6vzwAADPf/XJ5eMMw":{"registrationId":225845494,"currentRatchet":{"ephemeralKeyPair":{"pubKey":"BWlhc6/j+4m8V1Foan48ltetdNm4nrAwpimDApqrLTI6","privKey":"YC7Ze7coe4AfG9+rN5umu0RwwLVvHNMW40dcO7KiD1A="},"lastRemoteEphemeralKey":"BcKPDTUnFL1SBPxsPOXpvJ5OyByzcNgIch746juiN0ZK","previousCounter":0,"rootKey":"98XJZO83KiAVsR4PJd7aFL0knk+4tf6ajsCc2Dl/aJI="},"indexInfo":{"baseKey":"BR9OhGuBUwUaAwBjYiJCLUDDn1R6vzwAADPf/XJ5eMMw","baseKeyType":1,"closed":-1,"used":1703091794627,"created":1703091794627,"remoteIdentityKey":"Bf+VRLA/mtySrXOinmKZShxIS6/GZ/e8w+y0SchtT9ll"},"_chains":{"BWlhc6/j+4m8V1Foan48ltetdNm4nrAwpimDApqrLTI6":{"chainKey":{"counter":1,"key":"9zQ7ppHoxCJqVS+pwIyxCg5Ztd/mcJfFNi1WbIomTH4="},"chainType":1,"messageKeys":{}}},"pendingPreKey":{"signedKeyId":0,"baseKey":"BR9OhGuBUwUaAwBjYiJCLUDDn1R6vzwAADPf/XJ5eMMw","preKeyId":1932681}}},"version":"v1"}