{"_sessions":{"Be6w/dNzJM+DjwqRsrDC9aqjXYeBDO1nSp0DzTzHBPBf":{"registrationId":915639841,"currentRatchet":{"ephemeralKeyPair":{"pubKey":"BWXNYgeQr/xD9cZE0IIUjc6/zCg4aHkwinq1lkpS5Lhb","privKey":"GM7JjbJtNauZJbWfHXcW9G3FC7sOABE8E/TRkkcsRWc="},"lastRemoteEphemeralKey":"BYV3iYwrl5n6hs5A7htvwGDzJ6xDpf8piwZRB4vnES4g","previousCounter":0,"rootKey":"jfeWDMb6/zhde8Q4IOFHSOE9Sgxba/ucWugH0zSYAE8="},"indexInfo":{"baseKey":"Be6w/dNzJM+DjwqRsrDC9aqjXYeBDO1nSp0DzTzHBPBf","baseKeyType":1,"closed":-1,"used":1703091794982,"created":1703091794982,"remoteIdentityKey":"BQSlE9/SFrwCV3occGHPbMP2tJzGYCdXOll7X6NYl71q"},"_chains":{"BWXNYgeQr/xD9cZE0IIUjc6/zCg4aHkwinq1lkpS5Lhb":{"chainKey":{"counter":1,"key":"v5bgrELXihvxQlCNmvh6ctGRVGG0bVy5TYdh3FZMMKY="},"chainType":1,"messageKeys":{}}},"pendingPreKey":{"signedKeyId":8,"baseKey":"Be6w/dNzJM+DjwqRsrDC9aqjXYeBDO1nSp0DzTzHBPBf","preKeyId":6955571}}},"version":"v1"}