{"_sessions":{"BUNOUI7btQyZwCrUe7KMv4G3kCS8A7eFWDkqQgGI6QRf":{"registrationId":873014064,"currentRatchet":{"ephemeralKeyPair":{"pubKey":"BcYJulklVO5jg6KarEmWkoazTA9YOuWjCFvuY4Npf0FS","privKey":"AEhzD6nxIVZGoowJW4Z36JVdBHkzaSRDciLgJOeVAW0="},"lastRemoteEphemeralKey":"BWyR0PNNMc4AYg7t3bp7pWuW0FmNHQcJnSo4fLxW70BO","previousCounter":0,"rootKey":"jXGn/q8X4+Nhy7U/PycUD1uUVJRvl/24ZOSurEqAQ60="},"indexInfo":{"baseKey":"BUNOUI7btQyZwCrUe7KMv4G3kCS8A7eFWDkqQgGI6QRf","baseKeyType":1,"closed":-1,"used":1703091794907,"created":1703091794907,"remoteIdentityKey":"BRh+x0+YWAn+7g7ewTgY/ITu9Zyp+84mlLWa81Mvbmkw"},"_chains":{"BcYJulklVO5jg6KarEmWkoazTA9YOuWjCFvuY4Npf0FS":{"chainKey":{"counter":1,"key":"/afT/TNLWGrb1cUFEtoc6K9DbqV9SJYVhvTcv8lAjug="},"chainType":1,"messageKeys":{}}},"pendingPreKey":{"signedKeyId":1,"baseKey":"BUNOUI7btQyZwCrUe7KMv4G3kCS8A7eFWDkqQgGI6QRf","preKeyId":14457344}}},"version":"v1"}