{"_sessions":{"BfP7NyFO13oa2xbaeoJxJyeSxHl6KcPiRyj8IMGBe/RN":{"registrationId":1624195240,"currentRatchet":{"ephemeralKeyPair":{"pubKey":"BQ1RYlzhmQvdLGapvSissVIUzZAWOPk8zR7cBytuEFMM","privKey":"kIf2Uo2z4vbsNfG4QT3+rapZuRqP9xO4IW9T18yqs1U="},"lastRemoteEphemeralKey":"BXSL5kutyYQA4baR9Z4S6QTNdvgUxcrSRR5xXdxim94C","previousCounter":0,"rootKey":"hQAaj2MjbgRL3iLjyTlwGHQQJbqn1gT7XCTJnQJCToY="},"indexInfo":{"baseKey":"BfP7NyFO13oa2xbaeoJxJyeSxHl6KcPiRyj8IMGBe/RN","baseKeyType":1,"closed":-1,"used":1703091794896,"created":1703091794896,"remoteIdentityKey":"BTEAzzKIGtrLnsP4SWRwSDFc8j4mplFOI6YLIwz7++ol"},"_chains":{"BQ1RYlzhmQvdLGapvSissVIUzZAWOPk8zR7cBytuEFMM":{"chainKey":{"counter":1,"key":"8MPZnnw/HEnIhT3tOnUMqqIeVG4MsBi/yMskHlciAVU="},"chainType":1,"messageKeys":{}}},"pendingPreKey":{"signedKeyId":17,"baseKey":"BfP7NyFO13oa2xbaeoJxJyeSxHl6KcPiRyj8IMGBe/RN","preKeyId":3439624}}},"version":"v1"}