{"_sessions":{"BUA+9DT3Zvki9G9CdDE+vrD3PtZTMftygwoL8GTT7lgq":{"registrationId":1758669869,"currentRatchet":{"ephemeralKeyPair":{"pubKey":"BQ/fzotDcetFKSNW1r1Yo+MPtLlOGEb/SmTs5+eTJpMQ","privKey":"8NqGawZbkL9JMnR6xPBIZbWcZxYyAHm6K4JOxyIuA2E="},"lastRemoteEphemeralKey":"BfJJkdZQ6Lapork7LngLKSStH56O04rDC6fs+gbHn3ob","previousCounter":0,"rootKey":"wz5nXtdR9vdkpGD9jU359DFDTBTSqe7GcKsdWYSbzNI="},"indexInfo":{"baseKey":"BUA+9DT3Zvki9G9CdDE+vrD3PtZTMftygwoL8GTT7lgq","baseKeyType":1,"closed":-1,"used":1703091795135,"created":1703091795135,"remoteIdentityKey":"BRW4PG6REeFiLZhTMUSZYwvwJFIPfjtQuVAiyRsRmsVz"},"_chains":{"BQ/fzotDcetFKSNW1r1Yo+MPtLlOGEb/SmTs5+eTJpMQ":{"chainKey":{"counter":1,"key":"9d8SoTrdMQkoauVbzmcMtUB3legbtDs52B39wibu49Y="},"chainType":1,"messageKeys":{}}},"pendingPreKey":{"signedKeyId":9,"baseKey":"BUA+9DT3Zvki9G9CdDE+vrD3PtZTMftygwoL8GTT7lgq","preKeyId":6907084}}},"version":"v1"}