{"_sessions":{"Bdx+Jd5YFxhfzxzhnk2oykplq/2ZSbd0rmh2mnQB2s4E":{"registrationId":1347286240,"currentRatchet":{"ephemeralKeyPair":{"pubKey":"BWtVcyCcny4jbcIqspafZxk9iJBGBsk9s+fX1t+aK3cB","privKey":"iKnnrV+67J5+ZHKY63WWsJesfzKvh4R3mUqbP/U+EFM="},"lastRemoteEphemeralKey":"BV7V8EzB5Wg6sBtXNPPQDDv5hsSU0czsIwRowcI8eaQm","previousCounter":0,"rootKey":"KR4CAyA/2Gh0zSKyv0aBcyCwIwdA93c/PeOFmVHvXrQ="},"indexInfo":{"baseKey":"Bdx+Jd5YFxhfzxzhnk2oykplq/2ZSbd0rmh2mnQB2s4E","baseKeyType":1,"closed":-1,"used":1703091795133,"created":1703091795133,"remoteIdentityKey":"Bfa41zblzPm3sVwOMNBI7sFjq+3HUsOv5szqaqZ3MwkJ"},"_chains":{"BWtVcyCcny4jbcIqspafZxk9iJBGBsk9s+fX1t+aK3cB":{"chainKey":{"counter":1,"key":"6dZp/HnJOLBLg04tUNVkmw0hZb48EfMGtUjimiWjwPI="},"chainType":1,"messageKeys":{}}},"pendingPreKey":{"signedKeyId":3,"baseKey":"Bdx+Jd5YFxhfzxzhnk2oykplq/2ZSbd0rmh2mnQB2s4E","preKeyId":9285014}}},"version":"v1"}