{"_sessions":{"BcDeLPKZQ0NeaQCT0gOwHODgNa0bvbcuaLK0QtKDRWoC":{"registrationId":11828,"currentRatchet":{"ephemeralKeyPair":{"pubKey":"BV37ekYmRX8TJaRTX8KayqQj7LgOUK3J+mVo/HBkhr0h","privKey":"QEojgt+ZyWHM+62ZYWt0JibsxasSU91jMXhFulLlDVU="},"lastRemoteEphemeralKey":"BVCs1BSqw5cc1ZGjvnDT/Rrz7wTIfi2Nbk/YHDUtmytG","previousCounter":0,"rootKey":"qPYV2qLVVPG7lu7u0sKPF+YwiP5dQPcgrHJZfrPpniM="},"indexInfo":{"baseKey":"BcDeLPKZQ0NeaQCT0gOwHODgNa0bvbcuaLK0QtKDRWoC","baseKeyType":1,"closed":-1,"used":1703091794595,"created":1703091794595,"remoteIdentityKey":"BWJH0dzvcTxT8IwxPlZsLGBmmVPX9BTWKgMVbukE8woA"},"_chains":{"BV37ekYmRX8TJaRTX8KayqQj7LgOUK3J+mVo/HBkhr0h":{"chainKey":{"counter":1,"key":"G+wAfr4BXEawG4vkwnjQ+qxESBh4C0DUCeHA8AzaXes="},"chainType":1,"messageKeys":{}}},"pendingPreKey":{"signedKeyId":1,"baseKey":"BcDeLPKZQ0NeaQCT0gOwHODgNa0bvbcuaLK0QtKDRWoC"}}},"version":"v1"}