{"_sessions":{"BZxzUHpyV1R+OVwgEDD4BE/CbPLXp5O2NJxmqfG0b5AF":{"registrationId":8,"currentRatchet":{"ephemeralKeyPair":{"pubKey":"BdTLogRZ52Po0S6vMPtI7cpOPLI/9W2SA55YHYJEfchQ","privKey":"CJpwadsGT0cy+iu5bs9YmuflMmf43MWapSpBK+zZE3c="},"lastRemoteEphemeralKey":"BdXVYmPwvfaBLqzn0QSNO/6mfN3JcMMe/kybHMoA7Y0u","previousCounter":0,"rootKey":"u0JdgmUNul16Png8rCYgmlV9T3lAjfsE5SHi/cXODTE="},"indexInfo":{"baseKey":"BZxzUHpyV1R+OVwgEDD4BE/CbPLXp5O2NJxmqfG0b5AF","baseKeyType":2,"closed":1703092163092,"used":1703089097942,"created":1703089097942,"remoteIdentityKey":"BYc5b+NupBWMOKaAVF9ZJWB3aFhxFLRKtf+R7mcJKWpy"},"_chains":{"BdXVYmPwvfaBLqzn0QSNO/6mfN3JcMMe/kybHMoA7Y0u":{"chainKey":{"counter":1,"key":"3X039Sv3ESQlo7Rdo4YS/M2UQBupbqJNfhUyZ4+UALM="},"chainType":2,"messageKeys":{}},"BdTLogRZ52Po0S6vMPtI7cpOPLI/9W2SA55YHYJEfchQ":{"chainKey":{"counter":0,"key":"ccj5kUWtS7Vjy2Fdhu/IwBAjorayd+Vbiay+F2HFud4="},"chainType":1,"messageKeys":{}}}},"BRrRVactmBvbaR/5Jv4qmPWgl0aMEKKrMQ86tTI3mrhF":{"registrationId":8,"currentRatchet":{"ephemeralKeyPair":{"pubKey":"Bak2uTLNE7WEM+PCBbmkBRRyZanlGanQtdbbb70LjeF4","privKey":"0Aragexq25JH1/VF1p+NieD7O4waEeNuAEzaFv7J3G8="},"lastRemoteEphemeralKey":"BRwtYr4TIReqXvCo72IPuRX2nVWHiRxI9dEpe6AKdzZb","previousCounter":0,"rootKey":"m4bsGvkijyYh1u0meA5rCospV4PATMvWGjrC3UE8+GY="},"indexInfo":{"baseKey":"BRrRVactmBvbaR/5Jv4qmPWgl0aMEKKrMQ86tTI3mrhF","baseKeyType":2,"closed":1703092736069,"used":1703092163093,"created":1703092163093,"remoteIdentityKey":"BYc5b+NupBWMOKaAVF9ZJWB3aFhxFLRKtf+R7mcJKWpy"},"_chains":{"BRwtYr4TIReqXvCo72IPuRX2nVWHiRxI9dEpe6AKdzZb":{"chainKey":{"counter":0,"key":"oPM6ENdJJYKcKGx+GOGW2JxzrVO8X0XmyB7kQcpg4nQ="},"chainType":2,"messageKeys":{}},"Bak2uTLNE7WEM+PCBbmkBRRyZanlGanQtdbbb70LjeF4":{"chainKey":{"counter":-1,"key":"YryoXeS0zeOHseRv9TQmUKLtVf5LeNnFOzXJ2hxkvFw="},"chainType":1,"messageKeys":{}}}},"BRT0ubTC6ISYKM2rmr8hA4czSLtMLfTEZDgw7VQxixI9":{"registrationId":8,"currentRatchet":{"ephemeralKeyPair":{"pubKey":"Bf9IAFUzJZndm2mFSv7PGJQxINKeAaoVzfqaCfJl+mN+","privKey":"YLpCZIcRCnvIQvP/F/cjthTs5fdbDbBWFjt87y4fL34="},"lastRemoteEphemeralKey":"BXa0+7IMETjTHS2tPZ88EfQC8tS90t9frUp5O6Or5ylS","previousCounter":0,"rootKey":"FcDsO+gA9aHokta+g8XvPNJV2kAfL9yqSHpBFrFBNpE="},"indexInfo":{"baseKey":"BRT0ubTC6ISYKM2rmr8hA4czSLtMLfTEZDgw7VQxixI9","baseKeyType":2,"closed":1703092917235,"used":1703092736077,"created":1703092736077,"remoteIdentityKey":"BYc5b+NupBWMOKaAVF9ZJWB3aFhxFLRKtf+R7mcJKWpy"},"_chains":{"BXa0+7IMETjTHS2tPZ88EfQC8tS90t9frUp5O6Or5ylS":{"chainKey":{"counter":0,"key":"9O0INDseZPdaRXgeUOoFgY8bSAlyj5FAiX9lU77H6Hk="},"chainType":2,"messageKeys":{}},"Bf9IAFUzJZndm2mFSv7PGJQxINKeAaoVzfqaCfJl+mN+":{"chainKey":{"counter":-1,"key":"pN+jcnmEh+O61gpvO1z0g/LZLkU11DNhM3MLn2rW0i0="},"chainType":1,"messageKeys":{}}}},"BVP6ocvR4WMUgjwyp8wc20/4KMjpLF0LR4RMD3isvHY9":{"registrationId":8,"currentRatchet":{"ephemeralKeyPair":{"pubKey":"BbZzZekLa/G4gILLjSbvEIHmdn+rUecjI70eLHIzWNlH","privKey":"sP5rhlOC0Vy8dIj0Q1OVRGQS2I03Mlj3hoH5+C3lAHM="},"lastRemoteEphemeralKey":"BeWh/uN4+Wclo84EM6DM2wVxVppJffNjPhDyKp/B0JIF","previousCounter":0,"rootKey":"wadhhf4xTgKU3hvC39aoxSxoZ5DwKdWfxVnMK03X7mc="},"indexInfo":{"baseKey":"BVP6ocvR4WMUgjwyp8wc20/4KMjpLF0LR4RMD3isvHY9","baseKeyType":2,"closed":1703092924959,"used":1703092917237,"created":1703092917237,"remoteIdentityKey":"BYc5b+NupBWMOKaAVF9ZJWB3aFhxFLRKtf+R7mcJKWpy"},"_chains":{"BeWh/uN4+Wclo84EM6DM2wVxVppJffNjPhDyKp/B0JIF":{"chainKey":{"counter":5,"key":"pyUosb8E6oiRf8aTy2pHBrMxE+jGlXWlEWIwXFY/gVo="},"chainType":2,"messageKeys":{}},"BbZzZekLa/G4gILLjSbvEIHmdn+rUecjI70eLHIzWNlH":{"chainKey":{"counter":-1,"key":"/WkxwhB+G8qairqF98HN149Zgsws3T/FmgQlARGOSWs="},"chainType":1,"messageKeys":{}}}},"BRZoSFxfTesdRlfaEk1ZpJ+Hm16vke8aukYF8xKRe7k8":{"registrationId":8,"currentRatchet":{"ephemeralKeyPair":{"pubKey":"BV9jdG1Wd6a6GIUaWf1c0H/PdDJFYb3GC17EJaZWpDB0","privKey":"aNVXgd51jBbtA4fasoRlRJJ+yPTx283CcBTjCbUX/EA="},"lastRemoteEphemeralKey":"BZMgRdjBzeHbOLrfQ8gN8vx77VT163OTwmWX7purp2wJ","previousCounter":0,"rootKey":"QfYkH7jis8NCY2SFxyVVMfEQxfr/DG5g4a4SugAFJK4="},"indexInfo":{"baseKey":"BRZoSFxfTesdRlfaEk1ZpJ+Hm16vke8aukYF8xKRe7k8","baseKeyType":2,"closed":1703092943379,"used":1703092924960,"created":1703092924960,"remoteIdentityKey":"BYc5b+NupBWMOKaAVF9ZJWB3aFhxFLRKtf+R7mcJKWpy"},"_chains":{"BZMgRdjBzeHbOLrfQ8gN8vx77VT163OTwmWX7purp2wJ":{"chainKey":{"counter":5,"key":"kwetjNOUKNled2sfO8g2doh/VuEWcfELfBYouXMoOGc="},"chainType":2,"messageKeys":{}},"BV9jdG1Wd6a6GIUaWf1c0H/PdDJFYb3GC17EJaZWpDB0":{"chainKey":{"counter":-1,"key":"SkvvK2DiO2+qO6TdKqYF9Q/uYH1fXkryatqduWXZJnA="},"chainType":1,"messageKeys":{}}}},"BfYGjjTRxiVhRU2FkgMC9EDkbOpciHjWigVsUR2CPYwi":{"registrationId":8,"currentRatchet":{"ephemeralKeyPair":{"pubKey":"BZ5CJrbIpfCstM8cIa9NxN2WpWuuac1otO/ieOUePd0X","privKey":"CLg+hI5v0pNmjTLeARju2WPyYHcQF6N0W06wdAtYmUU="},"lastRemoteEphemeralKey":"BZacnleZDEKGe8gc+L4Vp/lv/kzFsgaDh8jXs6rVqWcr","previousCounter":0,"rootKey":"n+yjheErKdS+QOui4YbilkYrWMrriLBmugyzcc83bqs="},"indexInfo":{"baseKey":"BfYGjjTRxiVhRU2FkgMC9EDkbOpciHjWigVsUR2CPYwi","baseKeyType":2,"closed":1703092974987,"used":1703092943380,"created":1703092943380,"remoteIdentityKey":"BYc5b+NupBWMOKaAVF9ZJWB3aFhxFLRKtf+R7mcJKWpy"},"_chains":{"BZacnleZDEKGe8gc+L4Vp/lv/kzFsgaDh8jXs6rVqWcr":{"chainKey":{"counter":1,"key":"oobfiSt2F+wHqFJzizTumk7Q2tBoQbFgLVaNd0h1igQ="},"chainType":2,"messageKeys":{}},"BZ5CJrbIpfCstM8cIa9NxN2WpWuuac1otO/ieOUePd0X":{"chainKey":{"counter":-1,"key":"CMN+pckcT2Ui2r/R0PsZtUe21azqYTvSkvHuXajf8zA="},"chainType":1,"messageKeys":{}}}},"BaJ1QRNupF+xGfUA7nqlSgTlGGSYaHUGYe/bRNziIT1i":{"registrationId":8,"currentRatchet":{"ephemeralKeyPair":{"pubKey":"BcthkAF/HgQZGx/g9af2QX1/4b80QWK4M/nKdvQBbjw7","privKey":"8BtIjq94WVHk6VnNSzkRkw450iNm6FFa+jjdrW3iLlQ="},"lastRemoteEphemeralKey":"BWebWivL9gz2zBvml5halydZAsvb6YnI1sWnvRotpYk5","previousCounter":0,"rootKey":"k9Ws4kB2soNKzn7oZGo+9YZvyavh4wo+NKuiBw/mEO8="},"indexInfo":{"baseKey":"BaJ1QRNupF+xGfUA7nqlSgTlGGSYaHUGYe/bRNziIT1i","baseKeyType":2,"closed":1703093041370,"used":1703092974988,"created":1703092974988,"remoteIdentityKey":"BYc5b+NupBWMOKaAVF9ZJWB3aFhxFLRKtf+R7mcJKWpy"},"_chains":{"BWebWivL9gz2zBvml5halydZAsvb6YnI1sWnvRotpYk5":{"chainKey":{"counter":2,"key":"FsuPVs7ZIhSkaElBC99UoHIXlDVYTHbtYUTxt8f0y60="},"chainType":2,"messageKeys":{}},"BcthkAF/HgQZGx/g9af2QX1/4b80QWK4M/nKdvQBbjw7":{"chainKey":{"counter":-1,"key":"2Sb9v0FkA3NAuj8cqj7nD+b32acSqgE4LD0YAa3R6NU="},"chainType":1,"messageKeys":{}}}},"BTF1J546MuS6Pj6y7L0V5VeHlcsWdEbq1ZQQYZBgO0Fv":{"registrationId":8,"currentRatchet":{"ephemeralKeyPair":{"pubKey":"Bd+uM33fVPUk5RLD6jWOwfzS6Iz1O424OXh3uP2CrlIN","privKey":"sLCvQ6Oxv2YRW1mm7Jid8VOOUs4JUrW9Pv86R9SNyGI="},"lastRemoteEphemeralKey":"BbygkxTuicHdtov+vJubC/ZXA3Ga8SsKS4XJLrNZsItQ","previousCounter":0,"rootKey":"XJKbFn5UCbzfeEfPA+wzp+fUtT5H+bQlbZ62kHX6SEw="},"indexInfo":{"baseKey":"BTF1J546MuS6Pj6y7L0V5VeHlcsWdEbq1ZQQYZBgO0Fv","baseKeyType":2,"closed":1703094701372,"used":1703093041373,"created":1703093041373,"remoteIdentityKey":"BYc5b+NupBWMOKaAVF9ZJWB3aFhxFLRKtf+R7mcJKWpy"},"_chains":{"BbygkxTuicHdtov+vJubC/ZXA3Ga8SsKS4XJLrNZsItQ":{"chainKey":{"counter":4,"key":"t47u1Pr/C1izOCagjVFlONfa7Kj5vsBHDHk8hZdKZAM="},"chainType":2,"messageKeys":{}},"Bd+uM33fVPUk5RLD6jWOwfzS6Iz1O424OXh3uP2CrlIN":{"chainKey":{"counter":-1,"key":"fIzLa9gJL6stemLIe0N9XtSZ7IMdkZHY6UXPZAjz64g="},"chainType":1,"messageKeys":{}}}},"BXStLvZLGd/sm3WRTol+7zcY1Ra+/EGio1KrmCRYkDZX":{"registrationId":8,"currentRatchet":{"ephemeralKeyPair":{"pubKey":"Bex9PCGA63h0ptEUlcQiE5Ut3GpYXqgJpC4maDiRpXVV","privKey":"MMse4FbZxu2fdgQtBqSO0CnvcJiVopktnBAnmWkjo18="},"lastRemoteEphemeralKey":"BQkHL+LPe/oZODcXz71wQlJoTSoqesZhc56sNT2AMewa","previousCounter":0,"rootKey":"S4m1QtVmlhSVC/5TqOHBIhqnuQ3Mh4j38rPJAU1SmDQ="},"indexInfo":{"baseKey":"BXStLvZLGd/sm3WRTol+7zcY1Ra+/EGio1KrmCRYkDZX","baseKeyType":2,"closed":1703098016728,"used":1703094701373,"created":1703094701373,"remoteIdentityKey":"BYc5b+NupBWMOKaAVF9ZJWB3aFhxFLRKtf+R7mcJKWpy"},"_chains":{"BQkHL+LPe/oZODcXz71wQlJoTSoqesZhc56sNT2AMewa":{"chainKey":{"counter":3,"key":"jcrQcL4ZfwEqYxFcOOAiwfAmx2maU7SpRUiTXIetmSU="},"chainType":2,"messageKeys":{}},"Bex9PCGA63h0ptEUlcQiE5Ut3GpYXqgJpC4maDiRpXVV":{"chainKey":{"counter":0,"key":"PgUfkLqMkj4uke5pd1LDz4Wwo5e0LF+CiyCD7jZEOQo="},"chainType":1,"messageKeys":{}}}},"BaVxHaHLZNI3wNOzlYLyV4z9lSNkXFrQ2CYDvM6tkAVD":{"registrationId":8,"currentRatchet":{"ephemeralKeyPair":{"pubKey":"Bcasb4BdfnQuzzOYLWvvxMlxNwkI1BSKG2MB8zMjyDxN","privKey":"QJ8sHDLBszRlR7NTbWn6Zx2Ee6LDfpt0ofY/tcz+MXY="},"lastRemoteEphemeralKey":"BQe/4TFedABSuu6X68IK+UZ7eM5jO3eT/a6rPRgfpUZa","previousCounter":0,"rootKey":"CN4suqLut49ZmKiflhFpcTj3Suhw8r4ITr6hAq0J0jA="},"indexInfo":{"baseKey":"BaVxHaHLZNI3wNOzlYLyV4z9lSNkXFrQ2CYDvM6tkAVD","baseKeyType":2,"closed":-1,"used":1703098016729,"created":1703098016729,"remoteIdentityKey":"BYc5b+NupBWMOKaAVF9ZJWB3aFhxFLRKtf+R7mcJKWpy"},"_chains":{"BQe/4TFedABSuu6X68IK+UZ7eM5jO3eT/a6rPRgfpUZa":{"chainKey":{"counter":4,"key":"xkcQG/Dyf2aIAn3ropnmhl4Vi2N5zAiR2l3klvyRXBM="},"chainType":2,"messageKeys":{}},"Bcasb4BdfnQuzzOYLWvvxMlxNwkI1BSKG2MB8zMjyDxN":{"chainKey":{"counter":-1,"key":"VZDIZnerKqhgWiwc9dfmEoPxS6VG4HCu/f3K2Kd/Blo="},"chainType":1,"messageKeys":{}}}}},"version":"v1"}