{"_sessions":{"Bds6t2AIj7l7Bmf/XxJ6JuBqq8CQBUGygyc1zl5v1xg+":{"registrationId":1835561810,"currentRatchet":{"ephemeralKeyPair":{"pubKey":"BYYWKqTHf5Ar/aspkgySsPv0Uc7GVbbiUUbOXiH529kW","privKey":"cFsAf9YKb4lGMMJ6F0rDxJkfAq6DAgidG5EvdNpQf0M="},"lastRemoteEphemeralKey":"BR6QdnwoktAowqbJrSO9x18g/IXmL2hYjaMTkJoFisZY","previousCounter":0,"rootKey":"Y58/qfU4gV1h8HV6DQaeRHLUcmHyCSj0S/2gGnmlja8="},"indexInfo":{"baseKey":"Bds6t2AIj7l7Bmf/XxJ6JuBqq8CQBUGygyc1zl5v1xg+","baseKeyType":1,"closed":-1,"used":1703091795015,"created":1703091795015,"remoteIdentityKey":"BTj3OY/uXEHPTmrjlpLAZK+bIvS04NKsPkKdzuVtd2lH"},"_chains":{"BYYWKqTHf5Ar/aspkgySsPv0Uc7GVbbiUUbOXiH529kW":{"chainKey":{"counter":1,"key":"QvYK619wsNJc9ziKvdvr8x0ANnFg+QI7l/4XJ7j8I0E="},"chainType":1,"messageKeys":{}}},"pendingPreKey":{"signedKeyId":5,"baseKey":"Bds6t2AIj7l7Bmf/XxJ6JuBqq8CQBUGygyc1zl5v1xg+","preKeyId":14135140}}},"version":"v1"}