{"_sessions":{"BakGCjpFledHNNCC8PYvnAwWisu7NCAwFq4O9xMlMZ96":{"registrationId":189822370,"currentRatchet":{"ephemeralKeyPair":{"pubKey":"BXGcHFds6P1VNpqjq44yKKjn2cWVFdw7QLyooj4VlQJW","privKey":"QGxiMuxpvB0GYcGxdv8YQjgqIj5AVuoednreWmyfJVo="},"lastRemoteEphemeralKey":"BTBmUiW5NuKM+fRFbQupy1Pa8k/LMLumwRCR/0YLGGdF","previousCounter":0,"rootKey":"wNRs9MCeZ6UtVzJwK98v1d7k5SUNLut+fdtux7GHFMo="},"indexInfo":{"baseKey":"BakGCjpFledHNNCC8PYvnAwWisu7NCAwFq4O9xMlMZ96","baseKeyType":2,"closed":-1,"used":1703091445472,"created":1703091445472,"remoteIdentityKey":"BdxjayGbpjeZmPer+CwDPefHSvZDc8wbgRgoh81ztpIR"},"_chains":{"BTBmUiW5NuKM+fRFbQupy1Pa8k/LMLumwRCR/0YLGGdF":{"chainKey":{"counter":0,"key":"lKYHlxFo4FwewLVlS8Zccu0YdbXnVdXLbINpYU11C/8="},"chainType":2,"messageKeys":{}},"BXGcHFds6P1VNpqjq44yKKjn2cWVFdw7QLyooj4VlQJW":{"chainKey":{"counter":1,"key":"yphptFHiwTDdY9yE6PdERSVWovg4cB0Tkrlm/HQIt3k="},"chainType":1,"messageKeys":{}}}}},"version":"v1"}