{"_sessions":{"BfDhnowePoXo+eeuTeZcutSRF8+F4j7rYUjf702ZVpYY":{"registrationId":176943946,"currentRatchet":{"ephemeralKeyPair":{"pubKey":"BeLmKt/kNzPHXxzmdCBcheWVotlgtN5cCgz+t97kzU8b","privKey":"6LjEGQZnfwuuDx0d688emOyCBQ+CEOLukLwEN+r2/V0="},"lastRemoteEphemeralKey":"BewY9Uj3exh3r+IiD8XzT439D2hLkCPlmJeA6ykWSlg5","previousCounter":0,"rootKey":"Gt3yv+qH7YbzRlzH3DY65Mw099dqBuI3P8xrq1pNSf0="},"indexInfo":{"baseKey":"BfDhnowePoXo+eeuTeZcutSRF8+F4j7rYUjf702ZVpYY","baseKeyType":1,"closed":-1,"used":1703091795128,"created":1703091795128,"remoteIdentityKey":"BR/zZy0+2EqHobnH3ojOGb1Ou+snAcMaL+Bt/rInQDcV"},"_chains":{"BeLmKt/kNzPHXxzmdCBcheWVotlgtN5cCgz+t97kzU8b":{"chainKey":{"counter":1,"key":"VWX7ef7n3+Wa9QZ20aXvvo2lkQc77Zn3hA6VV6OS4Is="},"chainType":1,"messageKeys":{}}},"pendingPreKey":{"signedKeyId":4,"baseKey":"BfDhnowePoXo+eeuTeZcutSRF8+F4j7rYUjf702ZVpYY","preKeyId":12314985}}},"version":"v1"}