{"_sessions":{"BW/I2SuKpZFQImjFB6eMWRtm7Kx3DRb8cpw7EpKpnuYN":{"registrationId":270911740,"currentRatchet":{"ephemeralKeyPair":{"pubKey":"BbiqfHTAPSZ+YsZsNEpGVX5beLtwoVJb/y3+npoJJFcm","privKey":"WD58gvgXVTcj10cp1s/6G31DD301RAN9qeNmha5I810="},"lastRemoteEphemeralKey":"BSYp6Q3vUXej6hDovl7Um9LAdeVm5qxurZyZwbHYTwx7","previousCounter":0,"rootKey":"1UYHCi+okslsq/GLEPZ9oIjyGtOUZDUYwAnT4/HgwCA="},"indexInfo":{"baseKey":"BW/I2SuKpZFQImjFB6eMWRtm7Kx3DRb8cpw7EpKpnuYN","baseKeyType":1,"closed":-1,"used":1703091794885,"created":1703091794885,"remoteIdentityKey":"BUKAqEA9gfqyy8uD0RnN+GZVSwxdJbTEO996Y9ddjrg8"},"_chains":{"BbiqfHTAPSZ+YsZsNEpGVX5beLtwoVJb/y3+npoJJFcm":{"chainKey":{"counter":1,"key":"CxdHJgMXNpiz9yQhMscx9PETyMfHiNn1WV1Kk33jIAA="},"chainType":1,"messageKeys":{}}},"pendingPreKey":{"signedKeyId":4,"baseKey":"BW/I2SuKpZFQImjFB6eMWRtm7Kx3DRb8cpw7EpKpnuYN","preKeyId":15662343}}},"version":"v1"}