{"_sessions":{"BcCD5LCux1+aBesp7HQllLeY2IOVwad3W9/kiCL8r35g":{"registrationId":996201210,"currentRatchet":{"ephemeralKeyPair":{"pubKey":"BcUE7S8fd9NmabOavHY9dnMMUEHYeXmfApFxhBvVmW0I","privKey":"4DqmVne9hPQkuROs0BRCkgXaKqp/yTliotkWsUFie2M="},"lastRemoteEphemeralKey":"BfxfBcj416d4ecKb9DBx2BIQjjpNEXCscwxAc+E7+SxX","previousCounter":0,"rootKey":"Nplls5XTeaPK5+aHOYiZSup+5KqrUOL/Ii3s+HjstMw="},"indexInfo":{"baseKey":"BcCD5LCux1+aBesp7HQllLeY2IOVwad3W9/kiCL8r35g","baseKeyType":1,"closed":-1,"used":1703091794582,"created":1703091794582,"remoteIdentityKey":"BeaEQ6bbjzaRyK+kb9/6Ke6J4yEmm9cMlwqvcGBTcvNS"},"_chains":{"BcUE7S8fd9NmabOavHY9dnMMUEHYeXmfApFxhBvVmW0I":{"chainKey":{"counter":1,"key":"tTYlbGrEwunoSCDDluuVUJ9XOfxH0GVfgUxrVr30C5g="},"chainType":1,"messageKeys":{}}},"pendingPreKey":{"signedKeyId":1,"baseKey":"BcCD5LCux1+aBesp7HQllLeY2IOVwad3W9/kiCL8r35g"}}},"version":"v1"}