{"_sessions":{"BUqfJm/kKBHp0S81tof4AIzi8r9hnWsV6BoxHyjTRWoR":{"registrationId":164696415,"currentRatchet":{"ephemeralKeyPair":{"pubKey":"BZeIgMG2BXT6nVVSUS2325BlMpRxnCvTg21zb6ZStRBd","privKey":"GDo/yz6H96Z/B+FEdSq5dHWrmX/qEiNG44KO1Uk2cXw="},"lastRemoteEphemeralKey":"BdKEOaPjDCcKVYF98nXR2YgFd59KLqUt+7gtbVBil1ov","previousCounter":0,"rootKey":"yPAbDc4papQPEm4/CwNyJJBuRpFw00mYjHXblbbkyJQ="},"indexInfo":{"baseKey":"BUqfJm/kKBHp0S81tof4AIzi8r9hnWsV6BoxHyjTRWoR","baseKeyType":2,"closed":-1,"used":1703111733019,"created":1703111733019,"remoteIdentityKey":"BVrE8E0Y4gSoYS4CWZeIuIe930+pbW97inSYZYSJ/EJo"},"_chains":{"BdKEOaPjDCcKVYF98nXR2YgFd59KLqUt+7gtbVBil1ov":{"chainKey":{"counter":0,"key":"Bmo5kWdDnJLprmmV96EwckCJ8peBYBgfZYefgnqGnwI="},"chainType":2,"messageKeys":{}},"BZeIgMG2BXT6nVVSUS2325BlMpRxnCvTg21zb6ZStRBd":{"chainKey":{"counter":-1,"key":"WcW2oFznoVJYFcfUe0dSu7Yqe5Qa/unNKfInM4FdE68="},"chainType":1,"messageKeys":{}}}}},"version":"v1"}