{"_sessions":{"BQboqiJEONcdyfApxDNyGEvpmCEmUIE8yoeUZCQ7TpQ3":{"registrationId":110,"currentRatchet":{"ephemeralKeyPair":{"pubKey":"BdRZCdPxkacAHstVgV0OnzqsE4t6US6mZmkY0CT09uxZ","privKey":"SPKb6CzvxiUpKyP30buNsIunbhuXkGbTnXJyLdNvE3Q="},"lastRemoteEphemeralKey":"BWn1jWNb6IlR0aEhejgrsP+9MshcxZ2YWX+K7f+eir5/","previousCounter":0,"rootKey":"JAfPY4CbXy1tvuoa2QRDjABsa5yfoKTlHl4Q3vm8t1c="},"indexInfo":{"baseKey":"BQboqiJEONcdyfApxDNyGEvpmCEmUIE8yoeUZCQ7TpQ3","baseKeyType":1,"closed":-1,"used":1703091794489,"created":1703091794489,"remoteIdentityKey":"BdePlYEfg/GScmSMuzKmWXghOE09QCLRYSBtXUxHDsJY"},"_chains":{"BdRZCdPxkacAHstVgV0OnzqsE4t6US6mZmkY0CT09uxZ":{"chainKey":{"counter":1,"key":"zgOvzq7nEiIo6m/a46gT5PR3EK8lAr1LTH7aSTmeQDg="},"chainType":1,"messageKeys":{}}},"pendingPreKey":{"signedKeyId":1,"baseKey":"BQboqiJEONcdyfApxDNyGEvpmCEmUIE8yoeUZCQ7TpQ3"}}},"version":"v1"}