{"_sessions":{"BZ6vqmLavanFe7TCEvBjcRv6j9/0/2TAJsV7B3QWA6Ef":{"registrationId":1270901488,"currentRatchet":{"ephemeralKeyPair":{"pubKey":"BcjG/6JCB+LwwribIaj4vI4wYdFno7S3InaUX6liIuMC","privKey":"6Kfp92IwtNTIjCgl+f0SA3n3rpDfs0GSypKI9xgLMmE="},"lastRemoteEphemeralKey":"BZ90j1FZWKrs0EVaV/zW13F58C+d5W7wRlWFMkjwWfoz","previousCounter":0,"rootKey":"EhrND3/9Xi3PRvcB4RxBGDexUhGtFG1lK7b/EWRoiik="},"indexInfo":{"baseKey":"BZ6vqmLavanFe7TCEvBjcRv6j9/0/2TAJsV7B3QWA6Ef","baseKeyType":1,"closed":-1,"used":1703091794995,"created":1703091794995,"remoteIdentityKey":"BSjGyh8WYu/97UwgGyAJsb2XpcEDTItERctZsYsNTdkm"},"_chains":{"BcjG/6JCB+LwwribIaj4vI4wYdFno7S3InaUX6liIuMC":{"chainKey":{"counter":1,"key":"WSTHU0VMipcIJcaekVwbthj9Tx0ccO7s6CIgd/bu+2Y="},"chainType":1,"messageKeys":{}}},"pendingPreKey":{"signedKeyId":1,"baseKey":"BZ6vqmLavanFe7TCEvBjcRv6j9/0/2TAJsV7B3QWA6Ef","preKeyId":7574438}}},"version":"v1"}