{"_sessions":{"BZe5fBC/YNfk/4nOEqxnVQ34s++jcPq8/YIdKEHE1hB0":{"registrationId":12584,"currentRatchet":{"ephemeralKeyPair":{"pubKey":"BWSLhAYtKXAI22K2eyAassAG4p1c25qzElY81R4azhxe","privKey":"kNfXsszR3R4cYuUUDmtRCeX9An7Ab5NZ1RCEihE2SXQ="},"lastRemoteEphemeralKey":"Bcb64VhbTkjIE8hbnjwUWWLb4W6ec42YiNe5GoZY3CBR","previousCounter":0,"rootKey":"V5lQkvRaZrUf0JCYOCq/XNYBzHE4DNO9tHqXuv1ufWw="},"indexInfo":{"baseKey":"BZe5fBC/YNfk/4nOEqxnVQ34s++jcPq8/YIdKEHE1hB0","baseKeyType":1,"closed":-1,"used":1703091794591,"created":1703091794591,"remoteIdentityKey":"BULV694INMjexT0dOsy1/G/gtWI+J3hGmHXlYKJfYUs1"},"_chains":{"BWSLhAYtKXAI22K2eyAassAG4p1c25qzElY81R4azhxe":{"chainKey":{"counter":1,"key":"PDcq44O9r795QVWl24AqKCSuaEzO8YBadhWr7P1bzWY="},"chainType":1,"messageKeys":{}}},"pendingPreKey":{"signedKeyId":1,"baseKey":"BZe5fBC/YNfk/4nOEqxnVQ34s++jcPq8/YIdKEHE1hB0"}}},"version":"v1"}