{"_sessions":{"Be3WoUPMUauQpeL2FssvpxClUu2PiEe7asDs8pUkXqRc":{"registrationId":10591,"currentRatchet":{"ephemeralKeyPair":{"pubKey":"BY0LhlEPawoBJTgmYln2BitKc7YhCEa9PL6Gl4IWTj0P","privKey":"6EUYBD3UFurl9VSIAptYbJrmTc/ABkHXyKuh7XWPFHc="},"lastRemoteEphemeralKey":"BaFyj91DzaRt7AOsdFyV4709lpYh/6dALSkETw0qJ+ox","previousCounter":0,"rootKey":"q8cZH6AiyIQrAbq7/ZlEUH8+ib9lLxzGtsWwvMtRKV8="},"indexInfo":{"baseKey":"Be3WoUPMUauQpeL2FssvpxClUu2PiEe7asDs8pUkXqRc","baseKeyType":1,"closed":-1,"used":1703091794499,"created":1703091794499,"remoteIdentityKey":"BeSN8VJHenHIrycxInpu8mGdJKGpZjeXFDji1quxa2dk"},"_chains":{"BY0LhlEPawoBJTgmYln2BitKc7YhCEa9PL6Gl4IWTj0P":{"chainKey":{"counter":1,"key":"Yk1Ga/sWvv5kXDAIZb7aA5cRTwblRuQZomneAj6zA+A="},"chainType":1,"messageKeys":{}}},"pendingPreKey":{"signedKeyId":1,"baseKey":"Be3WoUPMUauQpeL2FssvpxClUu2PiEe7asDs8pUkXqRc","preKeyId":1483}}},"version":"v1"}