{"_sessions":{"BcGcnNxJpBnu3SjEQGhWT8cTp6YLzPx1XXipCzyUCQs8":{"registrationId":731313325,"currentRatchet":{"ephemeralKeyPair":{"pubKey":"BV+KXpj8/GbVjt5tc7BflVFBcwuGxMUq1np29QWuytsV","privKey":"eAMqc/0gIQmNt3oPBgktLCVab3K563Wj4dh4Wfy6Rlg="},"lastRemoteEphemeralKey":"Bb2fJxaPdfbFgHMkeVAJE7QaRwB53P27sYHquuCqudYp","previousCounter":0,"rootKey":"Eu+N9Q1xtIXiIf+wlmJzbJlZFo5C3V69I1mWbH+wVFc="},"indexInfo":{"baseKey":"BcGcnNxJpBnu3SjEQGhWT8cTp6YLzPx1XXipCzyUCQs8","baseKeyType":1,"closed":-1,"used":1703091794801,"created":1703091794801,"remoteIdentityKey":"BRU0aDBg7Nvgs7gIJ9PNFDcIIe915V4qAG7nikhGwyxc"},"_chains":{"BV+KXpj8/GbVjt5tc7BflVFBcwuGxMUq1np29QWuytsV":{"chainKey":{"counter":1,"key":"CsVUQJTdtevqviMnXxdIwPBsg/I+Yhdtfl/wjD1z87I="},"chainType":1,"messageKeys":{}}},"pendingPreKey":{"signedKeyId":1,"baseKey":"BcGcnNxJpBnu3SjEQGhWT8cTp6YLzPx1XXipCzyUCQs8","preKeyId":16649365}}},"version":"v1"}