{"_sessions":{"BYaweR1OQooIJkdGgSwrnbkjIBqREW1DowBcXhvQ5TRs":{"registrationId":244027590,"currentRatchet":{"ephemeralKeyPair":{"pubKey":"BXFC729n43Q89Y/pNn6PrqPHlcJ4GSImVj4M36SxAxN0","privKey":"+KX3xJQn9R2UMht6hn7Gn6H916tFbdT+oYbMXLost1c="},"lastRemoteEphemeralKey":"BQ7GEW6TVxgbOeGFFBajwZJtSEIKM5iA2uNyMHVfOiow","previousCounter":4,"rootKey":"/+mpwWJhSLXVcT74VqU8xf3EIGEnZlpFGyrxxQbKGzw="},"indexInfo":{"baseKey":"BYaweR1OQooIJkdGgSwrnbkjIBqREW1DowBcXhvQ5TRs","baseKeyType":2,"closed":-1,"used":1703113020468,"created":1703087962711,"remoteIdentityKey":"BWutWX4qBszyep9Kp58TEHgD497Ig2UB39Bk+FfecnsQ"},"_chains":{"BQpgnDMVmSUdq97g9ED7ionpSQeJ5GGMuZd+VeWgHqVk":{"chainKey":{"counter":0},"chainType":2,"messageKeys":{}},"BY/kx4+3YZowHxE4SG4tQViCJ0WMlZNtdfFk2joy2hYH":{"chainKey":{"counter":0},"chainType":2,"messageKeys":{}},"BaZnX8OjBQhdPaFJRmfpjeTnLHHixwIn4BXAZw7ijgsy":{"chainKey":{"counter":3},"chainType":2,"messageKeys":{}},"BdpJ8nrFtxRZCR5PWYXhMxWn13KeB/OZ6u9v4KzbRYJN":{"chainKey":{"counter":0},"chainType":2,"messageKeys":{}},"BXFl9snAaZiiuooOja0gDY6tJyxkzdgb2DuWd4gkfaQl":{"chainKey":{"counter":0},"chainType":2,"messageKeys":{}},"Bauje2q1xW9U9Q/90InZbktoeZsq4cbZLkQqwOGqXphq":{"chainKey":{"counter":1},"chainType":2,"messageKeys":{}},"BcFI3Wf3PLaYGa4i/5O/cnuUB0Zioqapj+3zgQ/WoEIR":{"chainKey":{"counter":5},"chainType":2,"messageKeys":{}},"BXM3mKWTWlWTuMxbkjFfUwwdlBZEaYyX7mr9X2D3kplP":{"chainKey":{"counter":1},"chainType":2,"messageKeys":{}},"BccmnFVAn+9qg854dfU2UB26EfDK5vimwgm5ex4lOEk7":{"chainKey":{"counter":0},"chainType":2,"messageKeys":{}},"BafYppEbJQAgNKz8jHddMDztyq29wVg9Ibb3HjmWvC9V":{"chainKey":{"counter":1},"chainType":2,"messageKeys":{}},"BQ7GEW6TVxgbOeGFFBajwZJtSEIKM5iA2uNyMHVfOiow":{"chainKey":{"counter":0,"key":"UU8j33nl9i5Yxik7T7z4nvBdEkFJ5jEj1SdPFObHVVY="},"chainType":2,"messageKeys":{}},"BXFC729n43Q89Y/pNn6PrqPHlcJ4GSImVj4M36SxAxN0":{"chainKey":{"counter":3,"key":"fzuUonaR8SEcLAg0iwCraFz5MwCo450EPOpFzqWTSuw="},"chainType":1,"messageKeys":{}}}}},"version":"v1"}