{"_sessions":{"BWszDoJTEp0l1f8+GVUvsMw2VdDoCeEmgRRZErn3sgp/":{"registrationId":1336,"currentRatchet":{"ephemeralKeyPair":{"pubKey":"BX8XMVBBVM1+Zpr5R+CMwtTYl491SxuVkU9AGB3V/TgF","privKey":"MHYZNJcCwKUZYRCQ9fWjPOqJ5SVzGuqOgI8AKlHzPFE="},"lastRemoteEphemeralKey":"BeT07gf3nUnSlWcMobGO6K1+okFcNnpfYITfzPel8FR6","previousCounter":0,"rootKey":"xo4Omep7HBpu31ZU2i4g4m13cziqkh5eJ5D2de+vSDc="},"indexInfo":{"baseKey":"BWszDoJTEp0l1f8+GVUvsMw2VdDoCeEmgRRZErn3sgp/","baseKeyType":1,"closed":-1,"used":1703091794498,"created":1703091794498,"remoteIdentityKey":"BZ7xHbYtpyIovSGIBefYZelqAypBYNhGpJm2YQrgx+hE"},"_chains":{"BX8XMVBBVM1+Zpr5R+CMwtTYl491SxuVkU9AGB3V/TgF":{"chainKey":{"counter":1,"key":"b3qAXaDq5rB9GFAxhF28INL4Z/1FZ5z0wonbdkktfh4="},"chainType":1,"messageKeys":{}}},"pendingPreKey":{"signedKeyId":1,"baseKey":"BWszDoJTEp0l1f8+GVUvsMw2VdDoCeEmgRRZErn3sgp/","preKeyId":418}}},"version":"v1"}