{"_sessions":{"BRXyvwRlmKakg2+JO+xTFzItdzkKtDUJGLdJ+txHLpFq":{"registrationId":2064230089,"currentRatchet":{"ephemeralKeyPair":{"pubKey":"BU0+Nx+MFz3W9m0TQGd9v6/v3puql8hUmCNhllVJsvZu","privKey":"MMM+wkyrrL5bX6PZRGrIDR00BIc6RREwR7tKJawV0kQ="},"lastRemoteEphemeralKey":"BZ3nIh8aLX05LZytfX0BkX4PsYxujzS/Q4doEhzxnSx3","previousCounter":0,"rootKey":"rqOzBBTHkLFfhf0ric5guWV5u5GAbDCiNt8cy2phznc="},"indexInfo":{"baseKey":"BRXyvwRlmKakg2+JO+xTFzItdzkKtDUJGLdJ+txHLpFq","baseKeyType":1,"closed":-1,"used":1703091794788,"created":1703091794788,"remoteIdentityKey":"Bdzr5Y5xWQIZFdtrbnrYz8We3BrUj2ePQJlQ2NQkwBZD"},"_chains":{"BU0+Nx+MFz3W9m0TQGd9v6/v3puql8hUmCNhllVJsvZu":{"chainKey":{"counter":1,"key":"bIu3a1I1mxDFHKs85dHM1LLFNxr3UNT1uVwGTtu8dTM="},"chainType":1,"messageKeys":{}}},"pendingPreKey":{"signedKeyId":0,"baseKey":"BRXyvwRlmKakg2+JO+xTFzItdzkKtDUJGLdJ+txHLpFq"}}},"version":"v1"}