{"_sessions":{"BVi6/OnCil/sxFHU8En1rPszRBA99zgf7KyJioljwZAj":{"registrationId":316502806,"currentRatchet":{"ephemeralKeyPair":{"pubKey":"BTe99w1x74g8Qje3qDQIQ1h9q7JDvxGGxblAZ8T6bSM9","privKey":"UExiv02DbRoje8ZddZLPi7ZMOJEJKCeWRcqvgp+7fGM="},"lastRemoteEphemeralKey":"BccN8pJ+Ts08UNE2DGepqI6I4GQrzU327SRQbMd3XZdL","previousCounter":0,"rootKey":"+HBxGHMwCG2Xh3uor7UYZbZUciu9XaICZwnotenaoig="},"indexInfo":{"baseKey":"BVi6/OnCil/sxFHU8En1rPszRBA99zgf7KyJioljwZAj","baseKeyType":1,"closed":-1,"used":1703091794613,"created":1703091794613,"remoteIdentityKey":"Bf7YNpynTbik/set17ZnSvm6AXqqN4C0v9gm2/gqtZRI"},"_chains":{"BTe99w1x74g8Qje3qDQIQ1h9q7JDvxGGxblAZ8T6bSM9":{"chainKey":{"counter":1,"key":"+fiX03lH8K0lQISV2alFjavWLAetrVepeFe7IjPoYUs="},"chainType":1,"messageKeys":{}}},"pendingPreKey":{"signedKeyId":5,"baseKey":"BVi6/OnCil/sxFHU8En1rPszRBA99zgf7KyJioljwZAj","preKeyId":3573903}}},"version":"v1"}