{"_sessions":{"BaHVVrAMC+N2jikCQd98Y0Z0amL/KAtljHeEClfoA7VD":{"registrationId":126,"currentRatchet":{"ephemeralKeyPair":{"pubKey":"BTU8iTTkay7s+iIrAwJxuq4XHMf9t42SpG4sSj9lI1tW","privKey":"ONaUdwnzOnapmQlnZ5xC1+MxVc61Rj6K4K/u2rKVMGA="},"lastRemoteEphemeralKey":"BcBNZ4lkP17bKdDzTVUrBBeroQscqRHI0Vr4bZN4EUYr","previousCounter":0,"rootKey":"OnjloNOyq8i/1Uwp+QJ6gz8amkYnK2Pj2sB1JZfggQQ="},"indexInfo":{"baseKey":"BaHVVrAMC+N2jikCQd98Y0Z0amL/KAtljHeEClfoA7VD","baseKeyType":2,"closed":-1,"used":1703088006526,"created":1703088006526,"remoteIdentityKey":"Bb8yOnu9apAFmzB94iorBu7M3ZngGrPt2M0/l6CjtcMO"},"_chains":{"BcBNZ4lkP17bKdDzTVUrBBeroQscqRHI0Vr4bZN4EUYr":{"chainKey":{"counter":21,"key":"YevO1kiHj94+ezXdOeHspc1wbiUeiJIPcH4qsWvuRKw="},"chainType":2,"messageKeys":{}},"BTU8iTTkay7s+iIrAwJxuq4XHMf9t42SpG4sSj9lI1tW":{"chainKey":{"counter":1,"key":"MBjVVJlci3AjJMyKVMF5n4D+22yIIBn/9bfxrmfbc78="},"chainType":1,"messageKeys":{}}}}},"version":"v1"}