{"_sessions":{"BZUVgViP5GkldiJa2K6riRhhQqT2kxPQaxPlrIfzsUA3":{"registrationId":979822720,"currentRatchet":{"ephemeralKeyPair":{"pubKey":"BZ/TZqn/9U8rb0hZdo83wb7i2ehG1VwIKCb/9mqO27p6","privKey":"8IVWOR0x6KhyntANZAOI04enKKNW3cI7zMw/8664a0g="},"lastRemoteEphemeralKey":"BTHA7MiADMck0ARS6bohjdUWGlllzu0xFSqiGuRkZZ0t","previousCounter":0,"rootKey":"uGwPwGVUOhFRjkRHWJ9kbrseUOFKH0L9LATpDKHoQd4="},"indexInfo":{"baseKey":"BZUVgViP5GkldiJa2K6riRhhQqT2kxPQaxPlrIfzsUA3","baseKeyType":1,"closed":-1,"used":1703091794895,"created":1703091794895,"remoteIdentityKey":"Bd0iYaMhFL7ZvypJ5FEBFDanW4edhQyqZZQ7N/kwUIZF"},"_chains":{"BZ/TZqn/9U8rb0hZdo83wb7i2ehG1VwIKCb/9mqO27p6":{"chainKey":{"counter":1,"key":"641ikKyRV6jbOqzPLVRjPFhTv4mwAqwpy2U8ACPQN0s="},"chainType":1,"messageKeys":{}}},"pendingPreKey":{"signedKeyId":22,"baseKey":"BZUVgViP5GkldiJa2K6riRhhQqT2kxPQaxPlrIfzsUA3","preKeyId":1075609}}},"version":"v1"}