{"_sessions":{"BbGWNPNFgSVm2DNr1eeDUOho78xqC0/JzOwYBYxiGPIZ":{"registrationId":1007440508,"currentRatchet":{"ephemeralKeyPair":{"pubKey":"Ba17YCL4rczBSQkvDJJGueZTsxK9LdQoRvHVzKGO9ndu","privKey":"UJ5A39OSr8qGkZs/HkI04tT92V7JEQWeneNMrqJlpkc="},"lastRemoteEphemeralKey":"BV/+YbSkBNERcwsg5X51LdZ5RgCSsOHBfcPc8x/+Kdp/","previousCounter":0,"rootKey":"kJu45QJOuiNQxL9y6JRrzZ+K4DBYlehpEr5/Nb/N2CQ="},"indexInfo":{"baseKey":"BbGWNPNFgSVm2DNr1eeDUOho78xqC0/JzOwYBYxiGPIZ","baseKeyType":1,"closed":-1,"used":1703091794985,"created":1703091794985,"remoteIdentityKey":"BYiIVqTN7tWqw4QW4MheIOTc8Zlx987B+q44GmH61VwH"},"_chains":{"Ba17YCL4rczBSQkvDJJGueZTsxK9LdQoRvHVzKGO9ndu":{"chainKey":{"counter":1,"key":"sOg2CgJnnvSQfY91ZJ008ht5DmnmT5s65mCmnT/nKo8="},"chainType":1,"messageKeys":{}}},"pendingPreKey":{"signedKeyId":8,"baseKey":"BbGWNPNFgSVm2DNr1eeDUOho78xqC0/JzOwYBYxiGPIZ","preKeyId":1043788}}},"version":"v1"}