{"_sessions":{"Bbe/S6ua0zsiao6RuoliKMvGwTdGTBCxRHRkdSW7wMpe":{"registrationId":217,"currentRatchet":{"ephemeralKeyPair":{"pubKey":"BfCFt0blbHgMaCSxDBe3bo7AKbGtoJNBlqrrgZ0/BD83","privKey":"QMCfkgx15DKB0jyx3P13X7BbPaz+RVhj1EFDQiXYLVk="},"lastRemoteEphemeralKey":"BRvYSBAYoyACw7AJwqjDekwttDWcp7n0LYD1kBIIAY0l","previousCounter":0,"rootKey":"RcEPBYa+qgiQw5V3x1rDkuPb/93uW0EN8M3Tb+6b/04="},"indexInfo":{"baseKey":"Bbe/S6ua0zsiao6RuoliKMvGwTdGTBCxRHRkdSW7wMpe","baseKeyType":2,"closed":1703109672969,"used":1703100927218,"created":1703100927218,"remoteIdentityKey":"Bfxrj5ksWoiS5vFVZX6uWLGSNM3rFGQNYoN0N18m6hUR"},"_chains":{"BRvYSBAYoyACw7AJwqjDekwttDWcp7n0LYD1kBIIAY0l":{"chainKey":{"counter":0,"key":"siBm8Qh/P9vmxO/r0fULl4KsZotGgVyDVHP9P7vUZmY="},"chainType":2,"messageKeys":{}},"BfCFt0blbHgMaCSxDBe3bo7AKbGtoJNBlqrrgZ0/BD83":{"chainKey":{"counter":-1,"key":"XHTQnHzECOGof3mRBnHnOEJYV9cpc9j1PP75ljSjDik="},"chainType":1,"messageKeys":{}}}},"BTDyBkGBAhIHhP8afYnHu7kqsA4C6ztHWqi08LJc2cl4":{"registrationId":217,"currentRatchet":{"ephemeralKeyPair":{"pubKey":"BcdSJp9uY84txdxpnPp7d5B43vJcLZDTf85vV2e66L4e","privKey":"IKagc2bvdbQiMUAThYRIBRkl3Ra70w/2fDxgnvxw02g="},"lastRemoteEphemeralKey":"BTzwCjMZ7DwsFMyPWJ/iWjBlcIibqNalnrfQVx3EMFo7","previousCounter":0,"rootKey":"mXYLOaMy5s2b06zOAfiRgLWBiTGROXKsM04qBPOJDP8="},"indexInfo":{"baseKey":"BTDyBkGBAhIHhP8afYnHu7kqsA4C6ztHWqi08LJc2cl4","baseKeyType":2,"closed":-1,"used":1703109672969,"created":1703109672969,"remoteIdentityKey":"Bfxrj5ksWoiS5vFVZX6uWLGSNM3rFGQNYoN0N18m6hUR"},"_chains":{"BTzwCjMZ7DwsFMyPWJ/iWjBlcIibqNalnrfQVx3EMFo7":{"chainKey":{"counter":1,"key":"gvvx03HfxU8sD/qCZGPvZp4tvExNS5M7Xl25z/t4JuA="},"chainType":2,"messageKeys":{}},"BcdSJp9uY84txdxpnPp7d5B43vJcLZDTf85vV2e66L4e":{"chainKey":{"counter":-1,"key":"cAOu5FQ90W4NAWblYAwO6C5aD9tcemnfivz4nLodyAU="},"chainType":1,"messageKeys":{}}}}},"version":"v1"}