{"_sessions":{"Bfi0liUhbMoToYYd05j4b9D4qJZX0IS+T9nSvNEeEFcS":{"registrationId":382353030,"currentRatchet":{"ephemeralKeyPair":{"pubKey":"BQ2LYasvm5j9cBdEpx1BR4vph685YmzDEbTSqIGf/ns0","privKey":"MLCIwJV2Xg/HtHqRFv+mKdyVxAOCtclO0WftCqbvfkY="},"lastRemoteEphemeralKey":"BaOk5nDxAqbGKKueS4GcWy2vvaLOJpSWD6VzxNuwDZ1+","previousCounter":0,"rootKey":"9QDAsci9M2X6wTBKijgnOfIHEyUjghPI8xZEyXKZN+w="},"indexInfo":{"baseKey":"Bfi0liUhbMoToYYd05j4b9D4qJZX0IS+T9nSvNEeEFcS","baseKeyType":1,"closed":-1,"used":1703091794917,"created":1703091794917,"remoteIdentityKey":"BZ8IjqeX6FhIXQs9YpGODCV6/OKDFBiPrkBj63VRNpA/"},"_chains":{"BQ2LYasvm5j9cBdEpx1BR4vph685YmzDEbTSqIGf/ns0":{"chainKey":{"counter":1,"key":"PoapjF1w/XzminGYwvS0j1W5fDLOmG3UfXCoFYaM2Y4="},"chainType":1,"messageKeys":{}}},"pendingPreKey":{"signedKeyId":2,"baseKey":"Bfi0liUhbMoToYYd05j4b9D4qJZX0IS+T9nSvNEeEFcS","preKeyId":7424207}}},"version":"v1"}