{"_sessions":{"BZvZdZp/2JeB+AIqr03SLUuegUq3t9+WqIwxR7n8e4gI":{"registrationId":258096904,"currentRatchet":{"ephemeralKeyPair":{"pubKey":"BYOzhj5BzkspvLyO29xvVypdNimxWPIOYUuJcGjHuysF","privKey":"6CIOu435OFamfPmNbotLDGejM/u4cSpdiZTxG5OrWEw="},"lastRemoteEphemeralKey":"BdnZhWrw2cqY1aWXonyGb4QncMZfSuFyv1Fd/eEIbQdf","previousCounter":0,"rootKey":"ctVPNozw1F4TycxMDnqLzVXz5T6lP0PO94rxHFEvsps="},"indexInfo":{"baseKey":"BZvZdZp/2JeB+AIqr03SLUuegUq3t9+WqIwxR7n8e4gI","baseKeyType":1,"closed":-1,"used":1703091794609,"created":1703091794609,"remoteIdentityKey":"BWYF02CbpWIT5nphJvkGFFXYUSzzsw2YZWO0cl+LeQoZ"},"_chains":{"BYOzhj5BzkspvLyO29xvVypdNimxWPIOYUuJcGjHuysF":{"chainKey":{"counter":1,"key":"ZUpQjcPlVNbyeKTz+QD4Wzb2+OqgjZMDINyqeThO3Fg="},"chainType":1,"messageKeys":{}}},"pendingPreKey":{"signedKeyId":1,"baseKey":"BZvZdZp/2JeB+AIqr03SLUuegUq3t9+WqIwxR7n8e4gI"}}},"version":"v1"}