{"_sessions":{"BdHC9of2nSurVoGmFGynOFqXrrX4tSFnUNisneh58usr":{"registrationId":1614061752,"currentRatchet":{"ephemeralKeyPair":{"pubKey":"BSdLFC8EorixeeXjMMIs2a6MnYMba1kQN3uTNvmZmNIF","privKey":"mHuAt1w+8tCLLWjyDWYqnII1jgAmlr1Cknznz7oVdGI="},"lastRemoteEphemeralKey":"BXufE3A4X/b73U1YFoq7Uh7JtJsJpKZ0rRpqqTFAf8gd","previousCounter":0,"rootKey":"THo0eLS8RSXZzH/2v7g3GETIg1ckv+vJBHCb4fKYP0s="},"indexInfo":{"baseKey":"BdHC9of2nSurVoGmFGynOFqXrrX4tSFnUNisneh58usr","baseKeyType":2,"closed":-1,"used":1703107406180,"created":1703107406180,"remoteIdentityKey":"BRwE22MCD6eaurAnpSH1urkcoSpiIqKrN3rJwqa5rRo3"},"_chains":{"BXufE3A4X/b73U1YFoq7Uh7JtJsJpKZ0rRpqqTFAf8gd":{"chainKey":{"counter":1,"key":"mkOJnlExNDqhsC7jL/jK0Uh3XnIFi5Nn3ktOUp1kxXE="},"chainType":2,"messageKeys":{"0":"W2ZE2oRz+vwxk5DYFQgtVeuuEnAEIemkDn7MER1+gBE="}},"BSdLFC8EorixeeXjMMIs2a6MnYMba1kQN3uTNvmZmNIF":{"chainKey":{"counter":-1,"key":"FI9RpykKm4doYDlQF6CZKwBDeQjG3/p7KjoINoJIgXw="},"chainType":1,"messageKeys":{}}}}},"version":"v1"}