{"_sessions":{"BdaVfholIyVjWN3k88+bsNKZBLPXsn71kEQfp/TcLtwu":{"registrationId":1956284325,"currentRatchet":{"ephemeralKeyPair":{"pubKey":"BVe8bAXbRv1LSER6Tk9DUTQq3nnQryO4tIsMA8pA1Utz","privKey":"SNf8mCPdbd2e74az371uXwsyIV+iCslfUOWTkybO3lU="},"lastRemoteEphemeralKey":"BWwDMzMrq2IhXnB2u5XzJ83rDL1t89A4J8vMAKT+NwxU","previousCounter":0,"rootKey":"AWCj7huxNeAdjaNNUzJ4W2YGuyx91gUAEk/tBOt8psE="},"indexInfo":{"baseKey":"BdaVfholIyVjWN3k88+bsNKZBLPXsn71kEQfp/TcLtwu","baseKeyType":1,"closed":-1,"used":1703091794799,"created":1703091794799,"remoteIdentityKey":"BZ4b2/Z2+CKLJUziPh7uzaZIZ2H163UmjBZZi/EjuU1x"},"_chains":{"BVe8bAXbRv1LSER6Tk9DUTQq3nnQryO4tIsMA8pA1Utz":{"chainKey":{"counter":1,"key":"3zmV6YaJCIYvTNOMMCZR67ehKqRe4U0N4QHLeDcuLNU="},"chainType":1,"messageKeys":{}}},"pendingPreKey":{"signedKeyId":2,"baseKey":"BdaVfholIyVjWN3k88+bsNKZBLPXsn71kEQfp/TcLtwu"}}},"version":"v1"}