{"_sessions":{"BfchfqFbQODUhuHDhmOT1Erh4fLsmSf2uG5ezRuUjqwm":{"registrationId":2126633317,"currentRatchet":{"ephemeralKeyPair":{"pubKey":"BYxNdJ11Pomnmqzf3obJNNukbJaTAxM9msrtR9Z24DRB","privKey":"mNJT5ytoLAlidcL95undkKVjRx7ce6j2zdD5zcLkIEY="},"lastRemoteEphemeralKey":"BQ6iO27AGIpKiOfZ1Te5adeE0hZcJui/IHJPBHB0qGgZ","previousCounter":0,"rootKey":"jiwzQkPz+5fLPXG6NhXNm0fCnhg94haFfWB1w7BQwtU="},"indexInfo":{"baseKey":"BfchfqFbQODUhuHDhmOT1Erh4fLsmSf2uG5ezRuUjqwm","baseKeyType":2,"closed":-1,"used":1703089495803,"created":1703089495803,"remoteIdentityKey":"BeEYZSvNdmTMz14udeWtqJjvh0OUmpi+iermYv8n6/4p"},"_chains":{"BQ6iO27AGIpKiOfZ1Te5adeE0hZcJui/IHJPBHB0qGgZ":{"chainKey":{"counter":0,"key":"aMLyULsTJbtxuRGV8ldJxoum/+vh5xVXNlE+oMG9OwM="},"chainType":2,"messageKeys":{}},"BYxNdJ11Pomnmqzf3obJNNukbJaTAxM9msrtR9Z24DRB":{"chainKey":{"counter":1,"key":"/aYZRhugB4XsclCGNCBvi5ms7tNtZ/zIDkXaKZdroiI="},"chainType":1,"messageKeys":{}}}}},"version":"v1"}