{"_sessions":{"BQZlUudj5P+ZllY/S38a2Zmw6kHx9K5/jph+KoJc/X1c":{"registrationId":996238869,"currentRatchet":{"ephemeralKeyPair":{"pubKey":"BZJasuzwt9dtiBLcuVSUbAuwIqjeONKVJZ+jdAmL7fhQ","privKey":"SCPzICi9R+OmBYcIPtE8LdgwC05b2tOTm8ZYrFxF5Hk="},"lastRemoteEphemeralKey":"Bc/rP5wQmOsZEIWXKz8RKdLqd7bG0zUNeoOOtvKlh+p/","previousCounter":0,"rootKey":"JPgkmUqFhPsRshuXApxamh2mnn8YLMl4h36kbntfi20="},"indexInfo":{"baseKey":"BQZlUudj5P+ZllY/S38a2Zmw6kHx9K5/jph+KoJc/X1c","baseKeyType":1,"closed":-1,"used":1703091795120,"created":1703091795120,"remoteIdentityKey":"BRMBZhxk/eGDfmlRKTPcGqPHZvxuOBW3Mu4MiY0hTjdH"},"_chains":{"BZJasuzwt9dtiBLcuVSUbAuwIqjeONKVJZ+jdAmL7fhQ":{"chainKey":{"counter":1,"key":"lq+AOIYJCAr6kgfrjWuY9SCTklT+n3fIxeNOWrrTqxM="},"chainType":1,"messageKeys":{}}},"pendingPreKey":{"signedKeyId":9,"baseKey":"BQZlUudj5P+ZllY/S38a2Zmw6kHx9K5/jph+KoJc/X1c","preKeyId":11387048}}},"version":"v1"}