{"_sessions":{"Bcw0iRcIrZcZnxR/5S/IdJGeD1poGRMtNAmlzOOrJu81":{"registrationId":784926797,"currentRatchet":{"ephemeralKeyPair":{"pubKey":"BYd0vWKlx1rd20dfv3+EyK/Brt8T9zNVFkrtRrJyZo81","privKey":"ECfHxhJFT+azJzbgA6JMUOUo4qkDUQp3OXH6XxeLGX8="},"lastRemoteEphemeralKey":"BXkhk2ozm/LwqAJWOmxXIp34o8GkkeWstAPIBPbHSYlF","previousCounter":0,"rootKey":"a+VKGE2+eSuy5AxvBc8B2E9CunMAgVF6ooaqncpM68A="},"indexInfo":{"baseKey":"Bcw0iRcIrZcZnxR/5S/IdJGeD1poGRMtNAmlzOOrJu81","baseKeyType":2,"closed":-1,"used":1703086349211,"created":1703086349211,"remoteIdentityKey":"BWK/BbbDmrtqETIZn8wNXAyFDSlI+DyxVS0YleTmG7JJ"},"_chains":{"BXkhk2ozm/LwqAJWOmxXIp34o8GkkeWstAPIBPbHSYlF":{"chainKey":{"counter":0,"key":"cGUI/VNiluI1jbgEszuN3W6E6iD6EGh3SIN3kUojC0g="},"chainType":2,"messageKeys":{}},"BYd0vWKlx1rd20dfv3+EyK/Brt8T9zNVFkrtRrJyZo81":{"chainKey":{"counter":1,"key":"D4MaoI0SIfqwL6rpU61yHjDcAQQ4H4aeMs/ng5AE2fM="},"chainType":1,"messageKeys":{}}}}},"version":"v1"}