{"_sessions":{"BT+cdC4LLmN+VaXggSkO0MXnhlj/cCGqD/4RkT15U51N":{"registrationId":1187954392,"currentRatchet":{"ephemeralKeyPair":{"pubKey":"BXtWv5XWDBkdN3/wQ3urF67/ytD4EbZZ4GdRH5eCTkgU","privKey":"qA7OlITxes66ymn03g/4dtV4jaE+PedMKh/pDbRGz20="},"lastRemoteEphemeralKey":"BYl2ADE+i5nwFHp5dAlOwtLkUjZaDExsbrwaBfhiBs86","previousCounter":0,"rootKey":"ftj/mNerJpSteCqHk/iirl7qD/6rHccPRnvFQFWzVsM="},"indexInfo":{"baseKey":"BT+cdC4LLmN+VaXggSkO0MXnhlj/cCGqD/4RkT15U51N","baseKeyType":1,"closed":-1,"used":1703091794787,"created":1703091794787,"remoteIdentityKey":"BSWaS3wZfegeMk+CDHT1ejZfB9OrACxwZf1VQldpnN5U"},"_chains":{"BXtWv5XWDBkdN3/wQ3urF67/ytD4EbZZ4GdRH5eCTkgU":{"chainKey":{"counter":1,"key":"Oyyn6SGuB+xhw74plce0BCssgk7g55VSbofICQ+Qom0="},"chainType":1,"messageKeys":{}}},"pendingPreKey":{"signedKeyId":17,"baseKey":"BT+cdC4LLmN+VaXggSkO0MXnhlj/cCGqD/4RkT15U51N","preKeyId":13796185}}},"version":"v1"}