{"_sessions":{"BRscZuvIWWQGoac+p5AMBiIgIg4TAfuZ7SUR/y+b8dN9":{"registrationId":89194049,"currentRatchet":{"ephemeralKeyPair":{"pubKey":"BfiONRWcfBDumGFE6l7BdzsClk5qwHFUVN4d3GAeqHEy","privKey":"kCrRmJl3PoJR5qtFLa9I8tzBQ8CWKJlqs47VLn/OOHM="},"lastRemoteEphemeralKey":"BVk2YU5SPXnSJRaoeVw9ZL7czQWtsqU6OF/VuJGaelsU","previousCounter":1,"rootKey":"iXadeE5oOoPYEazYO0oq82lf2wpiUmnt49JLxFZgmns="},"indexInfo":{"baseKey":"BRscZuvIWWQGoac+p5AMBiIgIg4TAfuZ7SUR/y+b8dN9","baseKeyType":2,"closed":-1,"used":1703114167079,"created":1703083738920,"remoteIdentityKey":"BTM5JFo6XOS0TmHAoHnSByHYgQFoAFoe/ka2ImT5i90Y"},"_chains":{"BTrxyzxmmtd/8hdKJHGuQxFZVq0pXt/b7mRxybWgoj1N":{"chainKey":{"counter":17},"chainType":2,"messageKeys":{}},"BR2r4uX1/hmABpfu2SEVSaI+l7/kuLOOEOvMUMvtzBgC":{"chainKey":{"counter":0},"chainType":2,"messageKeys":{}},"Ba6j86ieJ21n7Zytm3veG8hacDLEoMpk8E7nD9pOCaMO":{"chainKey":{"counter":0},"chainType":2,"messageKeys":{}},"BSeAbKqxQvtrFwtHLBB4hlS95IFN/QYs3C3jXx5yante":{"chainKey":{"counter":0},"chainType":2,"messageKeys":{}},"BTI/qzyq5DaJGNAbofF5WhHdbfAwJ/seds87c1R0C7sn":{"chainKey":{"counter":0},"chainType":2,"messageKeys":{}},"BWQaTXN/D7mbG2HWqTQsFeWbXNaf8FDGniE3grHU63Q+":{"chainKey":{"counter":0},"chainType":2,"messageKeys":{}},"BaNNi8pq7awkCUUG+7/crlbGnS3xIX42iN5Bw/i9hzl5":{"chainKey":{"counter":0},"chainType":2,"messageKeys":{}},"BYBYoOo3R6UbJqCi6ROaPTd+Pv6yJYMv6Ta9d8AeBQw1":{"chainKey":{"counter":0},"chainType":2,"messageKeys":{}},"BWyKd9jLjEXhqIhrFcje876kkRNgDLVQwPBBTUhozW10":{"chainKey":{"counter":0},"chainType":2,"messageKeys":{}},"BRtXevaiBAXkQg+GIBh3onOTpp4fetMgIfLhZoj/b89z":{"chainKey":{"counter":0},"chainType":2,"messageKeys":{}},"BVk2YU5SPXnSJRaoeVw9ZL7czQWtsqU6OF/VuJGaelsU":{"chainKey":{"counter":0,"key":"wMyV0TCKIuxkYLCk3xd/5p97QHiGPI9NJZmvMcpF7T0="},"chainType":2,"messageKeys":{}},"BfiONRWcfBDumGFE6l7BdzsClk5qwHFUVN4d3GAeqHEy":{"chainKey":{"counter":1,"key":"fCNoprhTYu15EKHMC3EFCnmbiKgChiu80OyMgCd1JZk="},"chainType":1,"messageKeys":{}}}}},"version":"v1"}