{"_sessions":{"BavXMtr23R4LZIgkraz34PuQEXYk1Nnv2W/NQQkfWrc6":{"registrationId":512036186,"currentRatchet":{"ephemeralKeyPair":{"pubKey":"BZs70fpiuuVOtgL14O6lO6Po5vB98qiCr96FPtTb4Who","privKey":"MMLcPNGKh27h0SIzqU/D+kCM98RAVPkjHwB48/U1aHY="},"lastRemoteEphemeralKey":"BZi3ftTm0K9yAe+CjP7Y57ZrZkcVg4KvQen2GbBjOmUh","previousCounter":0,"rootKey":"U1+EFJGvGc/JW2IZxA4h2TSE2iAziFQm0dbToksIB20="},"indexInfo":{"baseKey":"BavXMtr23R4LZIgkraz34PuQEXYk1Nnv2W/NQQkfWrc6","baseKeyType":1,"closed":-1,"used":1703091794684,"created":1703091794684,"remoteIdentityKey":"BSVYnhxvdmCung3gusGzTbzoys5pWwE+eKm0Ort7L3A+"},"_chains":{"BZs70fpiuuVOtgL14O6lO6Po5vB98qiCr96FPtTb4Who":{"chainKey":{"counter":1,"key":"yaGPJZeriPavmqlubisqVFALU4+OR+jPG9GrwLHi2C8="},"chainType":1,"messageKeys":{}}},"pendingPreKey":{"signedKeyId":0,"baseKey":"BavXMtr23R4LZIgkraz34PuQEXYk1Nnv2W/NQQkfWrc6","preKeyId":16553725}}},"version":"v1"}