{"_sessions":{"BfUDlSehZz61eD/aswesRS0H2LEjPs9u/+0zUtseG+8v":{"registrationId":1043079984,"currentRatchet":{"ephemeralKeyPair":{"pubKey":"BQNdhxvtiiPQXiqjQECGe3K0nvzawSC7CLFKLRPr8tJ9","privKey":"GPW4FzgPj4U+8OfHEQ1GwDP8/swDzcGvHpUGsif/1mc="},"lastRemoteEphemeralKey":"Bf9b4s06aL1NMtH5Rbuvi4e4CAVRzqYEpgdyWfTpnFAm","previousCounter":0,"rootKey":"dJX1fjMu9JhRlmpsLHYVjgb4nY5suRe5Do853shlvFM="},"indexInfo":{"baseKey":"BfUDlSehZz61eD/aswesRS0H2LEjPs9u/+0zUtseG+8v","baseKeyType":1,"closed":-1,"used":1703091795096,"created":1703091795096,"remoteIdentityKey":"BYfW3aHyjhlMTCuMWQ1IrdI7GS/B63yBbx43KLN0gf58"},"_chains":{"BQNdhxvtiiPQXiqjQECGe3K0nvzawSC7CLFKLRPr8tJ9":{"chainKey":{"counter":1,"key":"ht34gUnsewK1Hzw0raI5cq4ZES3wUKW31yrjLnnYnNc="},"chainType":1,"messageKeys":{}}},"pendingPreKey":{"signedKeyId":2,"baseKey":"BfUDlSehZz61eD/aswesRS0H2LEjPs9u/+0zUtseG+8v","preKeyId":716196}}},"version":"v1"}