{"_sessions":{"Bbh1IfIsv6mNVcdYDP0L3Lp4L5zEH/AsYF1KQJOiXgYe":{"registrationId":4512,"currentRatchet":{"ephemeralKeyPair":{"pubKey":"BYfrrBqT08Bla52WuVK73e97COFFN8jJQyrSSXVpFZwi","privKey":"CCxZU1HtLEPTbmjZKtENlu7P2lSLpNyrw/6T6qb4xEY="},"lastRemoteEphemeralKey":"BeGWocm9LOCZ5WfPWlmD6SFIe2H8WvaLljzSorJZmF4R","previousCounter":0,"rootKey":"LURZOgMIQP5EbhuDIgOdoLyChids/1QqwYxpMPCC0rc="},"indexInfo":{"baseKey":"Bbh1IfIsv6mNVcdYDP0L3Lp4L5zEH/AsYF1KQJOiXgYe","baseKeyType":1,"closed":-1,"used":1703113036543,"created":1703113036543,"remoteIdentityKey":"Bep4S7ZGOLSxXk//tMpVzrSNhbR3toCVoiwDGBsDJgQR"},"_chains":{"BYfrrBqT08Bla52WuVK73e97COFFN8jJQyrSSXVpFZwi":{"chainKey":{"counter":0,"key":"hSz86vz4BcvwDRz78WTlJi6d7xP4sJjmTC+Se66apGw="},"chainType":1,"messageKeys":{}}},"pendingPreKey":{"signedKeyId":1,"baseKey":"Bbh1IfIsv6mNVcdYDP0L3Lp4L5zEH/AsYF1KQJOiXgYe","preKeyId":702}}},"version":"v1"}