{"_sessions":{"BQYXdN7U7QZgfnuTSFMcVmlpX9DKoZPQ8DPrxcEfG5oO":{"registrationId":124,"currentRatchet":{"ephemeralKeyPair":{"pubKey":"BVziPz63wyuMO4VDJIOhGWmILbvCtm78kmtCcmv+3Icz","privKey":"oH6l16sdEPhQ+oKT071PyxyrBbM3tJIL0BdQJTqpdlA="},"lastRemoteEphemeralKey":"BT3g7Pavxsn/fxGQerWc+zvALSCHD2XUe1tGHwMSEMZK","previousCounter":0,"rootKey":"sPQXoiO7DiwLD9ucvakpP07TBISPXmiXp5lxOoIMbSw="},"indexInfo":{"baseKey":"BQYXdN7U7QZgfnuTSFMcVmlpX9DKoZPQ8DPrxcEfG5oO","baseKeyType":1,"closed":-1,"used":1703091794583,"created":1703091794583,"remoteIdentityKey":"BTfs5qRnpuTKojSQ/Sl8hc/+XGbMqmchsUQ/ClegFnwL"},"_chains":{"BVziPz63wyuMO4VDJIOhGWmILbvCtm78kmtCcmv+3Icz":{"chainKey":{"counter":1,"key":"j2bfTrie9Aqg8NuWswns+XWsdedUVWb8b9iAIT1z1es="},"chainType":1,"messageKeys":{}}},"pendingPreKey":{"signedKeyId":1,"baseKey":"BQYXdN7U7QZgfnuTSFMcVmlpX9DKoZPQ8DPrxcEfG5oO"}}},"version":"v1"}