{"_sessions":{"BSzSwZnbDRfKCHNiBPKRiG6MsEuLd7A1Gto8VZydBlRo":{"registrationId":1959489123,"currentRatchet":{"ephemeralKeyPair":{"pubKey":"BXAvkhW24+PQiUPxxi6LoRXeY+8zGy6n/rPi4ZuHTpUi","privKey":"aKBv+Iu+2atELnMlnSLkF0EJNGwXKdeOxJI3vjK2OX0="},"lastRemoteEphemeralKey":"BUJdJ+qQRBnhSpIGiL4P15Fh3m+oJqEDdYyj3PLw4hVt","previousCounter":0,"rootKey":"0zRL5tLq1vYF0Bj1CdxAaOXZ2cMGo6GwL3xZiQTbYTc="},"indexInfo":{"baseKey":"BSzSwZnbDRfKCHNiBPKRiG6MsEuLd7A1Gto8VZydBlRo","baseKeyType":1,"closed":-1,"used":1703091794728,"created":1703091794728,"remoteIdentityKey":"BQCIg6N47sd8YU1/a0ZyrkLswSjN5dXMY68CxFklK6pT"},"_chains":{"BXAvkhW24+PQiUPxxi6LoRXeY+8zGy6n/rPi4ZuHTpUi":{"chainKey":{"counter":1,"key":"z8S8nyxhfDMJ+5jjrkyTXopseQZzXWJabOVpKK+G640="},"chainType":1,"messageKeys":{}}},"pendingPreKey":{"signedKeyId":0,"baseKey":"BSzSwZnbDRfKCHNiBPKRiG6MsEuLd7A1Gto8VZydBlRo","preKeyId":9174831}}},"version":"v1"}