{"_sessions":{"BagGGDc1NdozBm7FDznV4m6yaWql0U4pbBu7J+qztKkD":{"registrationId":542410147,"currentRatchet":{"ephemeralKeyPair":{"pubKey":"BR5lpBKoM/EsIdkNS8nUV5dLE934eFJZz3e94SkI1aAT","privKey":"UDdRBnzetVR+7gEo9ja58dGxkNbMbRSeOoGIZWKxOUs="},"lastRemoteEphemeralKey":"BTOzgMNzAYi72G4n6dEIM1pLXL3yrfeXAXyMJSS2K3wu","previousCounter":0,"rootKey":"uUwnYb8i0DzFkTUQLFcCdRxBCg4V5H478B5mkq9mr5U="},"indexInfo":{"baseKey":"BagGGDc1NdozBm7FDznV4m6yaWql0U4pbBu7J+qztKkD","baseKeyType":1,"closed":-1,"used":1703091794680,"created":1703091794680,"remoteIdentityKey":"BVY97Rc9Qfr15zNFRPqKUYLCaCeRA6qA1SRATq9tGTR9"},"_chains":{"BR5lpBKoM/EsIdkNS8nUV5dLE934eFJZz3e94SkI1aAT":{"chainKey":{"counter":1,"key":"fToqSJhjyRFBC+YA5Mpbtjp15FhJdvFZA73wBRYe7DU="},"chainType":1,"messageKeys":{}}},"pendingPreKey":{"signedKeyId":2,"baseKey":"BagGGDc1NdozBm7FDznV4m6yaWql0U4pbBu7J+qztKkD","preKeyId":16227973}}},"version":"v1"}