{"_sessions":{"BWywxsQxCBx83OQgbZC1hMSHH3JasjtI4feSDVKM+fJI":{"registrationId":1880233835,"currentRatchet":{"ephemeralKeyPair":{"pubKey":"BYrLPg5fDmbtO5tbR8OUEMO+M73J9MV35if8PZ5E9bAw","privKey":"wCobwio6Vx0sHU/Z5Yn9rSoV3ZveQLGzyc7cqdTUFnQ="},"lastRemoteEphemeralKey":"BfdWILZh/EMxKJt1uMnsne/5/Z5IiCBWjaYXfUKuIDUq","previousCounter":0,"rootKey":"qKWckXZMeEZ/H3LaDPwDD/w7cFX+ZrKjUPxhljjBuMU="},"indexInfo":{"baseKey":"BWywxsQxCBx83OQgbZC1hMSHH3JasjtI4feSDVKM+fJI","baseKeyType":1,"closed":-1,"used":1703091794620,"created":1703091794620,"remoteIdentityKey":"BaBRCDLKjJ1UbDnNM5lJPvYY0G50o+PttnOFQR9Y2s8x"},"_chains":{"BYrLPg5fDmbtO5tbR8OUEMO+M73J9MV35if8PZ5E9bAw":{"chainKey":{"counter":1,"key":"whoCwQIM4O6oC/+iE4uY0vjtkaXYdbaRK2pPHWT+EN4="},"chainType":1,"messageKeys":{}}},"pendingPreKey":{"signedKeyId":1,"baseKey":"BWywxsQxCBx83OQgbZC1hMSHH3JasjtI4feSDVKM+fJI","preKeyId":13312318}}},"version":"v1"}