{"_sessions":{"BSUczboF6T9sm1CjSXSvi8wftXJbjp7q9no6QQc2YJ1t":{"registrationId":721664679,"currentRatchet":{"ephemeralKeyPair":{"pubKey":"BfTdECKElcu0eOlz6jaldkqdBRb8NcqCJAhJb9gDr6QK","privKey":"qHXExfBuXfF4ktdlIhQn4kysHPqArK2/pojmopNY900="},"lastRemoteEphemeralKey":"BXVtw6itYrtPZ42pkpI3FZUtYFH+616W4pDcz6n1zl9L","previousCounter":0,"rootKey":"Fdt+t+uctyQ4KwkKHR2G7AzKOtuF8gi70AOCANrbj+I="},"indexInfo":{"baseKey":"BSUczboF6T9sm1CjSXSvi8wftXJbjp7q9no6QQc2YJ1t","baseKeyType":1,"closed":-1,"used":1703091795001,"created":1703091795001,"remoteIdentityKey":"BUSoxVGgvsG4xLBwP5Ga6XCyUS/thGTm88hzDFOvLJod"},"_chains":{"BfTdECKElcu0eOlz6jaldkqdBRb8NcqCJAhJb9gDr6QK":{"chainKey":{"counter":1,"key":"hpTaaoaS/wjX0AS7Kak/E9mikEb64+SxY86gx/m9iJE="},"chainType":1,"messageKeys":{}}},"pendingPreKey":{"signedKeyId":10600962,"baseKey":"BSUczboF6T9sm1CjSXSvi8wftXJbjp7q9no6QQc2YJ1t","preKeyId":1730}}},"version":"v1"}