{"_sessions":{"BVCfpMNhxzZorpei8SE8TTaYdZ17tHrX2RBI9xyqAthz":{"registrationId":175624254,"currentRatchet":{"ephemeralKeyPair":{"pubKey":"BSurj2ldUACOcsbfrkYtZw7dBRSIB0gtL4ORmg564Nhe","privKey":"cBYYdX4QYO5oXkwCceK8SO1GjZvaHWYnsjPUPZpafXA="},"lastRemoteEphemeralKey":"BfwdFCOH6Vu3OitwzziWYftqt0kcM5HjocRvffjBgyZA","previousCounter":0,"rootKey":"U7tmMbbPGb6ndiQvPPL15+8YGqqVt2n+iE1DIuIrsj8="},"indexInfo":{"baseKey":"BVCfpMNhxzZorpei8SE8TTaYdZ17tHrX2RBI9xyqAthz","baseKeyType":1,"closed":-1,"used":1703091794817,"created":1703091794817,"remoteIdentityKey":"BdmAPTCnfPAL2WDEy3lCCefN96N5V1v3ilg0XjlNejEB"},"_chains":{"BSurj2ldUACOcsbfrkYtZw7dBRSIB0gtL4ORmg564Nhe":{"chainKey":{"counter":1,"key":"pocQ1B2WdFNmgg083xm2vmKs7gaqNtRB4KkMIEQLNYk="},"chainType":1,"messageKeys":{}}},"pendingPreKey":{"signedKeyId":7,"baseKey":"BVCfpMNhxzZorpei8SE8TTaYdZ17tHrX2RBI9xyqAthz","preKeyId":12711082}}},"version":"v1"}