{"_sessions":{"BeVieH3ONlvuRVO++C+AxPHcLucFJwvAN1VZbkwKZEce":{"registrationId":2077402761,"currentRatchet":{"ephemeralKeyPair":{"pubKey":"BQgrIHSgqOHvdMHbHrW3KOlQ50OB9FRhOABGUHPVaPhy","privKey":"KIDtqrmXDMIbU3xe79nld9BdotiOTJ8yh/oq+Oood0s="},"lastRemoteEphemeralKey":"BTRJvE1FItHiZZbbWYhY/n4syS7GO95otZGihdjNBGsS","previousCounter":0,"rootKey":"Qn4t2esi9TWvetS7pSfYunb2RGCvtFkqnrUAF5YSw8E="},"indexInfo":{"baseKey":"BeVieH3ONlvuRVO++C+AxPHcLucFJwvAN1VZbkwKZEce","baseKeyType":1,"closed":-1,"used":1703091794694,"created":1703091794694,"remoteIdentityKey":"BbCM37TcRU3sr32buT7eD3OepZLgDAkWY08yltsIoOwJ"},"_chains":{"BQgrIHSgqOHvdMHbHrW3KOlQ50OB9FRhOABGUHPVaPhy":{"chainKey":{"counter":1,"key":"+hGy+RW0JvT4sckHCjAJtlnrbGht1TLzZc6E0J0PWsI="},"chainType":1,"messageKeys":{}}},"pendingPreKey":{"signedKeyId":1,"baseKey":"BeVieH3ONlvuRVO++C+AxPHcLucFJwvAN1VZbkwKZEce","preKeyId":14131466}}},"version":"v1"}