{"_sessions":{"BbkisWuFjr9TxmW673W0RyYeMY8S7pT65lWjU9Wib0Mv":{"registrationId":1809146495,"currentRatchet":{"ephemeralKeyPair":{"pubKey":"BdlVfRug6sXQ4f3vd9RdnVgq9T1ykci3aRgUG1FBBg08","privKey":"wPa2souWaQMe8mhTTbqV07pAW8G5Hbt6clMJhuKpD3M="},"lastRemoteEphemeralKey":"BbG2j6yQMwQKY6o46DQA+B3MpNpan0UZQu4A+T8nSopJ","previousCounter":0,"rootKey":"pCWqCQhgGPkIE9SM8l6H0j8b0/i/OS7Hl7LZ1U5kvfY="},"indexInfo":{"baseKey":"BbkisWuFjr9TxmW673W0RyYeMY8S7pT65lWjU9Wib0Mv","baseKeyType":1,"closed":-1,"used":1703091795114,"created":1703091795114,"remoteIdentityKey":"BYDgUAXyruv63dtbrwtB4fVRPRceGtZ/j+QkzcSL8iNh"},"_chains":{"BdlVfRug6sXQ4f3vd9RdnVgq9T1ykci3aRgUG1FBBg08":{"chainKey":{"counter":1,"key":"H1/snnhwuP94dJWjZQAeNQM57QPXLwUYDirqBPvoERs="},"chainType":1,"messageKeys":{}}},"pendingPreKey":{"signedKeyId":33,"baseKey":"BbkisWuFjr9TxmW673W0RyYeMY8S7pT65lWjU9Wib0Mv","preKeyId":5560588}}},"version":"v1"}