{"_sessions":{"BVpkhhkkoMapLQ55aAoRJguRZKdTJS5hNeBaz6PJ/Nli":{"registrationId":2002364567,"currentRatchet":{"ephemeralKeyPair":{"pubKey":"BUIN1FTN0HJo8se+uCSLIIukLB4AsiCkxkG534svhK5m","privKey":"4K7Ly1wZ9leQ9rLMOViyOhtsyKws7IP2WSTi5dvrw1U="},"lastRemoteEphemeralKey":"BdF0jia4ip6WZL2+K/keukpDCPlHMctGg8/nDlk5Arg9","previousCounter":0,"rootKey":"UI8oGLrd6yJCVh9YT7rrdMclKGpEP7nLV1AVoFTz4Kc="},"indexInfo":{"baseKey":"BVpkhhkkoMapLQ55aAoRJguRZKdTJS5hNeBaz6PJ/Nli","baseKeyType":1,"closed":-1,"used":1703091794902,"created":1703091794902,"remoteIdentityKey":"BYaihFirDQsCYOC3KGv8j4wHXAm6InwB+2OoWsJkCQ12"},"_chains":{"BUIN1FTN0HJo8se+uCSLIIukLB4AsiCkxkG534svhK5m":{"chainKey":{"counter":1,"key":"SSvp+Ho2buv2fdLAq8ZEFI3Ih2Bvj8dJOU+awGtDz4c="},"chainType":1,"messageKeys":{}}},"pendingPreKey":{"signedKeyId":0,"baseKey":"BVpkhhkkoMapLQ55aAoRJguRZKdTJS5hNeBaz6PJ/Nli","preKeyId":3169288}}},"version":"v1"}