{"_sessions":{"BTcsd920ruPcEpxK2ggo3jIK7ltxkZDosf40CVaWEsw2":{"registrationId":1754185302,"currentRatchet":{"ephemeralKeyPair":{"pubKey":"BTltHjRlKHlXR+vFpCpA/3hrn62dugjVrsNDSVC6N8UG","privKey":"SAeI63Yi/jC0ZokEZqVLsAyZv5a+i9xWPsoQdSdbcF8="},"lastRemoteEphemeralKey":"BUT/+H9vGE7FaPE3KYGCW6BhJshAMWU6IYLhDsghPnpG","previousCounter":0,"rootKey":"Dg5HsMJBxwKcGYegupSLMdXDi261AtHiDgtZ5Xc2Nl4="},"indexInfo":{"baseKey":"BTcsd920ruPcEpxK2ggo3jIK7ltxkZDosf40CVaWEsw2","baseKeyType":1,"closed":-1,"used":1703091794696,"created":1703091794696,"remoteIdentityKey":"BRM5vtn0auSTggNm1WC7UZHRG44KzQLo2R5BatnKXYoK"},"_chains":{"BTltHjRlKHlXR+vFpCpA/3hrn62dugjVrsNDSVC6N8UG":{"chainKey":{"counter":1,"key":"nG1lu+4r1dRhzj7gRxbeOlaVwTD2NYXLvM78ZQEgmcc="},"chainType":1,"messageKeys":{}}},"pendingPreKey":{"signedKeyId":4,"baseKey":"BTcsd920ruPcEpxK2ggo3jIK7ltxkZDosf40CVaWEsw2","preKeyId":13026637}}},"version":"v1"}