{"_sessions":{"BSLVS4MAF71CCcFLlQfl7btYkoNJWk6HEu4lI60ajPI4":{"registrationId":1803805708,"currentRatchet":{"ephemeralKeyPair":{"pubKey":"BWS/EAywAZiqWUTMmJ8DBBqgU43YANuGdhsusMN8t88o","privKey":"6I+W+TbTeIsFn/1Q4BGNXIJEWcf4ym/Y0mrqI8+s91I="},"lastRemoteEphemeralKey":"BVj8Cox372o2xxvP/1bC4c/JOZCCg7oq8XyboCKwpUZU","previousCounter":0,"rootKey":"pGpQCCzIoqMItmlEdNp5Y+y/uBuqKLKU2Z5KS9WF8BU="},"indexInfo":{"baseKey":"BSLVS4MAF71CCcFLlQfl7btYkoNJWk6HEu4lI60ajPI4","baseKeyType":1,"closed":-1,"used":1703091794601,"created":1703091794601,"remoteIdentityKey":"BTBSMlwihc8hsDlXCvh90XKGV3v2i1d98a3XBADY86ZA"},"_chains":{"BWS/EAywAZiqWUTMmJ8DBBqgU43YANuGdhsusMN8t88o":{"chainKey":{"counter":1,"key":"sevQC4TNup8rNavFLG80iIjvQ6qRYUBpwneN8tS3BLc="},"chainType":1,"messageKeys":{}}},"pendingPreKey":{"signedKeyId":0,"baseKey":"BSLVS4MAF71CCcFLlQfl7btYkoNJWk6HEu4lI60ajPI4","preKeyId":16032896}}},"version":"v1"}