{"_sessions":{"BWg31i5sbMFy/axH/Rwa8oTH3bCwvuMejSLQ+GV6qSlZ":{"registrationId":229,"currentRatchet":{"ephemeralKeyPair":{"pubKey":"BV/ls3C9raqajoPBh7s7TqVe/G0TGG3vPzz7hFPaORZ4","privKey":"KDK1Juy+nIGyEMXPataDVtsEWgJYo42w2ma2Ig7o1W0="},"lastRemoteEphemeralKey":"BQS5tV0C7+fWWx+ySP9qx91PZ6wPY3W7b9YED1apdLN6","previousCounter":0,"rootKey":"cdwxDC/psCoNGJyD5nac0yYZ9L19Z7pI5eoDdtC7tZc="},"indexInfo":{"baseKey":"BWg31i5sbMFy/axH/Rwa8oTH3bCwvuMejSLQ+GV6qSlZ","baseKeyType":1,"closed":-1,"used":1703091794496,"created":1703091794496,"remoteIdentityKey":"BTqxbLLPo1oj1AFnIMPuBc/GVtplmWubnLGVB44M5ss/"},"_chains":{"BV/ls3C9raqajoPBh7s7TqVe/G0TGG3vPzz7hFPaORZ4":{"chainKey":{"counter":1,"key":"JzSInT8ylO7KveFNZc1+xVvp9Q/EFrcM6BHKlvkg0h8="},"chainType":1,"messageKeys":{}}},"pendingPreKey":{"signedKeyId":1,"baseKey":"BWg31i5sbMFy/axH/Rwa8oTH3bCwvuMejSLQ+GV6qSlZ"}}},"version":"v1"}