{"_sessions":{"Bdvc1cIRoCvlCg/D4RwN5qeMFlS51L+56ueN0WSoOeo0":{"registrationId":97828322,"currentRatchet":{"ephemeralKeyPair":{"pubKey":"BZXO1cSUt4TJiElzEPxqIMIQxTWXTFrkeVvesLtwWut8","privKey":"GEbpaY/OuzV7RBzzcK+AZyMTsp+EbxAINerZl/OhGFo="},"lastRemoteEphemeralKey":"BbnW0JrA626cNhhw4/xQ+eAMLAw7YCBn431LI8vz8ysP","previousCounter":0,"rootKey":"zw6KmDneWuUa9TnozZPpTr24Whir6X31xe9R+6uxCjc="},"indexInfo":{"baseKey":"Bdvc1cIRoCvlCg/D4RwN5qeMFlS51L+56ueN0WSoOeo0","baseKeyType":1,"closed":-1,"used":1703091794632,"created":1703091794632,"remoteIdentityKey":"BQcpD+nVWqXdhPjt+eV0jqJpIHL39OGJty22lCiCsfES"},"_chains":{"BZXO1cSUt4TJiElzEPxqIMIQxTWXTFrkeVvesLtwWut8":{"chainKey":{"counter":1,"key":"yetWmuoX1ee1Nu612g/wrDbLm2KgxECjRD1qWjbQ4D8="},"chainType":1,"messageKeys":{}}},"pendingPreKey":{"signedKeyId":20,"baseKey":"Bdvc1cIRoCvlCg/D4RwN5qeMFlS51L+56ueN0WSoOeo0","preKeyId":8160002}}},"version":"v1"}