{"_sessions":{"BU9XPQrVmp/quHCJZRFgbOQQiwYNPP+EalOn4oDEMLU3":{"registrationId":551717570,"currentRatchet":{"ephemeralKeyPair":{"pubKey":"BbjKQMRAHYiwbFQScv7lyCj8Ggo0J2xnzlVyVhtnoQ4M","privKey":"8D/HeWendGMr9VZBWIO+yTcGp06hrGoCFbi08ek+m2A="},"lastRemoteEphemeralKey":"BUs/YDwyDhqm2mL31io/yX8CGAy/xBXdA+cEpA6cp/gE","previousCounter":0,"rootKey":"45lv42sQDy5CbwMpm3Ku5uqvzUF8ikPGLLSS8a/f0cc="},"indexInfo":{"baseKey":"BU9XPQrVmp/quHCJZRFgbOQQiwYNPP+EalOn4oDEMLU3","baseKeyType":1,"closed":-1,"used":1703091795091,"created":1703091795091,"remoteIdentityKey":"BWEY7LiPfK1omHudt/CRg4XYGFx/A8TUmfztcsQfrkw8"},"_chains":{"BbjKQMRAHYiwbFQScv7lyCj8Ggo0J2xnzlVyVhtnoQ4M":{"chainKey":{"counter":1,"key":"VRuUL43TQsk7S+9IYCXiVmR2igZpNeoHtzai63aMa+Y="},"chainType":1,"messageKeys":{}}},"pendingPreKey":{"signedKeyId":15,"baseKey":"BU9XPQrVmp/quHCJZRFgbOQQiwYNPP+EalOn4oDEMLU3","preKeyId":15761955}}},"version":"v1"}