{"_sessions":{"BaqghPtdlmfBq7vb9dIs/d7QA/Ic83Jj0g+WDt0/nfEz":{"registrationId":2422,"currentRatchet":{"ephemeralKeyPair":{"pubKey":"BTSRVUl9Y2tUuA9/vuti2HwZ9EdEOQea1KX07Es/NBYy","privKey":"KL6CwlWpJ2otamuiB5ALNNt2AFvPx5OesVMblCH6E3Y="},"lastRemoteEphemeralKey":"BXzLLtPOzwBpsVE7zez/yeHGuNOrfbOfwUnlFihYu/J1","previousCounter":0,"rootKey":"JAWdtOSNuPqDu5ING9kzbHUeN3NMYTLuRdM2A/K+9oQ="},"indexInfo":{"baseKey":"BaqghPtdlmfBq7vb9dIs/d7QA/Ic83Jj0g+WDt0/nfEz","baseKeyType":1,"closed":-1,"used":1703091794518,"created":1703091794518,"remoteIdentityKey":"BUPOau/7VXFwathGA7lrCkDQyI5noUMYOJm5N4gw4rwT"},"_chains":{"BTSRVUl9Y2tUuA9/vuti2HwZ9EdEOQea1KX07Es/NBYy":{"chainKey":{"counter":1,"key":"xilFM/WAMwiEMFI7fAZDuIXV0SaBVE807yBcL5GQESM="},"chainType":1,"messageKeys":{}}},"pendingPreKey":{"signedKeyId":1,"baseKey":"BaqghPtdlmfBq7vb9dIs/d7QA/Ic83Jj0g+WDt0/nfEz","preKeyId":734}}},"version":"v1"}