{"_sessions":{"BcLTt8eWvLLlSTbPpXl1q3wV8CT7hqvzSR3Tn0ILhw8t":{"registrationId":70,"currentRatchet":{"ephemeralKeyPair":{"pubKey":"BStwv8xU9pNbQXamuPQf71sJYFT0BoYIefitss6OOClO","privKey":"cBd/CG5uYz6N1ALpPCg2itIc3IBoZtENgeEDSgL/HUg="},"lastRemoteEphemeralKey":"Bb0rXyFWNTXxy7u6i3oGuuTGKadDqu0j0auMau1rd2t9","previousCounter":0,"rootKey":"HPPNAlJNh07A3gN89t7RXvS4TfzEskcCIDn48CKTr6k="},"indexInfo":{"baseKey":"BcLTt8eWvLLlSTbPpXl1q3wV8CT7hqvzSR3Tn0ILhw8t","baseKeyType":1,"closed":-1,"used":1703091794512,"created":1703091794512,"remoteIdentityKey":"BUfVig5SHRaXOGB1lfHsmtSh+yMbNSTlumJA44VtTxV0"},"_chains":{"BStwv8xU9pNbQXamuPQf71sJYFT0BoYIefitss6OOClO":{"chainKey":{"counter":1,"key":"r1mW1a9XpG57U8kjKcEpRhZmkG1GW0r8xlozibqLPck="},"chainType":1,"messageKeys":{}}},"pendingPreKey":{"signedKeyId":1,"baseKey":"BcLTt8eWvLLlSTbPpXl1q3wV8CT7hqvzSR3Tn0ILhw8t"}}},"version":"v1"}