{"_sessions":{"BRNcihtp6ATdH0BIa7Fu91klyZyxajAnk7FpvsEn35ZA":{"registrationId":103,"currentRatchet":{"ephemeralKeyPair":{"pubKey":"BR3JuKZvrgpRYuSVm470nLjZ/yI6qQidiGjIqJTJ8EpR","privKey":"OBfMNwb9+vKoYhomVSstLUIVNm/HIBirLdfSVuBaf2w="},"lastRemoteEphemeralKey":"BSY053oDODTVb56h5qGNLTt7J+ho0HofACD0+tfh5E4C","previousCounter":0,"rootKey":"CaWdK2Gk1HSO3b/OAtfQkFx79NW0Wt5mg+01JRn89vs="},"indexInfo":{"baseKey":"BRNcihtp6ATdH0BIa7Fu91klyZyxajAnk7FpvsEn35ZA","baseKeyType":1,"closed":-1,"used":1703091794525,"created":1703091794525,"remoteIdentityKey":"Bex9vkPSVaOz4c5GjR71UQ3/kazcFmbKe/DXjfKMhRpY"},"_chains":{"BR3JuKZvrgpRYuSVm470nLjZ/yI6qQidiGjIqJTJ8EpR":{"chainKey":{"counter":1,"key":"MqVV3vW/mQiH1HcQ6ichhyaZTw53GCYCS/NnR8JYAJE="},"chainType":1,"messageKeys":{}}},"pendingPreKey":{"signedKeyId":1,"baseKey":"BRNcihtp6ATdH0BIa7Fu91klyZyxajAnk7FpvsEn35ZA","preKeyId":539}}},"version":"v1"}