{"_sessions":{"BeVIpGHO1wgkMYlrk1psySWawb+HXRQtgCFZf2j5E1I7":{"registrationId":1226786143,"currentRatchet":{"ephemeralKeyPair":{"pubKey":"BWXAE2ggCQI2YoGr/jEJlZ6/lAcme0NRAYPDG6zPABQF","privKey":"KDiXSV/kj7EM+BNfuEX0hj/fZ347j7t5zn9NsThgIX8="},"lastRemoteEphemeralKey":"BeDIaacLUrwbanG9orUNzN2Q80jvDRe+EvduLcVFLgZw","previousCounter":0,"rootKey":"XallJHglXA2SsskDs1qZa2GFywZZC92tjIJv+0eoc9M="},"indexInfo":{"baseKey":"BeVIpGHO1wgkMYlrk1psySWawb+HXRQtgCFZf2j5E1I7","baseKeyType":1,"closed":-1,"used":1703091794920,"created":1703091794920,"remoteIdentityKey":"BS/ZMC+5wJ7eMH4/L1kcmb/c2KYFo3rhaq4TDmuVcqJ/"},"_chains":{"BWXAE2ggCQI2YoGr/jEJlZ6/lAcme0NRAYPDG6zPABQF":{"chainKey":{"counter":1,"key":"i53WZZHXnrf6wfLW+gl0ihfSyjv73TuoIC50SL7RBSY="},"chainType":1,"messageKeys":{}}},"pendingPreKey":{"signedKeyId":6,"baseKey":"BeVIpGHO1wgkMYlrk1psySWawb+HXRQtgCFZf2j5E1I7","preKeyId":8633350}}},"version":"v1"}