{"_sessions":{"BQ8VL7zXnR+8CxTNw9dxzE6weSE51ZRmz+NzJcl4I8ch":{"registrationId":1158963384,"currentRatchet":{"ephemeralKeyPair":{"pubKey":"BRnG+erMq3gG0z5PP/eywM/Zkf7HEXksflyvUkVzl0Qj","privKey":"CLrDrVixQD9qegvJIPluY/mkM5MJtpfV9OsSUTpCAWI="},"lastRemoteEphemeralKey":"BYMFRP5jCNfL0xRlKXC+fPXTF5i2FIqJ2j1YwhYSgPpG","previousCounter":0,"rootKey":"AmpIwYkrqtqRpSH0BbPproU3YU1/b0y0CBv7yy6ChI0="},"indexInfo":{"baseKey":"BQ8VL7zXnR+8CxTNw9dxzE6weSE51ZRmz+NzJcl4I8ch","baseKeyType":1,"closed":-1,"used":1703091794606,"created":1703091794606,"remoteIdentityKey":"BQm3XYBNjfrBngqpNS01lc0fzdalAM9G32MHuu8bx+Bu"},"_chains":{"BRnG+erMq3gG0z5PP/eywM/Zkf7HEXksflyvUkVzl0Qj":{"chainKey":{"counter":1,"key":"TstDYjYWCh/1RHZK/f7x+rFsV+2XAndYDZ3Oj5she9U="},"chainType":1,"messageKeys":{}}},"pendingPreKey":{"signedKeyId":0,"baseKey":"BQ8VL7zXnR+8CxTNw9dxzE6weSE51ZRmz+NzJcl4I8ch","preKeyId":13051188}}},"version":"v1"}