{"_sessions":{"BQdMBj/1XIXnFZX9iXMyzv5oUfcaF6jRnm43Ad0YQHx5":{"registrationId":1247709625,"currentRatchet":{"ephemeralKeyPair":{"pubKey":"BTyV9twtagY5ihalMpq0mXgBt0JeFC92XHtwh7RbTdM/","privKey":"+A7zNcEhbSb/fptoc9kMNXoez61IK0RTZ64sBBg84Xk="},"lastRemoteEphemeralKey":"BbKzXchjGVYPTXv7fjF6pAzL58qW8fZwdbI0y4XyGR9Y","previousCounter":0,"rootKey":"+vKwyw6WeGBXK/3KRKmM9rRe2yhAonIhIPAC6LEUnY8="},"indexInfo":{"baseKey":"BQdMBj/1XIXnFZX9iXMyzv5oUfcaF6jRnm43Ad0YQHx5","baseKeyType":1,"closed":-1,"used":1703091794704,"created":1703091794704,"remoteIdentityKey":"BUz4+egBSW57IcJjPWZocjIluaz70CJhxz9qhBlGKWdE"},"_chains":{"BTyV9twtagY5ihalMpq0mXgBt0JeFC92XHtwh7RbTdM/":{"chainKey":{"counter":1,"key":"hEJLzLD/lVp4YL8dbVafGBCsAOztB9RY7ZJsxOCz+1w="},"chainType":1,"messageKeys":{}}},"pendingPreKey":{"signedKeyId":3,"baseKey":"BQdMBj/1XIXnFZX9iXMyzv5oUfcaF6jRnm43Ad0YQHx5","preKeyId":9212361}}},"version":"v1"}