{"_sessions":{"Ba9cSOp3sAwsjZ6MhEGki8MLMaDAB/3tCrcPNKCwWxBX":{"registrationId":11762,"currentRatchet":{"ephemeralKeyPair":{"pubKey":"BWwVV3ousVEDE41DNFeKb03JGfGYT/Wrn1EOy1JaxaVG","privKey":"GMecTxhkexEYj/9Rtl3gqbWWaez4T+ZiQl6NXi0K7EQ="},"lastRemoteEphemeralKey":"BWxaCr57E6QH2rdGl1YtNo5HYiaxQSN0gJs+afxaDaBD","previousCounter":0,"rootKey":"5hzJyR+v+bkzTUP0iI/49N3FnNSrjctTovxCSCEuwyY="},"indexInfo":{"baseKey":"Ba9cSOp3sAwsjZ6MhEGki8MLMaDAB/3tCrcPNKCwWxBX","baseKeyType":1,"closed":-1,"used":1703091794581,"created":1703091794581,"remoteIdentityKey":"BcIVfJmKGHYSCfdep4u592w1yqelj/b7noNKNgj/PXA+"},"_chains":{"BWwVV3ousVEDE41DNFeKb03JGfGYT/Wrn1EOy1JaxaVG":{"chainKey":{"counter":1,"key":"fCf/1AfncUYF7MtVZAQddH2oJhWlie3Vi31wBMHXg/s="},"chainType":1,"messageKeys":{}}},"pendingPreKey":{"signedKeyId":1,"baseKey":"Ba9cSOp3sAwsjZ6MhEGki8MLMaDAB/3tCrcPNKCwWxBX"}}},"version":"v1"}