{"_sessions":{"BZE2nsET3fl4GlkZVPYyYWMEE8I3MlkBiW7LdSvmHah3":{"registrationId":1329298413,"currentRatchet":{"ephemeralKeyPair":{"pubKey":"BSXFu0JO0G9Bdv4atYtFmuMx31kP+IuYXGXZ5jCBcn89","privKey":"KOP3LQCC44VWpnNK7cM2QyxSmtZNoRj5dXImxPyl7no="},"lastRemoteEphemeralKey":"BS9L/Nw/14vlP9wgf6BbjDtPlaypPJAijpI+lVaT7OFk","previousCounter":0,"rootKey":"G5Xa+IXhAdI0BH/3qoLCxLzlAf9VcJZb2KHPF63UAMU="},"indexInfo":{"baseKey":"BZE2nsET3fl4GlkZVPYyYWMEE8I3MlkBiW7LdSvmHah3","baseKeyType":1,"closed":-1,"used":1703091794992,"created":1703091794992,"remoteIdentityKey":"Bc9Q6pH0+lWJyxfoUtFrn5d+HHI3cbHXIcORpb+ZZqpR"},"_chains":{"BSXFu0JO0G9Bdv4atYtFmuMx31kP+IuYXGXZ5jCBcn89":{"chainKey":{"counter":1,"key":"l66mSWrhc6OCSccArZRgb1SJ7ldZteCrL5bBM+joe9o="},"chainType":1,"messageKeys":{}}},"pendingPreKey":{"signedKeyId":11,"baseKey":"BZE2nsET3fl4GlkZVPYyYWMEE8I3MlkBiW7LdSvmHah3","preKeyId":1867015}}},"version":"v1"}