{"_sessions":{"BRwk3dZNupsd88mqa7KgEhFBrfhrjRcuePtIGwQQJV86":{"registrationId":17654290,"currentRatchet":{"ephemeralKeyPair":{"pubKey":"BV1z+4yBwx4uW5Rcdz3C6TRFEOrdGN5IsfW9jmk6uNEt","privKey":"CGu+hhtp6LUuTTEDYDqk8ezSHNUKY0I5BUaiSFriInE="},"lastRemoteEphemeralKey":"BY6s5PYV2YytCllJnwTCH0gbqqX3RZG5XKYmLdJfydcp","previousCounter":0,"rootKey":"qsb5tT2HV0PX0pI/hDP/Zye/u6NIWff99P+WhMC5WjQ="},"indexInfo":{"baseKey":"BRwk3dZNupsd88mqa7KgEhFBrfhrjRcuePtIGwQQJV86","baseKeyType":1,"closed":-1,"used":1703091794596,"created":1703091794596,"remoteIdentityKey":"BbDLCjSwyMGeaQdO9Yf5FKD2j9Ccml+bP5BpgBF5SdF7"},"_chains":{"BV1z+4yBwx4uW5Rcdz3C6TRFEOrdGN5IsfW9jmk6uNEt":{"chainKey":{"counter":1,"key":"82F+yyJTrZ48U5LcBTOuRuOZlRZblQGII86fVVZbdJg="},"chainType":1,"messageKeys":{}}},"pendingPreKey":{"signedKeyId":1,"baseKey":"BRwk3dZNupsd88mqa7KgEhFBrfhrjRcuePtIGwQQJV86","preKeyId":1795480}}},"version":"v1"}