{"_sessions":{"BRTSUgodqFSNuH3GETEnqxzh5zvJ2jNxT5ZrtySVllRi":{"registrationId":1071577771,"currentRatchet":{"ephemeralKeyPair":{"pubKey":"BQqKhw/m2GXuiT/5ZG9qi/n52oqFQyAr/18XrwvxJUcn","privKey":"sH9z7bmgdgpzFQ8FBTEsN3kyYfiB4+O0Cb+rU2mCAFw="},"lastRemoteEphemeralKey":"BRG9MDCluCBfjuMgDmGvitZmdREar1lVyWXhzwFGKpgb","previousCounter":0,"rootKey":"GMyGoZ9NEp6YVNqFYg7BGtptJc2tqBvN2fb3cIoyFjA="},"indexInfo":{"baseKey":"BRTSUgodqFSNuH3GETEnqxzh5zvJ2jNxT5ZrtySVllRi","baseKeyType":2,"closed":-1,"used":1703107422205,"created":1703107422205,"remoteIdentityKey":"BURU6u9+qaXBg18b07G6jnmRFZkYHCYB2q463PcbD0NG"},"_chains":{"BRG9MDCluCBfjuMgDmGvitZmdREar1lVyWXhzwFGKpgb":{"chainKey":{"counter":0,"key":"lx1D0PIqEFijFfGfF6B8gtTHGCq3EK3izxn/piVsJto="},"chainType":2,"messageKeys":{}},"BQqKhw/m2GXuiT/5ZG9qi/n52oqFQyAr/18XrwvxJUcn":{"chainKey":{"counter":-1,"key":"M4vrY+xp/XHwxGM8TNcnW2p7590LyGgu4HdIL+am27c="},"chainType":1,"messageKeys":{}}}}},"version":"v1"}