{"_sessions":{"BXsfW/2tTwigWx8litns4Z4cGxgejxycazgj+ISWoExO":{"registrationId":145280236,"currentRatchet":{"ephemeralKeyPair":{"pubKey":"BVEAr3JaNTIpu/ZnfkuXWml8S9/FXQf9yDjfiLbiWq0l","privKey":"UD9zB7gfUhQaQrsCe/E7P0kfb0yTxFPVU4msApAxRGM="},"lastRemoteEphemeralKey":"BSZhyCmbvfQ38aioxt9SHN1Oame7xA/ca0n/7eqL3vUv","previousCounter":0,"rootKey":"NE2P9JX64WE71nxWl5m4618gQo5EUWSxjdTUkz0WDWg="},"indexInfo":{"baseKey":"BXsfW/2tTwigWx8litns4Z4cGxgejxycazgj+ISWoExO","baseKeyType":1,"closed":-1,"used":1703091795009,"created":1703091795009,"remoteIdentityKey":"BRml+DUDI429tMkhhikFixYYjIFfhb9Ayds9xpB2Jwob"},"_chains":{"BVEAr3JaNTIpu/ZnfkuXWml8S9/FXQf9yDjfiLbiWq0l":{"chainKey":{"counter":1,"key":"C0zgKKg9nwYv/1AiWL8j4VAZNnh3BdzvzK0s2EVjpQI="},"chainType":1,"messageKeys":{}}},"pendingPreKey":{"signedKeyId":0,"baseKey":"BXsfW/2tTwigWx8litns4Z4cGxgejxycazgj+ISWoExO","preKeyId":6440685}}},"version":"v1"}