{"_sessions":{"Bf6wj4U33oglO1UU9QJ55QTAH+pP6t09PPsRHJMHhtw/":{"registrationId":539563991,"currentRatchet":{"ephemeralKeyPair":{"pubKey":"BbNsbPwHjsiqU3+1+ss7ih/Ir1qZrlFTg0OM/ujQthc7","privKey":"EMup9DuSsfWdODjTPlsmZ83lrw+akP5KzaNHVCrB1nk="},"lastRemoteEphemeralKey":"Bb5AZzrtyF2W2O3f6JnThdegM29Q4cxlwER5zm06lQ4T","previousCounter":0,"rootKey":"0iFiODUzr4tCIw3v0ik/H1z0unORaZ127yMxn1kLEF0="},"indexInfo":{"baseKey":"Bf6wj4U33oglO1UU9QJ55QTAH+pP6t09PPsRHJMHhtw/","baseKeyType":1,"closed":-1,"used":1703091794712,"created":1703091794712,"remoteIdentityKey":"BY50xIvTxL1p5aqcs8tpP2l/jH/z0r1ei3PosHym6c1d"},"_chains":{"BbNsbPwHjsiqU3+1+ss7ih/Ir1qZrlFTg0OM/ujQthc7":{"chainKey":{"counter":1,"key":"6YWhEo0OydwOhavpHKTTjKKGciaacpdRIqI3F0+NoEA="},"chainType":1,"messageKeys":{}}},"pendingPreKey":{"signedKeyId":19,"baseKey":"Bf6wj4U33oglO1UU9QJ55QTAH+pP6t09PPsRHJMHhtw/","preKeyId":844061}}},"version":"v1"}