{"_sessions":{"BRraaFbozPg5MM17WbUvcMLSFBJRd6Bkaoe1+WnxLG1C":{"registrationId":613545082,"currentRatchet":{"ephemeralKeyPair":{"pubKey":"BcJgN1zTHWOMdvbZ/5TR6/HNcGxbGG0RX+y994SM9sgS","privKey":"OHTiU2fm9RvzkKR1gfaav1NOTjDTzNqrLgBqV891LnM="},"lastRemoteEphemeralKey":"BbN8wBYmKHLW/naETXyVDO9jkpJ9mgsUHg97o3m/hv9Z","previousCounter":0,"rootKey":"OeERD05X32cBofAlYmhq4r4kfUzasd2Lv67lood+wns="},"indexInfo":{"baseKey":"BRraaFbozPg5MM17WbUvcMLSFBJRd6Bkaoe1+WnxLG1C","baseKeyType":2,"closed":-1,"used":1703096730460,"created":1703096730460,"remoteIdentityKey":"BWBqV20Gb9HnyvKzUoOICwLSXk0Xl1g026FkLk3+J/Yk"},"_chains":{"BbN8wBYmKHLW/naETXyVDO9jkpJ9mgsUHg97o3m/hv9Z":{"chainKey":{"counter":1,"key":"g9m/1M2Tuu8m+9Bnpw89keuKASER1Wk/QKVDtd6niXE="},"chainType":2,"messageKeys":{"0":"qvBbfJ0TdOKRTcR8/TfrWB2AJaHqw9stYjm6LeaXxrQ="}},"BcJgN1zTHWOMdvbZ/5TR6/HNcGxbGG0RX+y994SM9sgS":{"chainKey":{"counter":-1,"key":"BgSngha7vPjRbiDngXdHG1UcigTwGg2vC/vPOu9rhGA="},"chainType":1,"messageKeys":{}}}}},"version":"v1"}