{"_sessions":{"BRoa+2209BH8NvKwRrh8BTC4eFn3bBcdVrb6bdMvrwlS":{"registrationId":896011343,"currentRatchet":{"ephemeralKeyPair":{"pubKey":"BWIHHa81tctS2Wp2EdFw2CPaLdHpOgyp4vgZ6ECPPl0l","privKey":"UG49r2xwD0C8OtnzL7gvtcWyTcCt67lcfhKcnRZf91w="},"lastRemoteEphemeralKey":"BbO0SX4NwR5bms2HAYtLxBGQBz50Q/GFFCG01A6bsWxc","previousCounter":0,"rootKey":"6KuDdV2cd6mQqBzs61VHKYA5pZC4l0hg9OSCaXRHaV4="},"indexInfo":{"baseKey":"BRoa+2209BH8NvKwRrh8BTC4eFn3bBcdVrb6bdMvrwlS","baseKeyType":1,"closed":-1,"used":1703091794707,"created":1703091794707,"remoteIdentityKey":"BTqzvQUr2PfqpKaSD4B+9EUQwVuOvgcfUwUmyOkFkf4s"},"_chains":{"BWIHHa81tctS2Wp2EdFw2CPaLdHpOgyp4vgZ6ECPPl0l":{"chainKey":{"counter":1,"key":"ZTzY09s5P63eZL/N7sb5zhBcMPZcxYyEO9qrNbcH1Z8="},"chainType":1,"messageKeys":{}}},"pendingPreKey":{"signedKeyId":6,"baseKey":"BRoa+2209BH8NvKwRrh8BTC4eFn3bBcdVrb6bdMvrwlS","preKeyId":11054196}}},"version":"v1"}