{"_sessions":{"BWjf9A8BAO8LvEMTLS5Oj01njjHQLwt7T1zKK8Yqq+wj":{"registrationId":742790442,"currentRatchet":{"ephemeralKeyPair":{"pubKey":"BcRi6Vr5yxg/X169um/LMFewd44r9Y4QqGkopKuCfnUU","privKey":"AH6NceIMCvRg1AMCzqPYahrEev3BRUDD9GXrQT+kx2o="},"lastRemoteEphemeralKey":"BZyfwP13NXTORASxmenhpfQWje4B61vr1YttBaWC7PgL","previousCounter":0,"rootKey":"aOiizMv3mZmOvW/WWNWxN5zCNzujaNcDZG7gZ8TUfU8="},"indexInfo":{"baseKey":"BWjf9A8BAO8LvEMTLS5Oj01njjHQLwt7T1zKK8Yqq+wj","baseKeyType":1,"closed":-1,"used":1703091794783,"created":1703091794783,"remoteIdentityKey":"Bbv0niELn/G9bMhzDdT+wsbV1mhuxIks75beyO8XsO0k"},"_chains":{"BcRi6Vr5yxg/X169um/LMFewd44r9Y4QqGkopKuCfnUU":{"chainKey":{"counter":1,"key":"uu1eOQNTWEiDI3x8kY+SqoI1SSCFqm/MX0U8wqIQiP0="},"chainType":1,"messageKeys":{}}},"pendingPreKey":{"signedKeyId":12,"baseKey":"BWjf9A8BAO8LvEMTLS5Oj01njjHQLwt7T1zKK8Yqq+wj","preKeyId":13135926}}},"version":"v1"}