{"_sessions":{"BcPMjpsmvPo/LJEwW/vrHfeU3Xu25CfR5cqOAp8blelR":{"registrationId":14794424,"currentRatchet":{"ephemeralKeyPair":{"pubKey":"BeEu9QbCMkKEDSd2TsjJ0CuZx0QgePMhvqkGRfnoKMVB","privKey":"mPyF+XgbpTeM9CwayapQws/t0485bEZt4SFBnaLTnkQ="},"lastRemoteEphemeralKey":"BQYr6JMkjKDAvvNz+bNvW4xS0E0hGjlJyHUiZhSxEfo/","previousCounter":0,"rootKey":"XYqlML06uYn6hkAy2kT0bw/pwx9vqakdvMoAren4+D0="},"indexInfo":{"baseKey":"BcPMjpsmvPo/LJEwW/vrHfeU3Xu25CfR5cqOAp8blelR","baseKeyType":1,"closed":-1,"used":1703091795014,"created":1703091795014,"remoteIdentityKey":"BQDllKim2EHZC32/C5vI2Z+IjAFOyrKi8f3tlXEjenIY"},"_chains":{"BeEu9QbCMkKEDSd2TsjJ0CuZx0QgePMhvqkGRfnoKMVB":{"chainKey":{"counter":1,"key":"MgHCljXi+GDoxhz4c6EZd9ZYVwAZVtzM5+Gn/wMEtME="},"chainType":1,"messageKeys":{}}},"pendingPreKey":{"signedKeyId":19,"baseKey":"BcPMjpsmvPo/LJEwW/vrHfeU3Xu25CfR5cqOAp8blelR","preKeyId":12202143}}},"version":"v1"}