{"_sessions":{"BQd8byFo25prcRCpMT6tE1GCU+8BKRrlA0DGtP5RPE5J":{"registrationId":781601108,"currentRatchet":{"ephemeralKeyPair":{"pubKey":"BTVQrEtGG+wmcZ97OwajwfJNxgJJOc37Ve0DXZrWpGUl","privKey":"uBzldEfhXw4isBnldvhjHD/D3czoWTp1DQRrM2I09l4="},"lastRemoteEphemeralKey":"BfGfbFG5gZz/s31sN3O8Tkm+qz8Ud8ovESewyxuUF8MO","previousCounter":0,"rootKey":"szEbjFstYaqRZJS0xUVR/5GGpnrJWc0SinDTL76E1r8="},"indexInfo":{"baseKey":"BQd8byFo25prcRCpMT6tE1GCU+8BKRrlA0DGtP5RPE5J","baseKeyType":1,"closed":-1,"used":1703091795107,"created":1703091795107,"remoteIdentityKey":"BS+ivG5vod70A8U0ZiHyv8TDc9x4XMXSd6PlDgoih/gE"},"_chains":{"BTVQrEtGG+wmcZ97OwajwfJNxgJJOc37Ve0DXZrWpGUl":{"chainKey":{"counter":1,"key":"MKWz7w6NhtCiR1FPgBU6sxZKiMeCv5BmD/cUJbrAsjc="},"chainType":1,"messageKeys":{}}},"pendingPreKey":{"signedKeyId":10,"baseKey":"BQd8byFo25prcRCpMT6tE1GCU+8BKRrlA0DGtP5RPE5J","preKeyId":13704738}}},"version":"v1"}