{"_sessions":{"BXy/ovrvrAOK8fj20hF67hL90QmFiIu0Xu0sLDjI53Yl":{"registrationId":335198475,"currentRatchet":{"ephemeralKeyPair":{"pubKey":"Bb+KgQj7R27Q3YUmMch8BAGnoIw8adWEd0Z200AsU2oi","privKey":"sIzo27vA4NAcTjjme7Ja8Xj07gifAtCKQNJXwkonKVI="},"lastRemoteEphemeralKey":"BYgOsNwrQzv++Xrt9ny0ifU2qNNn2CuO/bqXVmV2C7Id","previousCounter":0,"rootKey":"K0pLZkrVO3J9MVIym7+K6GipDusNAMtIT87Mw0sYEN4="},"indexInfo":{"baseKey":"BXy/ovrvrAOK8fj20hF67hL90QmFiIu0Xu0sLDjI53Yl","baseKeyType":1,"closed":-1,"used":1703091794617,"created":1703091794617,"remoteIdentityKey":"BfL4r8NXs3icbG7/yHD9pVA9Ych/dX0e9/lqdTSSCvEL"},"_chains":{"Bb+KgQj7R27Q3YUmMch8BAGnoIw8adWEd0Z200AsU2oi":{"chainKey":{"counter":1,"key":"uGlxnSSLcT5UhkM+xXjXMOHol7l6kns1diXfz0qoqX8="},"chainType":1,"messageKeys":{}}},"pendingPreKey":{"signedKeyId":11,"baseKey":"BXy/ovrvrAOK8fj20hF67hL90QmFiIu0Xu0sLDjI53Yl"}}},"version":"v1"}