{"_sessions":{"BaIF6YAr417cccWo7Zm6mI1l5UA4yj30iQ1lTEcdE2pF":{"registrationId":1605250872,"currentRatchet":{"ephemeralKeyPair":{"pubKey":"BZieokwvxaduJW5mcIsMmSY+bZwwd0/UDaPOXAhQ++M9","privKey":"ENX0EL0W4vuBoGRMcylj6sADU8q1xIu28l/2B4kR4FA="},"lastRemoteEphemeralKey":"BdTZJwB/PtZdn7Hq5w4M9MTucKyFeWSeitfiPtUA4n9f","previousCounter":0,"rootKey":"AHrMoETdKrtAakHiSuIY6qsEp8tA240iLW+Xe1fJEOg="},"indexInfo":{"baseKey":"BaIF6YAr417cccWo7Zm6mI1l5UA4yj30iQ1lTEcdE2pF","baseKeyType":1,"closed":-1,"used":1703091794615,"created":1703091794615,"remoteIdentityKey":"BYm8yr5xkl3TTBb8GQZJqK16zGTCdSX8aqUEeVaLYOl0"},"_chains":{"BZieokwvxaduJW5mcIsMmSY+bZwwd0/UDaPOXAhQ++M9":{"chainKey":{"counter":1,"key":"g+WilESkEGML5CImPKYjM9g8ulG1+Vrbmq6hj3XAKUU="},"chainType":1,"messageKeys":{}}},"pendingPreKey":{"signedKeyId":3,"baseKey":"BaIF6YAr417cccWo7Zm6mI1l5UA4yj30iQ1lTEcdE2pF"}}},"version":"v1"}