{"_sessions":{"BRoRF2IWj88qogpkeGCYz/fZ1//ww/KCTcFrXnVl5Cgr":{"registrationId":2087982234,"currentRatchet":{"ephemeralKeyPair":{"pubKey":"Be9WJtGE5SsTUkvUVtutMb0Z6QXKgnGVGdhNxrwpWrRw","privKey":"IL7hSUbt8CFJU/lgPGWFJyLVg39VujfE4WvwXOF6amM="},"lastRemoteEphemeralKey":"BSaKBBhl8PI47pUauPktH4oxi9TGWXYudPZHqDi0yfks","previousCounter":0,"rootKey":"dC29xQeHvoNh1hRftP79P23j0q01hdI7/x42hs0Iglc="},"indexInfo":{"baseKey":"BRoRF2IWj88qogpkeGCYz/fZ1//ww/KCTcFrXnVl5Cgr","baseKeyType":1,"closed":-1,"used":1703091794914,"created":1703091794914,"remoteIdentityKey":"BUnvCRLxk1mDvo0wJWjUvdfujr1S0MOOWDzM/suj1Sp+"},"_chains":{"Be9WJtGE5SsTUkvUVtutMb0Z6QXKgnGVGdhNxrwpWrRw":{"chainKey":{"counter":1,"key":"Xm1xH/D+K/aNAIaq5nwz+F7p+6HBZNXoF92MGLAqhNU="},"chainType":1,"messageKeys":{}}},"pendingPreKey":{"signedKeyId":8,"baseKey":"BRoRF2IWj88qogpkeGCYz/fZ1//ww/KCTcFrXnVl5Cgr","preKeyId":3628182}}},"version":"v1"}