{"_sessions":{"BTT2bM+mNj+heHoMWDzGuWnSPqpEMqC+GjmEvK10CiAv":{"registrationId":1898471114,"currentRatchet":{"ephemeralKeyPair":{"pubKey":"BdlYjH4+hLa6bTQ1LV/XVoe7Ce1IUIkjZ+6U5qCeJe58","privKey":"mPmwRcLKhhj9EUPScn4VozmmCCtG1HKdjlOOcryX9WY="},"lastRemoteEphemeralKey":"BTtFncMZvMofvo3WovFTwONb1upE8EentgGK7MvdMTQb","previousCounter":0,"rootKey":"nnQdJUvgQRg3lp5y1KaGi5J7IZVgeD5a8PnflvqDQwk="},"indexInfo":{"baseKey":"BTT2bM+mNj+heHoMWDzGuWnSPqpEMqC+GjmEvK10CiAv","baseKeyType":1,"closed":-1,"used":1703091794599,"created":1703091794599,"remoteIdentityKey":"Bc8wKmDfIjIpLJUpYodBlL2It4N/mji1rlZN7+LdaTJR"},"_chains":{"BdlYjH4+hLa6bTQ1LV/XVoe7Ce1IUIkjZ+6U5qCeJe58":{"chainKey":{"counter":1,"key":"/M+l1V43VyDzCvPwc+e7F7xhEcGzG+zT1W5x7UqK9Qo="},"chainType":1,"messageKeys":{}}},"pendingPreKey":{"signedKeyId":1,"baseKey":"BTT2bM+mNj+heHoMWDzGuWnSPqpEMqC+GjmEvK10CiAv","preKeyId":536980}}},"version":"v1"}