{"_sessions":{"BVNS8GnpWm4cTQOdHi0RuxTTwJFGBiRlWCLnIrA0buxK":{"registrationId":93074548,"currentRatchet":{"ephemeralKeyPair":{"pubKey":"BQhL/Ikr6Cp3h0lOXMBVpiPn3gPj0bc7BY1TrG/c95wr","privKey":"GDja+DUvmuEx06W7GrqdfW1QRqOdPxwRCcmgfkG+9FE="},"lastRemoteEphemeralKey":"BR3CLFt+CR3dRhadCuNZUD1cCeqjnaUXF2K8WN+037Q9","previousCounter":0,"rootKey":"miCILSOGSlMAGpkgb5lWN6i7d68EZQWCv/a2BUulnjQ="},"indexInfo":{"baseKey":"BVNS8GnpWm4cTQOdHi0RuxTTwJFGBiRlWCLnIrA0buxK","baseKeyType":1,"closed":-1,"used":1703091795123,"created":1703091795123,"remoteIdentityKey":"BYhD7Jw93XuQIaBd1ezP8y5u4m8lPXo+I7qBFFKDsAwt"},"_chains":{"BQhL/Ikr6Cp3h0lOXMBVpiPn3gPj0bc7BY1TrG/c95wr":{"chainKey":{"counter":1,"key":"GIgqzmhdngkBZ3pMY9sAqw3tGCtE6Tw3qQ8glKle638="},"chainType":1,"messageKeys":{}}},"pendingPreKey":{"signedKeyId":0,"baseKey":"BVNS8GnpWm4cTQOdHi0RuxTTwJFGBiRlWCLnIrA0buxK","preKeyId":11167191}}},"version":"v1"}