{"_sessions":{"BVUGmS5vRqDuNPg4l3frhmRPhy9KOZ9YHJo6lUlHBVcK":{"registrationId":718762447,"currentRatchet":{"ephemeralKeyPair":{"pubKey":"BVWHUl3HvD3tu51YYgI1Y8G8gHpa+KqVi7BKfleQ6HsI","privKey":"wBFqCMxF51KYOygsNBFzJ+dDT5yuH4DeBxdDSkMrjEU="},"lastRemoteEphemeralKey":"BYr/Ur9DzBupO/5J6MDEwn+euhG7x+iyIF6AYv+yGHFv","previousCounter":0,"rootKey":"eqkXydnQawAEN1MLm9NXrxFi3RltLlcQDLCGDJLMUsM="},"indexInfo":{"baseKey":"BVUGmS5vRqDuNPg4l3frhmRPhy9KOZ9YHJo6lUlHBVcK","baseKeyType":1,"closed":-1,"used":1703091795011,"created":1703091795011,"remoteIdentityKey":"BabnQJxed+he4Y5/mHA93OAPgaQLH61YWCyv2HV/U4Bw"},"_chains":{"BVWHUl3HvD3tu51YYgI1Y8G8gHpa+KqVi7BKfleQ6HsI":{"chainKey":{"counter":1,"key":"FCHlzcO89p3ZaWgVQLt2YUv24M2B2S9eXqO6qqG4afA="},"chainType":1,"messageKeys":{}}},"pendingPreKey":{"signedKeyId":3,"baseKey":"BVUGmS5vRqDuNPg4l3frhmRPhy9KOZ9YHJo6lUlHBVcK","preKeyId":16634518}}},"version":"v1"}