{"_sessions":{"BeoT1jthPqU5NWnsgITvy2XZZS9DP6uFmFEqDFLXSuYh":{"registrationId":138,"currentRatchet":{"ephemeralKeyPair":{"pubKey":"BXY19cbuKM5E/gLTBfnD0K+8+A0g90/K8diZEFsutFRW","privKey":"mMplTOoSPqVUq0m69hiaYhBRb5pobUVvyCW71nErgFc="},"lastRemoteEphemeralKey":"BWgH5xpHdx3vjdoYKu6+z3A7cy0l+cy4Ys5KpGNVbv5u","previousCounter":0,"rootKey":"4bS6dmZgS5Ql0YzBuQfWi/4r+7pTloBoDUE87lyfLo4="},"indexInfo":{"baseKey":"BeoT1jthPqU5NWnsgITvy2XZZS9DP6uFmFEqDFLXSuYh","baseKeyType":2,"closed":-1,"used":1703086013242,"created":1703086013242,"remoteIdentityKey":"BTnPZVyRsK1j+gJgtM3vgAGiXCMhr6ldL7fgSPbbNqUM"},"_chains":{"BWgH5xpHdx3vjdoYKu6+z3A7cy0l+cy4Ys5KpGNVbv5u":{"chainKey":{"counter":4,"key":"KEr8xhbl7WBjMpunHHeJtEfe2RZxVR6tiRsuIhT4dm4="},"chainType":2,"messageKeys":{}},"BXY19cbuKM5E/gLTBfnD0K+8+A0g90/K8diZEFsutFRW":{"chainKey":{"counter":-1,"key":"Q2nlgds8JHoAAhdfedaRdPrJVg7cK90P1gFkdQBoqMc="},"chainType":1,"messageKeys":{}}}}},"version":"v1"}