{"_sessions":{"BTgxoWF8xRVKtvLX2/9VXa98VFa4iKwH0zbe+m5ETOQ7":{"registrationId":52,"currentRatchet":{"ephemeralKeyPair":{"pubKey":"BaMcugJp6epps8yRLSeihHm9mxig9ZXXPJ68O3WYFm9J","privKey":"sBwjSHTQDK11PrEWo1hAI4jJ6PRF0QJoTULvF1UiImw="},"lastRemoteEphemeralKey":"BYCI8qTHVeOd8MWdfpjMXSJ92McbZBoQC/8IU4+0EMB1","previousCounter":0,"rootKey":"QH/RCedEf+JlsR/cvm17KPmpfXBeXeK4X9aj0TIDoKk="},"indexInfo":{"baseKey":"BTgxoWF8xRVKtvLX2/9VXa98VFa4iKwH0zbe+m5ETOQ7","baseKeyType":1,"closed":-1,"used":1703091794587,"created":1703091794587,"remoteIdentityKey":"BYUOgKohx6tCy6qRP3huvWYxiSX4vzuLTcFsq+MKAS1Q"},"_chains":{"BaMcugJp6epps8yRLSeihHm9mxig9ZXXPJ68O3WYFm9J":{"chainKey":{"counter":1,"key":"/Kdx1VGJJEnNy9m4npN/37KPdheIqmS+qltYJKHRi4g="},"chainType":1,"messageKeys":{}}},"pendingPreKey":{"signedKeyId":1,"baseKey":"BTgxoWF8xRVKtvLX2/9VXa98VFa4iKwH0zbe+m5ETOQ7"}}},"version":"v1"}