{"_sessions":{"BcBBNFup8gOLB346FoqgIQSis688PmxevPLiNGuhj5x8":{"registrationId":2051916675,"currentRatchet":{"ephemeralKeyPair":{"pubKey":"BS8H+D5YG2plVbURZpZOa/UgqLDuutembeac4EZ2NEAn","privKey":"oAUQ42nAD0oZx+86EK4mlgxBonOU14/w0VMXg+aABmw="},"lastRemoteEphemeralKey":"BXOevE9M++SB9imJxNKUKUH6d88+EqevngebuB/tr+B+","previousCounter":0,"rootKey":"SFquGmEdbpfiVAY6829dHls9KYAIZLIzPEhChFzU3rI="},"indexInfo":{"baseKey":"BcBBNFup8gOLB346FoqgIQSis688PmxevPLiNGuhj5x8","baseKeyType":2,"closed":-1,"used":1703084096662,"created":1703084096662,"remoteIdentityKey":"BYiAJAorVBk1hEGQxn+HEHjqkokhzPP3jR3tDnz0f1J9"},"_chains":{"BXOevE9M++SB9imJxNKUKUH6d88+EqevngebuB/tr+B+":{"chainKey":{"counter":0,"key":"WBTDNT+wOnBFmsixEB1PnjnHnNBK62f6JafJ8nlT+F4="},"chainType":2,"messageKeys":{}},"BS8H+D5YG2plVbURZpZOa/UgqLDuutembeac4EZ2NEAn":{"chainKey":{"counter":-1,"key":"3nkMDRCbjlmte2dpJWHy1+tjNOyTvVgKFzSf3OQzIQI="},"chainType":1,"messageKeys":{}}}}},"version":"v1"}