{"_sessions":{"BXpvKiU/d7i66o7OowYoiyvxLzXvhYugmi9zL1Jk6Ydx":{"registrationId":751755877,"currentRatchet":{"ephemeralKeyPair":{"pubKey":"Bb9RibFbtgVhlsYoNyOkPRCFWZ5R/ZMwtzI1KEV5RaYn","privKey":"KMeVnCkbsLz6Sw0dcpOnHFRqMl/3w0ZqvKajPJXjjGY="},"lastRemoteEphemeralKey":"BXCriDHu9GLwyQj1cKgWoZJKchetJicrZcorMMBWUnlh","previousCounter":0,"rootKey":"9ZM/rGJLxS/HzM8QbESsGFhvqcRyJz2k1sSdM9u0KHo="},"indexInfo":{"baseKey":"BXpvKiU/d7i66o7OowYoiyvxLzXvhYugmi9zL1Jk6Ydx","baseKeyType":1,"closed":-1,"used":1703091794888,"created":1703091794888,"remoteIdentityKey":"Be+JrYUEDXR3VVE/FJi40QHDGK7e2sr387m50ZsludoU"},"_chains":{"Bb9RibFbtgVhlsYoNyOkPRCFWZ5R/ZMwtzI1KEV5RaYn":{"chainKey":{"counter":1,"key":"35lsZC970lUx1aByx+qHLCoaS5P0XuOKWX8dxtzUruI="},"chainType":1,"messageKeys":{}}},"pendingPreKey":{"signedKeyId":11703344,"baseKey":"BXpvKiU/d7i66o7OowYoiyvxLzXvhYugmi9zL1Jk6Ydx","preKeyId":1523}}},"version":"v1"}