{"_sessions":{"Bee8Tks2CirPVlc5ExiAeM0RrwKv+Mnf6BOz4nbeLala":{"registrationId":393718219,"currentRatchet":{"ephemeralKeyPair":{"pubKey":"Bfoj7pBRc7SlgHXCC1y3gRCwVLd2svBc0JNjNZmOX5Bn","privKey":"GBXQg2stWsCiQmBIgQzJfz9+wBsR1Znh/yxIWxTLOEo="},"lastRemoteEphemeralKey":"Be+dbwM1s0zoU30xTK1M1vdestjlMcBOcTK7tLEdmGl+","previousCounter":0,"rootKey":"pJwTOWWrOAmzN3LikDBqTEnohL/EYkDep/pUIGr8n2k="},"indexInfo":{"baseKey":"Bee8Tks2CirPVlc5ExiAeM0RrwKv+Mnf6BOz4nbeLala","baseKeyType":1,"closed":-1,"used":1703091794610,"created":1703091794610,"remoteIdentityKey":"BXMX+PdF/OSgPndZO6bk1VPbIjNJ2rsyZ0DswmQqtqtM"},"_chains":{"Bfoj7pBRc7SlgHXCC1y3gRCwVLd2svBc0JNjNZmOX5Bn":{"chainKey":{"counter":1,"key":"WPGzlNUTdeKo4eiPaTopB6po/RYzwFI8olQnEzXohX4="},"chainType":1,"messageKeys":{}}},"pendingPreKey":{"signedKeyId":0,"baseKey":"Bee8Tks2CirPVlc5ExiAeM0RrwKv+Mnf6BOz4nbeLala","preKeyId":453430}}},"version":"v1"}