{"_sessions":{"BQDbgPt6iSB4Kf0EIfTFrSUSd9T8v19ZPuxXoQ0vmasd":{"registrationId":1528382704,"currentRatchet":{"ephemeralKeyPair":{"pubKey":"BTMzXbxXRn1ecU83q6avXV8nv/UZcYv/iaa7793Yne4o","privKey":"ILwrmQqCPPtN2rMBWBCSt92ujxjW0GFZKGzK/AEUvU8="},"lastRemoteEphemeralKey":"BaPWolYPra8LfJyL0026NHc5LBR4pe5ZqNExaMymkF45","previousCounter":0,"rootKey":"YJWoFW0HUzv2TQCnWikxDZKfLSfoQC+j75MNjOz8/70="},"indexInfo":{"baseKey":"BQDbgPt6iSB4Kf0EIfTFrSUSd9T8v19ZPuxXoQ0vmasd","baseKeyType":2,"closed":-1,"used":1703084569396,"created":1703084569396,"remoteIdentityKey":"BeVyGQDBhfzaU8rCDip4wzIkxCRGSVyeUsM90pEPouID"},"_chains":{"BaPWolYPra8LfJyL0026NHc5LBR4pe5ZqNExaMymkF45":{"chainKey":{"counter":0,"key":"xc+sGJBq+7e2af7ERdBc+zwLrnvjehdwZRS4aHFbvAI="},"chainType":2,"messageKeys":{}},"BTMzXbxXRn1ecU83q6avXV8nv/UZcYv/iaa7793Yne4o":{"chainKey":{"counter":1,"key":"ApXvNLdZBwLjCykkzD1vxpYKlLcEqQ2P7cdC2nsDTLo="},"chainType":1,"messageKeys":{}}}}},"version":"v1"}