{"_sessions":{"BRtnvSJa4/6GHPZPWm9bJpBZTStUEf7XfTkkp1nOwjMl":{"registrationId":1441250260,"currentRatchet":{"ephemeralKeyPair":{"pubKey":"BSaqQD13RQwCl72huIq8KG9L76zBtQWRlA52KTvE/rVj","privKey":"KHEpeUypYAyhfNsthi0jHzUOf9a46MCfYqW9hicQQ38="},"lastRemoteEphemeralKey":"BVlN0BunJE8SaIEQbIFUiT1vxg3ZKU5FBDhBgW0r2p9M","previousCounter":0,"rootKey":"PhNycGfgscPnSfquoqWOVHiz5plx837fOb5/Yso+Uuw="},"indexInfo":{"baseKey":"BRtnvSJa4/6GHPZPWm9bJpBZTStUEf7XfTkkp1nOwjMl","baseKeyType":1,"closed":-1,"used":1703091794906,"created":1703091794906,"remoteIdentityKey":"BWef+Jfo+mDGhSt3XOvD6QHOZ6M3vgZWfh7bYWIFcQVD"},"_chains":{"BSaqQD13RQwCl72huIq8KG9L76zBtQWRlA52KTvE/rVj":{"chainKey":{"counter":1,"key":"fBfNMNVt6sDMbsXOhmKFlKPd2xD81GBUmMC7m4cUY3c="},"chainType":1,"messageKeys":{}}},"pendingPreKey":{"signedKeyId":0,"baseKey":"BRtnvSJa4/6GHPZPWm9bJpBZTStUEf7XfTkkp1nOwjMl","preKeyId":6233864}}},"version":"v1"}