{"_sessions":{"BUBlNvsswVF1GCPYFE/BIRVZfq4oiAlrAFOAr9tQMXQc":{"registrationId":879175546,"currentRatchet":{"ephemeralKeyPair":{"pubKey":"BYeZxemwTvb5vXhaaZWUZY5e+IUXPcNK1XeReudqHsJS","privKey":"wHg+7SWrG/QhtX98QSvEEJiRRvwZKNcwomQxAfF/lV0="},"lastRemoteEphemeralKey":"BSw04Lcm+Pva5oJ+B3vtwf2BAkPC6M4Qj/OwwgNGmbJw","previousCounter":0,"rootKey":"HIWSTJw51IZpIjfYeStgHl2mI+EqATsBO5a+/iUY25A="},"indexInfo":{"baseKey":"BUBlNvsswVF1GCPYFE/BIRVZfq4oiAlrAFOAr9tQMXQc","baseKeyType":1,"closed":-1,"used":1703091794608,"created":1703091794608,"remoteIdentityKey":"BZu9b7Clx95YSIK/x5nCx/05dH59lz1gxC17TisWvZtQ"},"_chains":{"BYeZxemwTvb5vXhaaZWUZY5e+IUXPcNK1XeReudqHsJS":{"chainKey":{"counter":1,"key":"WpdfoWOC6WRHIzEe5Es/BtNvr+XiPxGCh5UxoRZo/ZQ="},"chainType":1,"messageKeys":{}}},"pendingPreKey":{"signedKeyId":0,"baseKey":"BUBlNvsswVF1GCPYFE/BIRVZfq4oiAlrAFOAr9tQMXQc","preKeyId":6820617}}},"version":"v1"}