{"_sessions":{"Bd4U/3StU2IWBIVo9d6D6AjgX7yI2nX9xTJ01l7qEk8k":{"registrationId":53,"currentRatchet":{"ephemeralKeyPair":{"pubKey":"BdUyL65lM5SVeeNeWif/KRHuLnJFXj7Gq6Yk3F4iv79Y","privKey":"QKpM0f5JuF88S762Yj4CkaHjD2NIVX4FNoXtKcDmdmo="},"lastRemoteEphemeralKey":"BdJyY0XimSxctxEja5cS//9wovUeebxukkcNlZ3hZcRm","previousCounter":0,"rootKey":"jrt/uMOkLurIfVkTDNUyFFD3L1ckcjxJD311MAhlNuQ="},"indexInfo":{"baseKey":"Bd4U/3StU2IWBIVo9d6D6AjgX7yI2nX9xTJ01l7qEk8k","baseKeyType":1,"closed":-1,"used":1703091794480,"created":1703091794480,"remoteIdentityKey":"BZn0cOii4Xy0VKjHv3ok8/yikVcOZp9hWO0qxO8ABmBN"},"_chains":{"BdUyL65lM5SVeeNeWif/KRHuLnJFXj7Gq6Yk3F4iv79Y":{"chainKey":{"counter":1,"key":"MI6pWrKMtvnn8D90byIupr4lWxZYmbfrPjv6WIWZIPQ="},"chainType":1,"messageKeys":{}}},"pendingPreKey":{"signedKeyId":1,"baseKey":"Bd4U/3StU2IWBIVo9d6D6AjgX7yI2nX9xTJ01l7qEk8k"}}},"version":"v1"}