{"_sessions":{"BUro9DmUquqyzjXG/QwSVNvlLr2pY1Ebd9egxg//5/gg":{"registrationId":985134873,"currentRatchet":{"ephemeralKeyPair":{"pubKey":"BewncDonc572/XrGJECCv3lJOdUURIkMSLP3zYjFlyEl","privKey":"qGm9nnW1olbMtQIKjZ9uJaucH5Tu7+3pZMqK2NSv2lQ="},"lastRemoteEphemeralKey":"BV2UZAIs7yGxig2ELEugjmFyJ/1pe3eJCsKTvfrXnPp/","previousCounter":0,"rootKey":"KVQrDsNIi3GdLbycR2bxRdUSNkIU+/R7xhxoABILLxY="},"indexInfo":{"baseKey":"BUro9DmUquqyzjXG/QwSVNvlLr2pY1Ebd9egxg//5/gg","baseKeyType":1,"closed":-1,"used":1703091795119,"created":1703091795119,"remoteIdentityKey":"BXq15vN08P9oaQCuIgKHEa+izpxOJ5/kJn86ZxLH3/l0"},"_chains":{"BewncDonc572/XrGJECCv3lJOdUURIkMSLP3zYjFlyEl":{"chainKey":{"counter":1,"key":"4AhhCWsmCfSckpd3oVGFaXmjZKqp/EzXEAkwHwjdma0="},"chainType":1,"messageKeys":{}}},"pendingPreKey":{"signedKeyId":3,"baseKey":"BUro9DmUquqyzjXG/QwSVNvlLr2pY1Ebd9egxg//5/gg","preKeyId":3194262}}},"version":"v1"}