{"_sessions":{"BRLVC7Pps1ywIrBngwKST2QZ9gz2NX9ozSjDfJnIDip5":{"registrationId":1054042008,"currentRatchet":{"ephemeralKeyPair":{"pubKey":"BXx1P87hgrXqCpK+vcmWqMxuKHiqZdIdB3gRwzEeJQtE","privKey":"aOgEmw023S5aPOQAGexbMeINz57ELOM8WQos0DFocmM="},"lastRemoteEphemeralKey":"Bf5zuJzHH/wYuqHeDegWGeLbZz4r/GSe39IiBgNfgX5D","previousCounter":0,"rootKey":"BAtCO1B9Cr2WeknHMlVvI6VspPIdRJOYeZ6k8myJrok="},"indexInfo":{"baseKey":"BRLVC7Pps1ywIrBngwKST2QZ9gz2NX9ozSjDfJnIDip5","baseKeyType":1,"closed":-1,"used":1703113036545,"created":1703113036545,"remoteIdentityKey":"BcDCyS6nUzi/3mdHmYoOWPZh0VbC44bqyN8QCzFLUBEq"},"_chains":{"BXx1P87hgrXqCpK+vcmWqMxuKHiqZdIdB3gRwzEeJQtE":{"chainKey":{"counter":0,"key":"nWs2SeCD9JhGlVzanIvOMZ2V5vBPLLJ/5AtgcxvjAmE="},"chainType":1,"messageKeys":{}}},"pendingPreKey":{"signedKeyId":0,"baseKey":"BRLVC7Pps1ywIrBngwKST2QZ9gz2NX9ozSjDfJnIDip5","preKeyId":10220707}}},"version":"v1"}