{"_sessions":{"BZ2UL62hl4oyeFVnjlK9FSnkTSC8o+d3NXvHlWKLnDVi":{"registrationId":1467792430,"currentRatchet":{"ephemeralKeyPair":{"pubKey":"BdeBn+4Gd1Yo02r00L/vKpcpUmCkKNOJ/MxbLhNZ3Y4z","privKey":"mJUC7dpmRAf9Ed5OfaF7Ti+QNYZXd/mE0F3HVG5Dqkk="},"lastRemoteEphemeralKey":"BYHNm3t8gqaN+jwgK35Hx3bH4thahJ6Q3+ixJdzIhnZc","previousCounter":0,"rootKey":"5WXXexuPPqPP4PggOBkt56i18V3n6plSc9Pj12Ue4Y0="},"indexInfo":{"baseKey":"BZ2UL62hl4oyeFVnjlK9FSnkTSC8o+d3NXvHlWKLnDVi","baseKeyType":1,"closed":-1,"used":1703091795115,"created":1703091795115,"remoteIdentityKey":"BQFhD0KRkXo/MogeT8KCWBrR9gGT2+UqNwixc3LezyMJ"},"_chains":{"BdeBn+4Gd1Yo02r00L/vKpcpUmCkKNOJ/MxbLhNZ3Y4z":{"chainKey":{"counter":1,"key":"SJ3rDNgMteLh15BD/8T/Fw53rU95+7FYuiT6IeaJ8Ug="},"chainType":1,"messageKeys":{}}},"pendingPreKey":{"signedKeyId":5,"baseKey":"BZ2UL62hl4oyeFVnjlK9FSnkTSC8o+d3NXvHlWKLnDVi","preKeyId":1958328}}},"version":"v1"}