{"_sessions":{"BbHcQE2KhrO/UIjy7gZHoOzPW8B07KXOHCekYzHdwMVX":{"registrationId":349377886,"currentRatchet":{"ephemeralKeyPair":{"pubKey":"BcdiVGJH6QJwt+hme3qaMMFEuKdtas3CSOVEjePbip4w","privKey":"iG0/Xd9gZFyG7cR9ylsyOqIbOoNUFkNSk5tHpXiTpGw="},"lastRemoteEphemeralKey":"BXv+sGCdzFYi77Vmn9EmhIMTXkM4siZTCtRveXzKZuR0","previousCounter":0,"rootKey":"O2kamzBBwyGyWUn4OoUjyxcmef+rWp9XmEdjYpOouMQ="},"indexInfo":{"baseKey":"BbHcQE2KhrO/UIjy7gZHoOzPW8B07KXOHCekYzHdwMVX","baseKeyType":2,"closed":-1,"used":1703103241849,"created":1703103241849,"remoteIdentityKey":"BWUai0nLcyRXw0mX0cRy/vu2KuLUTlcVB+Zex7BViakS"},"_chains":{"BXv+sGCdzFYi77Vmn9EmhIMTXkM4siZTCtRveXzKZuR0":{"chainKey":{"counter":0,"key":"MzBajjJJ2boVtP/QX27bpoPozo9w5tcZnR6vvXxVGgo="},"chainType":2,"messageKeys":{}},"BcdiVGJH6QJwt+hme3qaMMFEuKdtas3CSOVEjePbip4w":{"chainKey":{"counter":-1,"key":"rVMdMxifj2iKnJ2P5lNlr/2v2FmqvWcYugDIPgr9QUM="},"chainType":1,"messageKeys":{}}}}},"version":"v1"}