{"_sessions":{"BZtIGjJJU4QQbSlvovSosc3Fvzo0eLcd971szpLzjVIc":{"registrationId":93,"currentRatchet":{"ephemeralKeyPair":{"pubKey":"BblefbBzGgGGi0XVwIQDD5+N1pfQkoCdzFiIbVwONRVm","privKey":"ILZmeoC1mOIdi4c+MGsbF0Hou0NUei3czdjjjL/o30I="},"lastRemoteEphemeralKey":"BcnfD1OKD9W5vaZKbIzlvl4hu0eBBgFdARW3QxkwvJpn","previousCounter":0,"rootKey":"z7aGWwnTP4EvZQRNEBqd9PfPbmgzNauA2BWA6tgrJ8Y="},"indexInfo":{"baseKey":"BZtIGjJJU4QQbSlvovSosc3Fvzo0eLcd971szpLzjVIc","baseKeyType":1,"closed":-1,"used":1703091794482,"created":1703091794482,"remoteIdentityKey":"BUnXpIAwhJfb8NF83bGwBa6OT+bXzwZ6OOtzJhKOoZE6"},"_chains":{"BblefbBzGgGGi0XVwIQDD5+N1pfQkoCdzFiIbVwONRVm":{"chainKey":{"counter":1,"key":"bZSU/PmLrbYlJ75N/pHFUd3kV0491ZUZPpmZLZ+Lq4c="},"chainType":1,"messageKeys":{}}},"pendingPreKey":{"signedKeyId":1,"baseKey":"BZtIGjJJU4QQbSlvovSosc3Fvzo0eLcd971szpLzjVIc"}}},"version":"v1"}