{"_sessions":{"BUB//j6iVuDea23Cgf5s807YcodKVLZ/hfHrV9s+124d":{"registrationId":843203245,"currentRatchet":{"ephemeralKeyPair":{"pubKey":"BXMbeupnZoyYGU9oxmbUJlRK8uiLvRkjkm/Fn1vldd0X","privKey":"iOKHhZeJa89rjeMH7xjKy1SwodSU+XrDLLCBre5JiVM="},"lastRemoteEphemeralKey":"BcboZhEvcDOmhFa1VHU+4/fMiePE2g5xR6gW62zhEpFg","previousCounter":0,"rootKey":"sFrq8n3SbzGLXRl9AZeFPkrsuwLI4+khw8PaPxAz4Q0="},"indexInfo":{"baseKey":"BUB//j6iVuDea23Cgf5s807YcodKVLZ/hfHrV9s+124d","baseKeyType":2,"closed":-1,"used":1703086352333,"created":1703086352333,"remoteIdentityKey":"Bbxnm6qHYcnAbx17eiUA7EiiXDoDgobHkFijPowhA+Rz"},"_chains":{"BcboZhEvcDOmhFa1VHU+4/fMiePE2g5xR6gW62zhEpFg":{"chainKey":{"counter":0,"key":"7JWMHm2BJ9aArdDJo4fwt/9be7mxEJ5H8/1tAeY7jJ4="},"chainType":2,"messageKeys":{}},"BXMbeupnZoyYGU9oxmbUJlRK8uiLvRkjkm/Fn1vldd0X":{"chainKey":{"counter":-1,"key":"tZ5TV9ys1LJKgrz13htFGMbYaRbGMFTNJFPOnu4TTqk="},"chainType":1,"messageKeys":{}}}}},"version":"v1"}