{"_sessions":{"BZIxWP8BXo6XEhX6QtaqfJAOP4iv3l4H+oJG0eCEwI8+":{"registrationId":157,"currentRatchet":{"ephemeralKeyPair":{"pubKey":"BbG6nwwRkQUWuk9vQ5TpzXmpGgU1obt/o62tpwEZfsdh","privKey":"SMUICAuhsXvTQ+UyYJYfcmWhOAGP4aUd4OICbMdSjnI="},"lastRemoteEphemeralKey":"BQwdsfNuyaWhs7yqKRyphG86dBIIkPM2Zj4U09k6Nol5","previousCounter":0,"rootKey":"JzUlpwYpuzalOzjiKRFRGv5pzymJWpaU3YieAzVGooU="},"indexInfo":{"baseKey":"BZIxWP8BXo6XEhX6QtaqfJAOP4iv3l4H+oJG0eCEwI8+","baseKeyType":2,"closed":-1,"used":1703113643952,"created":1703086359265,"remoteIdentityKey":"Bb7G/8FDp9FMpbXJay0bEyIrXqoQI6DbadpvWW2Gxst/"},"_chains":{"BSa26IpOvO6c1bEZxV4UELwEVtzyfR/Q5fcNM0+OhBAD":{"chainKey":{"counter":10},"chainType":2,"messageKeys":{"6":"rPJm9o1R8MvUy9+0aewCqs50QLkq50Ul0DDWCr/SB9A=","7":"z2uRATmYJhrtdiL4CaZcOLUNVhWmVGGiQrcIaI3Je6M=","8":"vUzedl5LjsBdaL0j7bTx9J6gm/vLKRNt9Q3X1X/u2S8="}},"BYWHB/HudHMYmfkQzm4MdEasxoMT9Sv4U9/5vvofgxJ5":{"chainKey":{"counter":2},"chainType":2,"messageKeys":{}},"BQwdsfNuyaWhs7yqKRyphG86dBIIkPM2Zj4U09k6Nol5":{"chainKey":{"counter":27,"key":"YVjjC2h0bVSQZ/0ofo1EP8KtpFe9bkbQ1GCIvZZKU6o="},"chainType":2,"messageKeys":{}},"BbG6nwwRkQUWuk9vQ5TpzXmpGgU1obt/o62tpwEZfsdh":{"chainKey":{"counter":-1,"key":"BRc+xsYkjGJvn+HT9w3c5Xe+LP2LB1BEpMITZxsTXaw="},"chainType":1,"messageKeys":{}}}}},"version":"v1"}