{"_sessions":{"BVncQNePTcEq5NT8Lh65EgbmvjlxjYCDbiW/KPBEBwcg":{"registrationId":604332796,"currentRatchet":{"ephemeralKeyPair":{"pubKey":"BZKm6WH+53r6ymYpX6ZKL/W/Iil0hg2PIf0Gq217zOtG","privKey":"YKYQqf+F96x40BGnzSZ0rYDB9bZl9sxHXeppOD5XSFw="},"lastRemoteEphemeralKey":"BX8jgBp3sEFUIO+nJW6VYLuDaU5u6umhODV+BhvfkTQZ","previousCounter":0,"rootKey":"tqjA7WunlYVyW9JzHEgbaSZN+kd3OxnxjYRl0hr5Iio="},"indexInfo":{"baseKey":"BVncQNePTcEq5NT8Lh65EgbmvjlxjYCDbiW/KPBEBwcg","baseKeyType":1,"closed":-1,"used":1703091794604,"created":1703091794604,"remoteIdentityKey":"BWx5UaUqM1Mw2uedSTNCvVhhCqqogKis2pB09WS+OxVh"},"_chains":{"BZKm6WH+53r6ymYpX6ZKL/W/Iil0hg2PIf0Gq217zOtG":{"chainKey":{"counter":1,"key":"7QKX2YeE33UuWkrJ8YrhVdjEh4uR77KkcvcBVevAl2k="},"chainType":1,"messageKeys":{}}},"pendingPreKey":{"signedKeyId":9,"baseKey":"BVncQNePTcEq5NT8Lh65EgbmvjlxjYCDbiW/KPBEBwcg","preKeyId":3097056}}},"version":"v1"}