{"_sessions":{"BbERxazcayPLVZKgnaV7Qm6iqZpSawZ/btqt7fzSLnhy":{"registrationId":2094198198,"currentRatchet":{"ephemeralKeyPair":{"pubKey":"BYf6XV946C7UYBVWXQaO5nVdxF8M5YhuzboS78WtAxdA","privKey":"8OZ+4Av3yXXpKi7GFcEo9BLj0uG3Ca6qGuqbxYMd0EU="},"lastRemoteEphemeralKey":"BScFwhvIXhiizZBKFAYJCy+GWrvAmh+8qpQNtI32slZo","previousCounter":0,"rootKey":"LCgBKh3br0UYMlp6thJsrXhTw91vATCFENURnV3GosM="},"indexInfo":{"baseKey":"BbERxazcayPLVZKgnaV7Qm6iqZpSawZ/btqt7fzSLnhy","baseKeyType":1,"closed":-1,"used":1703094698484,"created":1703091794881,"remoteIdentityKey":"BXF30U/f7SGUT4/GVGUUIioC5geb8ZpjTjHIDbiWNFVq"},"_chains":{"BScFwhvIXhiizZBKFAYJCy+GWrvAmh+8qpQNtI32slZo":{"chainKey":{"counter":0,"key":"+mXc4SChaAWWngKLMpnRHgaQajv8pAWwRPe29Wd3HYY="},"chainType":2,"messageKeys":{}},"BYf6XV946C7UYBVWXQaO5nVdxF8M5YhuzboS78WtAxdA":{"chainKey":{"counter":0,"key":"Ua1U1weinT5jezvx1iMZCYPqI+pg5iZayn42j0daueM="},"chainType":1,"messageKeys":{}}}}},"version":"v1"}