{"_sessions":{"BfYC1j7g/8KFrLuTvOslY1SiHnUKwuWZdVLjHNPoLYdS":{"registrationId":2062321390,"currentRatchet":{"ephemeralKeyPair":{"pubKey":"BRuNa0nwL95ZfHu8dKmMy9KBQI/A6A7k23Un3tjRmH1s","privKey":"8EXJ5Qi586Me0k1OClqtRvzSfl9kmzauFWOPBGPx6FA="},"lastRemoteEphemeralKey":"BYjmiLIAofH3kxY6TdKC/iPKqxmohapuut3bdGC408BH","previousCounter":0,"rootKey":"Dpp8ksZdLmZqBDBgCyGw63f8uPIHpSZpvWmX4wdMWZM="},"indexInfo":{"baseKey":"BfYC1j7g/8KFrLuTvOslY1SiHnUKwuWZdVLjHNPoLYdS","baseKeyType":1,"closed":-1,"used":1703091795019,"created":1703091795019,"remoteIdentityKey":"BYyVY9tN3ER9OjlnVD52zok8RkoRd60lHoCQ7Bga8psz"},"_chains":{"BRuNa0nwL95ZfHu8dKmMy9KBQI/A6A7k23Un3tjRmH1s":{"chainKey":{"counter":1,"key":"YFSS+9KT5KgYdD15Yz5w4Ri8XbYMS0WxlWuqpKgL+WM="},"chainType":1,"messageKeys":{}}},"pendingPreKey":{"signedKeyId":4,"baseKey":"BfYC1j7g/8KFrLuTvOslY1SiHnUKwuWZdVLjHNPoLYdS","preKeyId":2036037}}},"version":"v1"}