{"_sessions":{"Bc6EYHYEu3j7UPv0ti0BfUTnZySh/C7ijDFM9H5V228r":{"registrationId":1901544041,"currentRatchet":{"ephemeralKeyPair":{"pubKey":"BfCsLccEX2+ylXCyAvVFPOSUX60jsK1YGQC7kxOPSOMp","privKey":"KEHPG9J4mPDDi5/+Kr2Ba2eQcLaXOr3eANTOFJ7qREY="},"lastRemoteEphemeralKey":"BXdNYpTs50iJdD9haRyd0BWx0rnn+KjQdRa23wADa+MX","previousCounter":0,"rootKey":"ACcF4bus5HyYvdaQbdEE0ZVlj1d4FPY1WK42ZVlENuI="},"indexInfo":{"baseKey":"Bc6EYHYEu3j7UPv0ti0BfUTnZySh/C7ijDFM9H5V228r","baseKeyType":2,"closed":-1,"used":1703083804132,"created":1703083804132,"remoteIdentityKey":"Bf9HtLnBc8mSXavDJ2rmGErxf9dsIZpOyd9hj/KtLyQ6"},"_chains":{"BXdNYpTs50iJdD9haRyd0BWx0rnn+KjQdRa23wADa+MX":{"chainKey":{"counter":0,"key":"aqN+wjjt+7FkO1MllfaQ4dLquazm1WwSYSdDL0UFZ0k="},"chainType":2,"messageKeys":{}},"BfCsLccEX2+ylXCyAvVFPOSUX60jsK1YGQC7kxOPSOMp":{"chainKey":{"counter":-1,"key":"cD/nq0azYY3SjetNFP39rz6pDrYic4KoTVBwGSMxQNY="},"chainType":1,"messageKeys":{}}}}},"version":"v1"}