{"_sessions":{"BYQ5lK6lKIoOcO5xLk2yxu/uWjnjeI2JfcaU21Ak6cBs":{"registrationId":1765687752,"currentRatchet":{"ephemeralKeyPair":{"pubKey":"BV3Wifqys4nUx2HoUPZ8rrfDXhuNoLhBRxdw8EkepspM","privKey":"OIb8RWiwSRnVXEAPJk/MES1xXYHrkB/g02lY+Pyz2VI="},"lastRemoteEphemeralKey":"BdAjYLIutOnkUVF1YiUEumyjrGT3vxgj9epw2Dkr7WVd","previousCounter":0,"rootKey":"oGQFQ0EALZ8q/iCaIURN/9JRr/PG8uy6xWgmRS7yHhQ="},"indexInfo":{"baseKey":"BYQ5lK6lKIoOcO5xLk2yxu/uWjnjeI2JfcaU21Ak6cBs","baseKeyType":1,"closed":-1,"used":1703091794804,"created":1703091794804,"remoteIdentityKey":"BSwjZ862WD6qz8eT85ONTC3GJxiCzb68qhNUioMXTXYU"},"_chains":{"BV3Wifqys4nUx2HoUPZ8rrfDXhuNoLhBRxdw8EkepspM":{"chainKey":{"counter":1,"key":"5RY0s8jhVAlTkDzvNWLnCW75tcqGG4jt2QSn7OCEkl0="},"chainType":1,"messageKeys":{}}},"pendingPreKey":{"signedKeyId":7,"baseKey":"BYQ5lK6lKIoOcO5xLk2yxu/uWjnjeI2JfcaU21Ak6cBs"}}},"version":"v1"}