{"_sessions":{"BdVyILJ7UthLKRaiyr/zFxtsq9k2DLUlZfWyTyrrH5pr":{"registrationId":2095359796,"currentRatchet":{"ephemeralKeyPair":{"pubKey":"BdyVPFQGTvl9T07IDdeM99ZesogKjDe+45p7z0o52ZwU","privKey":"SAG28+o75mm0NVplUv+Ylq4wEmnn4QrRyFnmN8KAs14="},"lastRemoteEphemeralKey":"BfrYefwUDZLnSBwQeIguh4nonVxiw473dbZU9VE9QzZf","previousCounter":0,"rootKey":"uBvdXqGEgC6g/fYY9FHDUQ0k9ka9uu0zZ8PEsvdbX0s="},"indexInfo":{"baseKey":"BdVyILJ7UthLKRaiyr/zFxtsq9k2DLUlZfWyTyrrH5pr","baseKeyType":2,"closed":-1,"used":1703087884654,"created":1703087884654,"remoteIdentityKey":"BUgMmMVkXko4q1Wb4nD5KDvOdv2553rebvsWJoRPqp4N"},"_chains":{"BfrYefwUDZLnSBwQeIguh4nonVxiw473dbZU9VE9QzZf":{"chainKey":{"counter":0,"key":"QnFP/vS1Npk06Oz0hUyergien2O9XPECSHeCJTk/L44="},"chainType":2,"messageKeys":{}},"BdyVPFQGTvl9T07IDdeM99ZesogKjDe+45p7z0o52ZwU":{"chainKey":{"counter":-1,"key":"TFgBSHBfffWnifAZ1SupEvmBdR3oBB8udepJtPSNFkI="},"chainType":1,"messageKeys":{}}}}},"version":"v1"}