{"_sessions":{"Bbic+Nv7W3F4jnHr16KMFiJ/kxhV0qcRBcrKWJELZflW":{"registrationId":1133331935,"currentRatchet":{"ephemeralKeyPair":{"pubKey":"BZHODl4JcPaTmC2M8UkCoffqNyshPz9LimA/9xB5Va4h","privKey":"4GadpljA3imiKHkCStv9EDDV/9pW9k1oBtKvbzHyfkI="},"lastRemoteEphemeralKey":"BVNhjXmZZxzAq080aQ2nB0g59BF1LAdRoCVc6Q0xi9A9","previousCounter":0,"rootKey":"3c7xljIyRy62DRJDNW97EwYev6wAqiEk0xniTdVy+pc="},"indexInfo":{"baseKey":"Bbic+Nv7W3F4jnHr16KMFiJ/kxhV0qcRBcrKWJELZflW","baseKeyType":1,"closed":-1,"used":1703091794789,"created":1703091794789,"remoteIdentityKey":"BUCzmvq7A7W7zOEIodJ6eWPT5Zr8FW0j1mL1QiQ8qWAe"},"_chains":{"BZHODl4JcPaTmC2M8UkCoffqNyshPz9LimA/9xB5Va4h":{"chainKey":{"counter":1,"key":"F56DXClutboL3wCUzG4ImNWyucKSuRVpz15cICtajF8="},"chainType":1,"messageKeys":{}}},"pendingPreKey":{"signedKeyId":0,"baseKey":"Bbic+Nv7W3F4jnHr16KMFiJ/kxhV0qcRBcrKWJELZflW","preKeyId":14036232}}},"version":"v1"}