{"_sessions":{"Bd0lEj7WWwEHZpjHuberxmz+qlyinD3bM4D4RCA8Qf8k":{"registrationId":1860760920,"currentRatchet":{"ephemeralKeyPair":{"pubKey":"BbZzRpMHjXeIkprOFoQsExQHPSmR3OnjGia4dOfTyo5E","privKey":"MAZejfsw92bTKJYI3++zSPtjjtzCS5Hg1mHVFgRhOnQ="},"lastRemoteEphemeralKey":"BZSwRFtmQqqxkjQLJIgIHulC9VeobeZ6eCb7MaBczjoD","previousCounter":0,"rootKey":"Ajzw0edLHQVCQ1AkV1R7dcPRYjYm1mhkvFm9gjsdeww="},"indexInfo":{"baseKey":"Bd0lEj7WWwEHZpjHuberxmz+qlyinD3bM4D4RCA8Qf8k","baseKeyType":1,"closed":-1,"used":1703091794808,"created":1703091794808,"remoteIdentityKey":"BZ80ZdHiUsP0wcYG9iJ0RDr1x19R/K6X+N9Is2e0C+Ac"},"_chains":{"BbZzRpMHjXeIkprOFoQsExQHPSmR3OnjGia4dOfTyo5E":{"chainKey":{"counter":1,"key":"KlBsKvRKlFQUUVu+U9ZUrPSoxLYq5SLl+XaLJABpq74="},"chainType":1,"messageKeys":{}}},"pendingPreKey":{"signedKeyId":1,"baseKey":"Bd0lEj7WWwEHZpjHuberxmz+qlyinD3bM4D4RCA8Qf8k","preKeyId":7079075}}},"version":"v1"}