{"_sessions":{"BdLtEDBGCTjvoss26c7kSd9OQaV3i5UYiGXbPf284gRo":{"registrationId":160,"currentRatchet":{"ephemeralKeyPair":{"pubKey":"BauzaOamdGa0tIpU6z2hrMO2vMvaz7EEIHBM5G9s9/w1","privKey":"iGODN+T6KdEFLgOGUJ7krA1O0GagTIOfX61l+wOsPnM="},"lastRemoteEphemeralKey":"Bbse6MK5TQR94h2zsvbqpr9kqHqu1Fb7OF8aRBc++E5o","previousCounter":0,"rootKey":"nHIbs3KXyUN0SsylMAFO1cojYKn9GNYOJV/rH6righM="},"indexInfo":{"baseKey":"BdLtEDBGCTjvoss26c7kSd9OQaV3i5UYiGXbPf284gRo","baseKeyType":2,"closed":-1,"used":1703097014449,"created":1703097014449,"remoteIdentityKey":"BYpsZQfX1EGwZOv/dI2+Gi+OdQHlhSSdvpdND91g0vkG"},"_chains":{"Bbse6MK5TQR94h2zsvbqpr9kqHqu1Fb7OF8aRBc++E5o":{"chainKey":{"counter":0,"key":"y/RxnNH0RL8k0YtQUsofC9XbQoJMwCbdoFPStleqYSU="},"chainType":2,"messageKeys":{}},"BauzaOamdGa0tIpU6z2hrMO2vMvaz7EEIHBM5G9s9/w1":{"chainKey":{"counter":-1,"key":"pg9xr7k9caK2CJKauIBxD2eX/jvVf8gU/tGBfS0tkn8="},"chainType":1,"messageKeys":{}}}}},"version":"v1"}