{"_sessions":{"Be2SkyKQozVFX4uJD1J39ykjOWGpG6HFX3zzqcwS76IG":{"registrationId":4363,"currentRatchet":{"ephemeralKeyPair":{"pubKey":"BQ0HyFKo0h4vPvLxSrzx2giMxiqDVX3RvG3d9XSCnI89","privKey":"2IKF7LOVXCT8AicmIlABmPF0KkavIvwPet+B3nL/in4="},"lastRemoteEphemeralKey":"BWC4EsT1XoJzczl+g7qiEVx3kEKdy08L33RJBy2IOfAP","previousCounter":0,"rootKey":"ACM51642LbZPZaJDvW4mzmNHY3ba5Z5HRsCET7+yXU0="},"indexInfo":{"baseKey":"Be2SkyKQozVFX4uJD1J39ykjOWGpG6HFX3zzqcwS76IG","baseKeyType":1,"closed":-1,"used":1703091794502,"created":1703091794502,"remoteIdentityKey":"BVRb1KpRbNqQuKhd6669nIjBtEBKfJ8J9qnLjffTc/N3"},"_chains":{"BQ0HyFKo0h4vPvLxSrzx2giMxiqDVX3RvG3d9XSCnI89":{"chainKey":{"counter":1,"key":"jOPWEILwou+HBEmjplt9wtCRdrrnsNK3w7og9C//KUs="},"chainType":1,"messageKeys":{}}},"pendingPreKey":{"signedKeyId":5,"baseKey":"Be2SkyKQozVFX4uJD1J39ykjOWGpG6HFX3zzqcwS76IG","preKeyId":9332}}},"version":"v1"}