{"_sessions":{"BSjha+WuIZ0hVzSQpS+6gvJygasopFcOcYKNy2/itEBE":{"registrationId":1081039211,"currentRatchet":{"ephemeralKeyPair":{"pubKey":"BWuAzih7SO57xKCIrWvG2mw/LzEFw/TcB1C/YpDCyB4a","privKey":"IGPu7eeWgVfkmjkyxKJVV79hLN74nMiIeJ31hAAI2XY="},"lastRemoteEphemeralKey":"BYSSgfAyfExGzx1+xi1QtwlBInJS0KExJF5dtwU9qgAr","previousCounter":0,"rootKey":"zjRjFnnPWfAsqKBoCzDmKpU6EKh0nwrT/O4QmedKRtQ="},"indexInfo":{"baseKey":"BSjha+WuIZ0hVzSQpS+6gvJygasopFcOcYKNy2/itEBE","baseKeyType":1,"closed":-1,"used":1703091794908,"created":1703091794908,"remoteIdentityKey":"BbCO7UQR371XNx6B1iP/THJ498ZGtJrZN7GIa8ZC8RRz"},"_chains":{"BWuAzih7SO57xKCIrWvG2mw/LzEFw/TcB1C/YpDCyB4a":{"chainKey":{"counter":1,"key":"Ft+N32gBpTI/IDUhBd8qRXHBHvYGy+Z1pCKblmszjuc="},"chainType":1,"messageKeys":{}}},"pendingPreKey":{"signedKeyId":3,"baseKey":"BSjha+WuIZ0hVzSQpS+6gvJygasopFcOcYKNy2/itEBE"}}},"version":"v1"}