{"_sessions":{"BflxVT1CqRvz0mPtBj5eWahDnzu5m9I+q7kdmDCEfj14":{"registrationId":39,"currentRatchet":{"ephemeralKeyPair":{"pubKey":"Be8zbiVBrFHMrJ826PkkepZBxpPwuhBFO5j2E3ejuxMg","privKey":"CGJIOPhnzoAuG0Vnv0ZnNfEzh5KAgKLD3HE1b/GKplc="},"lastRemoteEphemeralKey":"BT633zhxlc3FMSwZiO3FsJ242Ati7taeKVkob2nTnEwY","previousCounter":0,"rootKey":"6MdIcNANVrzMXrPieD/A2kyG9o5KZ5kzjquf2XSJDi8="},"indexInfo":{"baseKey":"BflxVT1CqRvz0mPtBj5eWahDnzu5m9I+q7kdmDCEfj14","baseKeyType":1,"closed":-1,"used":1703091794586,"created":1703091794586,"remoteIdentityKey":"BVFpGFO3njnrrgajmGFIkT65+9giJvcXHuooZwPUNEZs"},"_chains":{"Be8zbiVBrFHMrJ826PkkepZBxpPwuhBFO5j2E3ejuxMg":{"chainKey":{"counter":1,"key":"9E7Ep2WdMc0wMrV0VGv74ecbc2jXDpKEdW+lURNc+4k="},"chainType":1,"messageKeys":{}}},"pendingPreKey":{"signedKeyId":1,"baseKey":"BflxVT1CqRvz0mPtBj5eWahDnzu5m9I+q7kdmDCEfj14"}}},"version":"v1"}