{"_sessions":{"Ba+okvKFvuu8+7INvpUWYaHadmu+fyBNUph4w9Tq0YBu":{"registrationId":4127,"currentRatchet":{"ephemeralKeyPair":{"pubKey":"BUNyhiCpBGK/KpFdg7Zy928oiFif2ifkTM/18lbm4pNJ","privKey":"mO4vghhhj3eth5O9nEAbssdQoWwJYD5AkR5d+Z9LTWc="},"lastRemoteEphemeralKey":"Bddll2E+8TDuZgf/EMCYoHjT0f5fcJSyHix28SeDNzgs","previousCounter":0,"rootKey":"y5PFXcqpCeCijSuvB4juHzTYJWvZ5OuABow+iQ5NOzc="},"indexInfo":{"baseKey":"Ba+okvKFvuu8+7INvpUWYaHadmu+fyBNUph4w9Tq0YBu","baseKeyType":1,"closed":-1,"used":1703091794515,"created":1703091794515,"remoteIdentityKey":"BXELAxMl6TqtKf47Je1O8IQ9nLWFB/QmV+N8G4g/TQNJ"},"_chains":{"BUNyhiCpBGK/KpFdg7Zy928oiFif2ifkTM/18lbm4pNJ":{"chainKey":{"counter":1,"key":"yAJv98tA5W/G71BkA9nFCEu/dX+6D8sIMneSS5KrMec="},"chainType":1,"messageKeys":{}}},"pendingPreKey":{"signedKeyId":1,"baseKey":"Ba+okvKFvuu8+7INvpUWYaHadmu+fyBNUph4w9Tq0YBu"}}},"version":"v1"}