{"_sessions":{"BZvf8x6FWQVWCZ70bvdIjIrzgH/Pbm7nII2gldLD/Vt5":{"registrationId":1156791663,"currentRatchet":{"ephemeralKeyPair":{"pubKey":"BeVX1mQrSDG1yV//MfvbL/grXDDqhmZGat0RBqstOTF2","privKey":"IOivldj9MjkY1H4HRTAprj5Np/fCanm+9eP9xc67+Ho="},"lastRemoteEphemeralKey":"BaP/zp02aKIX4uEqvkUse/fuZtux4A5b1DOxAfUG73ED","previousCounter":0,"rootKey":"aUo9z97UxaCxnBStIgEplJNtApB5REb92nf1jUJGn2A="},"indexInfo":{"baseKey":"BZvf8x6FWQVWCZ70bvdIjIrzgH/Pbm7nII2gldLD/Vt5","baseKeyType":1,"closed":-1,"used":1703091794916,"created":1703091794916,"remoteIdentityKey":"BYATl2YUf4T0G/foMp7K9U4udOR+UzWCnM2gdHLOhK1r"},"_chains":{"BeVX1mQrSDG1yV//MfvbL/grXDDqhmZGat0RBqstOTF2":{"chainKey":{"counter":1,"key":"Mpzbn1on61O1RqkNc89L08snrwNhNrIlx8GYBM43IWs="},"chainType":1,"messageKeys":{}}},"pendingPreKey":{"signedKeyId":6,"baseKey":"BZvf8x6FWQVWCZ70bvdIjIrzgH/Pbm7nII2gldLD/Vt5","preKeyId":15583726}}},"version":"v1"}