{"_sessions":{"BQ7tPl2RvwPqnYCJGXZ8vuHGVVmGAitvWWx3XMCBBBdm":{"registrationId":305,"currentRatchet":{"ephemeralKeyPair":{"pubKey":"BZs0/tHiWzvxwX7A7zmPY581Drrf5wYiVxAHRDuE/co+","privKey":"8LDVj2vHUIKxtcqrPFu+z/7sG9isYiVjqeaKaVGgjm8="},"lastRemoteEphemeralKey":"BSZL3SsTHYoBvO2JxdyjInA8bvHfF8f8xXXZtn3FfNha","previousCounter":0,"rootKey":"vF9BTUpUi/DaFSHmz3s2FVmb4GByi6dJNQeplzCTkqE="},"indexInfo":{"baseKey":"BQ7tPl2RvwPqnYCJGXZ8vuHGVVmGAitvWWx3XMCBBBdm","baseKeyType":1,"closed":-1,"used":1703091794522,"created":1703091794522,"remoteIdentityKey":"BeHKzphKd51+Pu2JqIiZyhW3KFgZr/tHSsyisGQBY69C"},"_chains":{"BZs0/tHiWzvxwX7A7zmPY581Drrf5wYiVxAHRDuE/co+":{"chainKey":{"counter":1,"key":"ZZRtUmVUyYNiG6Lx167zB/DZOm4XTmb789CcyiKvyEE="},"chainType":1,"messageKeys":{}}},"pendingPreKey":{"signedKeyId":1,"baseKey":"BQ7tPl2RvwPqnYCJGXZ8vuHGVVmGAitvWWx3XMCBBBdm","preKeyId":481}}},"version":"v1"}