{"_sessions":{"Bf2dVaqSwnFNm+br+IS7Qd8ZY+EzO6VBbIRFM3ZfIQ87":{"registrationId":461837774,"currentRatchet":{"ephemeralKeyPair":{"pubKey":"BRnxtMqHbOrrFQ83lmo+5Ai2GfIVQaSbzgwIRVYUbb5B","privKey":"EPbUSUUC2wTYZRa/My97dfUW5lJlaahwGh7x5wI3xl4="},"lastRemoteEphemeralKey":"BaADBpxAr6QKob7uoaVcREpQvRYEuxOu9gS1vrmGqrke","previousCounter":0,"rootKey":"kbxWt3PTOUbcaSzTyVaVb84n0uWEwi4FbMA1YmrGgus="},"indexInfo":{"baseKey":"Bf2dVaqSwnFNm+br+IS7Qd8ZY+EzO6VBbIRFM3ZfIQ87","baseKeyType":1,"closed":-1,"used":1703091794829,"created":1703091794829,"remoteIdentityKey":"BRe3f208NO7c23oqCM5OeQl0gJ4KpFzZcdLJ1rVR2Ecp"},"_chains":{"BRnxtMqHbOrrFQ83lmo+5Ai2GfIVQaSbzgwIRVYUbb5B":{"chainKey":{"counter":1,"key":"V8mr6phdfMKjKA2cjQT7Lup1BJzKfpxrCGigqIGlmyg="},"chainType":1,"messageKeys":{}}},"pendingPreKey":{"signedKeyId":0,"baseKey":"Bf2dVaqSwnFNm+br+IS7Qd8ZY+EzO6VBbIRFM3ZfIQ87","preKeyId":2188231}}},"version":"v1"}