{"_sessions":{"BfoWilew9VZMI1gdHCTImt6AYAOfE+SrUL5Kzzl6R01V":{"registrationId":580817759,"currentRatchet":{"ephemeralKeyPair":{"pubKey":"BYBErpJZoSmyToBfi5UYWfjr7OxP6DP89q48Q6pl1t4E","privKey":"AESDw0zVxe90ORxru9DEGIKtO+7t4ESZjmzmNV+lO20="},"lastRemoteEphemeralKey":"BVL6TrRyIcMDGEyeb1aeX63E9KkzpiteJQ0QhNNbZdQ8","previousCounter":0,"rootKey":"o0pqXDyrtVoolzlTbNNPvKB+c/uQAu921meczy8M9LM="},"indexInfo":{"baseKey":"BfoWilew9VZMI1gdHCTImt6AYAOfE+SrUL5Kzzl6R01V","baseKeyType":1,"closed":-1,"used":1703091794812,"created":1703091794812,"remoteIdentityKey":"BcbUS2dName9ERy0LCe6OtwMt8aP7U09NBBqLKnvQUdZ"},"_chains":{"BYBErpJZoSmyToBfi5UYWfjr7OxP6DP89q48Q6pl1t4E":{"chainKey":{"counter":1,"key":"ga7gJ0ANR8/GJj+kAjAVvkMHxLEQaHv9Z4InWI3Ls5w="},"chainType":1,"messageKeys":{}}},"pendingPreKey":{"signedKeyId":0,"baseKey":"BfoWilew9VZMI1gdHCTImt6AYAOfE+SrUL5Kzzl6R01V"}}},"version":"v1"}