{"_sessions":{"BZ6vG+9msVqnoOV8opcV7sBrpKOFJSDgjuiDy4mavMlG":{"registrationId":976903932,"currentRatchet":{"ephemeralKeyPair":{"pubKey":"BRNy6UpAXTsgQ9wfvttljdZyMO7pWNnO+CnLK7D/uLkf","privKey":"mHkbHvieScU02T3EZpdLSqidzhzRW8EgTn4RiQeL/kA="},"lastRemoteEphemeralKey":"BQSidXKHk76+LzjJ5VrW+VvVMviEbpJ8DzE2keRVagkb","previousCounter":0,"rootKey":"VcV1Yy0otvWSZ4dlq9o+NCPaf8+0xj56UAOlG2O8O7U="},"indexInfo":{"baseKey":"BZ6vG+9msVqnoOV8opcV7sBrpKOFJSDgjuiDy4mavMlG","baseKeyType":1,"closed":-1,"used":1703091794816,"created":1703091794816,"remoteIdentityKey":"BSy8MYBLgU2RPxpG5TPODQAiYog3jxY5GNQUBA8FX85c"},"_chains":{"BRNy6UpAXTsgQ9wfvttljdZyMO7pWNnO+CnLK7D/uLkf":{"chainKey":{"counter":1,"key":"0VNAMHz3LiBsKlnh3RFn3KitKhGL7KY0SQQJLasbWAA="},"chainType":1,"messageKeys":{}}},"pendingPreKey":{"signedKeyId":0,"baseKey":"BZ6vG+9msVqnoOV8opcV7sBrpKOFJSDgjuiDy4mavMlG","preKeyId":20873}}},"version":"v1"}