{"_sessions":{"BWOQ+FKgF8DOfWYWmpohFU20Cgq8hqBvxCp5AMPOZtkT":{"registrationId":105,"currentRatchet":{"ephemeralKeyPair":{"pubKey":"BfJXbANgSptektXS6QLoYw4DXa8ThIUBaDjEdgIzJsFB","privKey":"MNc/qoDu3GVrpryLv3wurgc8+k9NtQIevK36fam7V08="},"lastRemoteEphemeralKey":"BTUCPcYqwdhdZS6wNpUMgS16E0YeuNyFI6H8xVgOgZk9","previousCounter":0,"rootKey":"E7IKVz76Oy+tNjumeXlkHaZpBqllK1js3VQsKO2AhBA="},"indexInfo":{"baseKey":"BWOQ+FKgF8DOfWYWmpohFU20Cgq8hqBvxCp5AMPOZtkT","baseKeyType":1,"closed":-1,"used":1703091794490,"created":1703091794490,"remoteIdentityKey":"BTXFBujEyNz7kxPFkTjtBocTTUojh9vx+Hri5VfZZOUl"},"_chains":{"BfJXbANgSptektXS6QLoYw4DXa8ThIUBaDjEdgIzJsFB":{"chainKey":{"counter":1,"key":"WAoSAP4nGUCreNXvUS3FWgfD/PhaFJyI81Yyshjvbc0="},"chainType":1,"messageKeys":{}}},"pendingPreKey":{"signedKeyId":1,"baseKey":"BWOQ+FKgF8DOfWYWmpohFU20Cgq8hqBvxCp5AMPOZtkT"}}},"version":"v1"}