{"_sessions":{"BUcJID3yZhiw0Wa2MhuebNEX3yGUUglzbwT3suujUg0z":{"registrationId":991800507,"currentRatchet":{"ephemeralKeyPair":{"pubKey":"BUNb3ItvhWEvfhuoKA5w9xhlCUMWwWCKKAb9zwExWI18","privKey":"2Gq92e2aQ6qeiRiX/oVJ43YdSWnpCBgLtrJOkJbGwGk="},"lastRemoteEphemeralKey":"BS8IcIG/rV5WVI2z3aJXPFefQS2AF1sA4r6vcgiRD2d0","previousCounter":0,"rootKey":"E1AoPxJEiTa6jm93bkH6wr/9/3lneA68Kvgd64el7Lo="},"indexInfo":{"baseKey":"BUcJID3yZhiw0Wa2MhuebNEX3yGUUglzbwT3suujUg0z","baseKeyType":1,"closed":-1,"used":1703091794592,"created":1703091794592,"remoteIdentityKey":"BQkNdutLZYcn/PaRDj0fZ+Uf+RDpbuSRbQaJF/InrasC"},"_chains":{"BUNb3ItvhWEvfhuoKA5w9xhlCUMWwWCKKAb9zwExWI18":{"chainKey":{"counter":1,"key":"PIifj7/gvon2MJIomjI8lZd5STfYv5X80uQzmf44ijk="},"chainType":1,"messageKeys":{}}},"pendingPreKey":{"signedKeyId":25,"baseKey":"BUcJID3yZhiw0Wa2MhuebNEX3yGUUglzbwT3suujUg0z"}}},"version":"v1"}