{"_sessions":{"BQnzobnqfmNPaZf0Z3CJrnDkowU+N0kZ2GO8o316jbdc":{"registrationId":1923208543,"currentRatchet":{"ephemeralKeyPair":{"pubKey":"BTb3DxwyfNOQje8FDO7CK3MPMKy3mfsbtYfiz0UoqnoJ","privKey":"qDvLr0JZR8Fn/TjnkgZmsG529Ij/9Ru/0asbq1k9PkQ="},"lastRemoteEphemeralKey":"BYL7lWyV3asSftOpUDC5QhGlvTs79MZlHae1ydM6MgEv","previousCounter":0,"rootKey":"LLRYl4iNNp1nIVHwDds4BeMzIrivOyQ2qdW4VpXNuH0="},"indexInfo":{"baseKey":"BQnzobnqfmNPaZf0Z3CJrnDkowU+N0kZ2GO8o316jbdc","baseKeyType":1,"closed":-1,"used":1703091794979,"created":1703091794979,"remoteIdentityKey":"BQg9HKGNzfwDNhGt6UD/LUN6n67rzIFR48JPeTb3bIR5"},"_chains":{"BTb3DxwyfNOQje8FDO7CK3MPMKy3mfsbtYfiz0UoqnoJ":{"chainKey":{"counter":1,"key":"3AeulF/gpFwAO+0q+LVo5gBDfCNUEr0mONpeqsKrolM="},"chainType":1,"messageKeys":{}}},"pendingPreKey":{"signedKeyId":2,"baseKey":"BQnzobnqfmNPaZf0Z3CJrnDkowU+N0kZ2GO8o316jbdc","preKeyId":10063777}}},"version":"v1"}