{"_sessions":{"BaKcJAEf68X3nYcn/a/LUBOx07HTV81atG+q1BCiYvs7":{"registrationId":243,"currentRatchet":{"ephemeralKeyPair":{"pubKey":"BdWG+6vwcErED1NOVex8WOtVC1cSfDvZ4HL4C5U0lf9n","privKey":"sKvxBBos5De0xCDIck7ru2LuaO5XVYOY1whbuKLJYkk="},"lastRemoteEphemeralKey":"Be0M5OkCfMhcbMZYBRmxlhZq9ZZlrWzgNjn0Zruu5vF8","previousCounter":0,"rootKey":"URZUcEeop4qbUl+argi//5XW3Ztf5iqCNJ52DOI11HM="},"indexInfo":{"baseKey":"BaKcJAEf68X3nYcn/a/LUBOx07HTV81atG+q1BCiYvs7","baseKeyType":1,"closed":-1,"used":1703091794484,"created":1703091794484,"remoteIdentityKey":"BV2mMSm7vLbT/YtX51W9nkCMksqmuGW6vT1SZQu286hD"},"_chains":{"BdWG+6vwcErED1NOVex8WOtVC1cSfDvZ4HL4C5U0lf9n":{"chainKey":{"counter":1,"key":"LKW0toR6qXtT3l4TEqY92hEq9swjRyWDeevi1HyE5gQ="},"chainType":1,"messageKeys":{}}},"pendingPreKey":{"signedKeyId":1,"baseKey":"BaKcJAEf68X3nYcn/a/LUBOx07HTV81atG+q1BCiYvs7"}}},"version":"v1"}