{"_sessions":{"BZGA73dIu1n7rdMD7QXsX5uUumpyPy9b3gP5hcjumc0E":{"registrationId":703302138,"currentRatchet":{"ephemeralKeyPair":{"pubKey":"BcfsO8yKoO2ccSy+LIrGnvypYfHgn/mx+DDxzn+Vewkz","privKey":"KP8RS/76UFQM/71M9oKVKOwjV9lHaE0/SmlGN9lDoVQ="},"lastRemoteEphemeralKey":"Bd7S9AnWhSBxMGRVqT5ZHyzg0spxHOsj8bH2nk9z0l8I","previousCounter":0,"rootKey":"RiPHi1ck2w89PK37BhuS4HiRfbd/gKlbSFQGCnoOqkA="},"indexInfo":{"baseKey":"BZGA73dIu1n7rdMD7QXsX5uUumpyPy9b3gP5hcjumc0E","baseKeyType":1,"closed":-1,"used":1703091794831,"created":1703091794831,"remoteIdentityKey":"BYtGyMSRJmfib+ddMnzOODrMfOkmrT6Yqk4l5Hlx21Un"},"_chains":{"BcfsO8yKoO2ccSy+LIrGnvypYfHgn/mx+DDxzn+Vewkz":{"chainKey":{"counter":1,"key":"fNsxznREjoB8MzZZHLZh9l7npbMsedTbIDb4mr2xNIc="},"chainType":1,"messageKeys":{}}},"pendingPreKey":{"signedKeyId":1,"baseKey":"BZGA73dIu1n7rdMD7QXsX5uUumpyPy9b3gP5hcjumc0E","preKeyId":6007287}}},"version":"v1"}