{"_sessions":{"BYUEfQDu5J71V0+VN+hUH1eiMFaJTZilcZ08xe5XHhgc":{"registrationId":16,"currentRatchet":{"ephemeralKeyPair":{"pubKey":"BfVbqG3bgUAV0fcgkzjfJVX/bwpgZtfVIWNzKUKXxGx/","privKey":"YMjGuoD3EzW+fJrs1cOM8zyDviR3qWSrRfSg9ta33VE="},"lastRemoteEphemeralKey":"BWOOMiofn7KCaykFdUJNVA2rV0QcWnPQX44w9EtBuucR","previousCounter":0,"rootKey":"ioEoIl0fOd0euVAHrRzKeCK0lAi54l7SVRwn0/JCDk8="},"indexInfo":{"baseKey":"BYUEfQDu5J71V0+VN+hUH1eiMFaJTZilcZ08xe5XHhgc","baseKeyType":1,"closed":-1,"used":1703091794510,"created":1703091794510,"remoteIdentityKey":"BcwjJjQDd550RrtPAGI5WtYvqedTwAw4byvhsTUi/G0Y"},"_chains":{"BfVbqG3bgUAV0fcgkzjfJVX/bwpgZtfVIWNzKUKXxGx/":{"chainKey":{"counter":1,"key":"JdaehxN0pT3Tx7zbafdJNjzLJ6iehwDEKtNjEb+fsew="},"chainType":1,"messageKeys":{}}},"pendingPreKey":{"signedKeyId":1,"baseKey":"BYUEfQDu5J71V0+VN+hUH1eiMFaJTZilcZ08xe5XHhgc"}}},"version":"v1"}