{"_sessions":{"BTIKAVqjIHdsKKewhb/eA8I7QaHgitgyKXK00XPEjrMy":{"registrationId":370254318,"currentRatchet":{"ephemeralKeyPair":{"pubKey":"BcMWh51kIr3abeeDfvf/Nq8bI/nLQC2FjKEWLQnWlPtp","privKey":"6G49Zz033vdfQaHUA7gaDd2VP1p608QI72n6IGxokXg="},"lastRemoteEphemeralKey":"BZl4Is8SaOQ8oc/Ay+XboN4ph8U7yF5zIh2VQa83af5m","previousCounter":0,"rootKey":"VlE3sCu0ITxPMIfirKCm7t5UVXSr6+yBXh8j80o9O6U="},"indexInfo":{"baseKey":"BTIKAVqjIHdsKKewhb/eA8I7QaHgitgyKXK00XPEjrMy","baseKeyType":1,"closed":-1,"used":1703091794685,"created":1703091794685,"remoteIdentityKey":"BWWUND5XHGNJsP7wkNYJBQHIrKqOXWocY06tSxrYuS16"},"_chains":{"BcMWh51kIr3abeeDfvf/Nq8bI/nLQC2FjKEWLQnWlPtp":{"chainKey":{"counter":1,"key":"VBconkVEA9qJq41IBH+XSin/LxGxQ2Sqw6A2fX5MFOM="},"chainType":1,"messageKeys":{}}},"pendingPreKey":{"signedKeyId":2,"baseKey":"BTIKAVqjIHdsKKewhb/eA8I7QaHgitgyKXK00XPEjrMy","preKeyId":6581992}}},"version":"v1"}