{"_sessions":{"BYNlVzIS20+u4BLBTROfazQHoHh4Ap8h25ojDsdp63Ut":{"registrationId":2136438108,"currentRatchet":{"ephemeralKeyPair":{"pubKey":"BaeOya3LMZcCmzq6B+H1zyqgR0M7JgnBDArvzmlwtU0l","privKey":"ILsbUUNp/crRjhAABPL2N6vZ4XGVItu2GAJ09ZsRMkk="},"lastRemoteEphemeralKey":"BZR3FMlJqyD7P2www3epZ9ntPRLSTJHPrSpDGhLxDX8h","previousCounter":0,"rootKey":"TMkEUBNX+KLBxFzAwXzQjv/ktEd30QPDTp4yUkl2WJc="},"indexInfo":{"baseKey":"BYNlVzIS20+u4BLBTROfazQHoHh4Ap8h25ojDsdp63Ut","baseKeyType":1,"closed":-1,"used":1703091795007,"created":1703091795007,"remoteIdentityKey":"BVGLiIJk7AdAq+9cqB+KCS1KS9I3dGQZzeTXJayPwhkp"},"_chains":{"BaeOya3LMZcCmzq6B+H1zyqgR0M7JgnBDArvzmlwtU0l":{"chainKey":{"counter":1,"key":"xGm9SYqzB2PnA4KQ6Sdry3ZgiThonkgbpEbbUE/Lqx8="},"chainType":1,"messageKeys":{}}},"pendingPreKey":{"signedKeyId":1,"baseKey":"BYNlVzIS20+u4BLBTROfazQHoHh4Ap8h25ojDsdp63Ut","preKeyId":10401683}}},"version":"v1"}