{"_sessions":{"BdkV06R0HRNHexxuE4q/YMkdlkr/tEpry4tAPK2ArYFs":{"registrationId":1580211032,"currentRatchet":{"ephemeralKeyPair":{"pubKey":"BUqokvagghSq9N0eJ3TsZAtlloCXMEZVgQCd56qiHiw8","privKey":"4KQp017AKWzQ6fCZLQSvT0h893z/gMPfka2VLhy052Q="},"lastRemoteEphemeralKey":"BRmw3ANTLJFOj/sMaECiv1MrEtZJs49pjioXM2d2ldkd","previousCounter":0,"rootKey":"MvVp5QJ9WHepkrHvAGU1f62RW0P7axLVJer9Ema5658="},"indexInfo":{"baseKey":"BdkV06R0HRNHexxuE4q/YMkdlkr/tEpry4tAPK2ArYFs","baseKeyType":1,"closed":-1,"used":1703091794719,"created":1703091794719,"remoteIdentityKey":"BfTT9RSSmiihanGo8Oi/GCAsTVVox3fy5OrB+aCb710o"},"_chains":{"BUqokvagghSq9N0eJ3TsZAtlloCXMEZVgQCd56qiHiw8":{"chainKey":{"counter":1,"key":"ZQuRMM7ngugQE7Xv7DV3uTq2WWZCgbAGE8ckZErTPK0="},"chainType":1,"messageKeys":{}}},"pendingPreKey":{"signedKeyId":0,"baseKey":"BdkV06R0HRNHexxuE4q/YMkdlkr/tEpry4tAPK2ArYFs","preKeyId":8885049}}},"version":"v1"}