{"_sessions":{"BZdwrwazstzaKfw+u/4gCzCWVLI3S1cLjVHPzAxA+d0S":{"registrationId":1016334382,"currentRatchet":{"ephemeralKeyPair":{"pubKey":"Bb5sAcEJStTd+wSDWqVOQodxZQD5FuPbk1DCqg5mLIc1","privKey":"uNbp4ZiChraWTIKh7xfVMrp4FZJVjbNVXCpxNQJBtEQ="},"lastRemoteEphemeralKey":"BZt2imM/ZSbTdofM4BgCLF7a/Qx1x64UnOXmsLFxgQAf","previousCounter":0,"rootKey":"lUpHLsVqq7muGbnE/h5GEBJPx50zcSzZaHOgAcc5Xo4="},"indexInfo":{"baseKey":"BZdwrwazstzaKfw+u/4gCzCWVLI3S1cLjVHPzAxA+d0S","baseKeyType":1,"closed":-1,"used":1703091794687,"created":1703091794687,"remoteIdentityKey":"BT+lA9483WZ0HVCbYa7lXn/dkom56qxZpnT3/CeAWsIb"},"_chains":{"Bb5sAcEJStTd+wSDWqVOQodxZQD5FuPbk1DCqg5mLIc1":{"chainKey":{"counter":1,"key":"WtsKc+ik9g/Pfm4ozTLyR8MObcBunM611d99m3shCE0="},"chainType":1,"messageKeys":{}}},"pendingPreKey":{"signedKeyId":5,"baseKey":"BZdwrwazstzaKfw+u/4gCzCWVLI3S1cLjVHPzAxA+d0S","preKeyId":8684466}}},"version":"v1"}