{"_sessions":{"Bc1Xq46nQ4WKblxOnp743ZlKmkiA0tom701OMd/o1Ph5":{"registrationId":1207827226,"currentRatchet":{"ephemeralKeyPair":{"pubKey":"Bfq8P6egznlISVYzZjKFeDIlOnvsvqOyRUR32hSjYVl/","privKey":"SEPo/ww+2ViZCsk58Kthy+eZclnfAefxKmvSgSzfW1w="},"lastRemoteEphemeralKey":"Ba9ds+lhQx9hL+zWsvLkfLWRh1+Kz8H+apP6vEp34SRt","previousCounter":0,"rootKey":"yiQO40DnvBu4laf76sz6WmqMUbmD08TU00Gsm2h6FCY="},"indexInfo":{"baseKey":"Bc1Xq46nQ4WKblxOnp743ZlKmkiA0tom701OMd/o1Ph5","baseKeyType":1,"closed":-1,"used":1703091795000,"created":1703091795000,"remoteIdentityKey":"BVMFHuRB/2hux4wTtNHsJ/Uef1kQiWYUQBaXMiToy3UG"},"_chains":{"Bfq8P6egznlISVYzZjKFeDIlOnvsvqOyRUR32hSjYVl/":{"chainKey":{"counter":1,"key":"pkySrahvMkilegjBuJGF9HEwb24QvXL/AM/wl/B6yFI="},"chainType":1,"messageKeys":{}}},"pendingPreKey":{"signedKeyId":15,"baseKey":"Bc1Xq46nQ4WKblxOnp743ZlKmkiA0tom701OMd/o1Ph5","preKeyId":3185198}}},"version":"v1"}