{"_sessions":{"BROhZH1BV/of10OhqHMT969fqFqz1GCN/Ot3GwlUFWEx":{"registrationId":1919882759,"currentRatchet":{"ephemeralKeyPair":{"pubKey":"BVVChULnQzrdWzjS+gdXakFAiV9OjRo87iWj4e0qkGd6","privKey":"oIPuoSLdUc2GAIe9j2BijT28J9TDNCebsf2qaOo6sGE="},"lastRemoteEphemeralKey":"BVIcaQySCP7ZboLmR0CgNW4vw0ZYfc/hc0jtL2TsO3kT","previousCounter":0,"rootKey":"f/KVdFqNyccJrYNoGA0OjbMXWuZZpjUVpjcNybtQs4o="},"indexInfo":{"baseKey":"BROhZH1BV/of10OhqHMT969fqFqz1GCN/Ot3GwlUFWEx","baseKeyType":1,"closed":-1,"used":1703091794714,"created":1703091794714,"remoteIdentityKey":"Ba6V08curLB/xbOgWkmPp7uXMuybRpGO9nROZ5nPqxhb"},"_chains":{"BVVChULnQzrdWzjS+gdXakFAiV9OjRo87iWj4e0qkGd6":{"chainKey":{"counter":1,"key":"Wiex+CYcI/iXB+M0kepL44zpwIQTBYVTFWUKsZVCa+4="},"chainType":1,"messageKeys":{}}},"pendingPreKey":{"signedKeyId":44,"baseKey":"BROhZH1BV/of10OhqHMT969fqFqz1GCN/Ot3GwlUFWEx","preKeyId":3037609}}},"version":"v1"}