{"_sessions":{"BREL+3aGNVgS6vRcK9BKzgJZmCkBvrlpxV4tnb269SYa":{"registrationId":1334928770,"currentRatchet":{"ephemeralKeyPair":{"pubKey":"BfE7rSeiVRSOsEwV6m4Dk9XdsHGPa8+h4yP9ar/x2A9F","privKey":"cB1GaLSdrb1JKT4IU9k1+Zg6E6kxpvoQrEwq3/1gaV8="},"lastRemoteEphemeralKey":"BZZYSO0Uq8I51crFZx/jBQzJ4NoCd58yZshjsTdKSmRn","previousCounter":0,"rootKey":"ux+zAXtOE4cfZDE2ZKuZeLW5OfSPeHnSc+2lGBXUXsY="},"indexInfo":{"baseKey":"BREL+3aGNVgS6vRcK9BKzgJZmCkBvrlpxV4tnb269SYa","baseKeyType":1,"closed":-1,"used":1703091794891,"created":1703091794891,"remoteIdentityKey":"BQihjnQND6+9mqvSz83pyzpxZx0FhyTkAlPyKcVZTkMu"},"_chains":{"BfE7rSeiVRSOsEwV6m4Dk9XdsHGPa8+h4yP9ar/x2A9F":{"chainKey":{"counter":1,"key":"K4tBp0MlcuyDj2SQrBAwXCzHsYPMWAfRngx92HXGMwc="},"chainType":1,"messageKeys":{}}},"pendingPreKey":{"signedKeyId":5,"baseKey":"BREL+3aGNVgS6vRcK9BKzgJZmCkBvrlpxV4tnb269SYa","preKeyId":5717008}}},"version":"v1"}