{"_sessions":{"BXZ7/cdIU8cXhQYTHcLLfW6ovzUaREaSvUB26LyzGyoI":{"registrationId":48,"currentRatchet":{"ephemeralKeyPair":{"pubKey":"BRPuvWKbOdBF1snxOtcLuyqaDfSgiIZMIsSvdrNuK2Na","privKey":"aMczt3ZoLXWhiiFhiMdbpNJug6xLz1Ab03J0yWru43k="},"lastRemoteEphemeralKey":"Bb0oXg4yNc87A6U2KvGHprTC+BNTkM+GcDrBkXr1GelC","previousCounter":0,"rootKey":"WouP/8L752zTbLCiQULVYBFNujacULJkAY+NKZ3g83Y="},"indexInfo":{"baseKey":"BXZ7/cdIU8cXhQYTHcLLfW6ovzUaREaSvUB26LyzGyoI","baseKeyType":1,"closed":-1,"used":1703091794523,"created":1703091794523,"remoteIdentityKey":"BaL2MShcTxV+cavRHLTXNr6MAma4aflAPgHstUyJvkJO"},"_chains":{"BRPuvWKbOdBF1snxOtcLuyqaDfSgiIZMIsSvdrNuK2Na":{"chainKey":{"counter":1,"key":"BTUJC3YSkGT/w7N3NGEgwF3AM1/DIZYToD3izLKur8s="},"chainType":1,"messageKeys":{}}},"pendingPreKey":{"signedKeyId":1,"baseKey":"BXZ7/cdIU8cXhQYTHcLLfW6ovzUaREaSvUB26LyzGyoI"}}},"version":"v1"}