{"_sessions":{"BSD4KqXKv1RFlBKn6/znoEg1du1UBcEMIGcL+uAzYyZv":{"registrationId":1777878894,"currentRatchet":{"ephemeralKeyPair":{"pubKey":"BS381Uk/8Vr9aWFyF2VbC4Yt4rX2rICYe18E7XWUm9Ub","privKey":"mLyFfWEmbCVgAxy3DKvb3R1Yv8PPR6sg3zCn2O8410c="},"lastRemoteEphemeralKey":"BYebI9ddPRb4KFouEe46Y/KezUQBDvL+sVqhAJr+jC8m","previousCounter":0,"rootKey":"+vF7KfZY6S40FxO9N4bIlAejwL5Mn1hWOzQdKineQek="},"indexInfo":{"baseKey":"BSD4KqXKv1RFlBKn6/znoEg1du1UBcEMIGcL+uAzYyZv","baseKeyType":1,"closed":-1,"used":1703091794796,"created":1703091794796,"remoteIdentityKey":"BVREmkB6KkH/AYo7uxeVAmM8tFXUu6DkXCFGa/lYMNwK"},"_chains":{"BS381Uk/8Vr9aWFyF2VbC4Yt4rX2rICYe18E7XWUm9Ub":{"chainKey":{"counter":1,"key":"3NZIO2t82Vsf7Jq7+tLJ29FgJdPDuieAidK0ufzrtXU="},"chainType":1,"messageKeys":{}}},"pendingPreKey":{"signedKeyId":4,"baseKey":"BSD4KqXKv1RFlBKn6/znoEg1du1UBcEMIGcL+uAzYyZv","preKeyId":8010998}}},"version":"v1"}