{"_sessions":{"Bcc9QnsKT2HY9fRUNN2QEJEiH3Kfum0dmMMsRbN3WwcP":{"registrationId":173,"currentRatchet":{"ephemeralKeyPair":{"pubKey":"Bfoa/cJ8qgUbzROMogzdEOstzgWEvV64fr9qNg94NG8W","privKey":"0CP/P2TInyAv3ioUtI2aVdt9BkLPNY1j7qjvnOTd300="},"lastRemoteEphemeralKey":"BdnTUXJ9nO/kKxWcb3cPXRKE2n37SZSmE4k7zp97bZ5d","previousCounter":0,"rootKey":"QR6X4ULy59woLKYN6XSUZR/XJe8CVzok4h0uVAZtKvA="},"indexInfo":{"baseKey":"Bcc9QnsKT2HY9fRUNN2QEJEiH3Kfum0dmMMsRbN3WwcP","baseKeyType":1,"closed":-1,"used":1703091794585,"created":1703091794585,"remoteIdentityKey":"BXcxobtlwEKAJ3/ySybsp7K2ICE0DizXZ0ZPXuKCSpFl"},"_chains":{"Bfoa/cJ8qgUbzROMogzdEOstzgWEvV64fr9qNg94NG8W":{"chainKey":{"counter":1,"key":"7MzSt8nwc9jqxqfzdbRPMaiJmHFwD3DgRpycXl0lzFY="},"chainType":1,"messageKeys":{}}},"pendingPreKey":{"signedKeyId":1,"baseKey":"Bcc9QnsKT2HY9fRUNN2QEJEiH3Kfum0dmMMsRbN3WwcP"}}},"version":"v1"}