{"_sessions":{"BdBnKvCyw/4hix24IQ0LMoSCJnmFHekJVUA763OBByci":{"registrationId":1353890283,"currentRatchet":{"ephemeralKeyPair":{"pubKey":"BZvQn5Frf7iz+dsOIb61vm2ra+Bb9NrkQn1eFOfNIDwX","privKey":"uArqNUL7jDZ+mTwQ/hcSIMUBVO7in+qTSvsbD3ZhClE="},"lastRemoteEphemeralKey":"BVvwYpMRrDYlNmSne+n0ZqT2HaIFjqqLJmdGuz+kYLxe","previousCounter":0,"rootKey":"5/tJOiBnqHTnCkF1nJwyLxaE1d/5tMs8mZwr/NgTSSY="},"indexInfo":{"baseKey":"BdBnKvCyw/4hix24IQ0LMoSCJnmFHekJVUA763OBByci","baseKeyType":1,"closed":-1,"used":1703091794898,"created":1703091794898,"remoteIdentityKey":"BXF1RCn+8qLcbZP9s+/4KzSjE43r87qw1/97A/tdxxMR"},"_chains":{"BZvQn5Frf7iz+dsOIb61vm2ra+Bb9NrkQn1eFOfNIDwX":{"chainKey":{"counter":1,"key":"Qipf0kwncevfAFIYTBn4Nd1YSWBIJiIHh+Rm6+PLOO4="},"chainType":1,"messageKeys":{}}},"pendingPreKey":{"signedKeyId":0,"baseKey":"BdBnKvCyw/4hix24IQ0LMoSCJnmFHekJVUA763OBByci","preKeyId":242756}}},"version":"v1"}