{"_sessions":{"BTm/rKjhqWAqZD2KjtEhMWfOCxRCVB41bqEaGYaOFjQW":{"registrationId":805285431,"currentRatchet":{"ephemeralKeyPair":{"pubKey":"BSnvE0M6gpB4a0fEuj1A3kaOgoKsKtsUHZne99vQzcAC","privKey":"0O6NHzJlBjqm708hRfIzuMZ/toCdX0saqM0ij4hMFkg="},"lastRemoteEphemeralKey":"BQhfZyBzJK0UyWcS37lr+BTZCjVkiEU8kTrHKaQiRF1u","previousCounter":0,"rootKey":"TGqfsYKWZaAef832tDmKwdUvaY5IboIvsplS/RPaHgc="},"indexInfo":{"baseKey":"BTm/rKjhqWAqZD2KjtEhMWfOCxRCVB41bqEaGYaOFjQW","baseKeyType":1,"closed":-1,"used":1703091794911,"created":1703091794911,"remoteIdentityKey":"BboMynuUqnF/T7569/kCk6ymEvydA8RAX34D/En7m5hn"},"_chains":{"BSnvE0M6gpB4a0fEuj1A3kaOgoKsKtsUHZne99vQzcAC":{"chainKey":{"counter":1,"key":"DwxJjhivQJWblzhSY2QDCttSz6qKmwg+DD66QFoBDJQ="},"chainType":1,"messageKeys":{}}},"pendingPreKey":{"signedKeyId":2,"baseKey":"BTm/rKjhqWAqZD2KjtEhMWfOCxRCVB41bqEaGYaOFjQW","preKeyId":10693082}}},"version":"v1"}