{"_sessions":{"BdG5tucKrvRUjG5lV7bOvjh8cQhIR+pZ7BcdTOxAdpkw":{"registrationId":1245779645,"currentRatchet":{"ephemeralKeyPair":{"pubKey":"Bc2V4BE773udb5ezjAWtTcgM7N4osgjOShBiP0KOPzlV","privKey":"kBUUtkc/3yAn6ep+b21ay0sXRXl8m//cjM/0h6g9wlg="},"lastRemoteEphemeralKey":"BVNoJ6lpuLEVcYNYwfRl8XEUP8QnPe1UAPlb/lwEu1kT","previousCounter":0,"rootKey":"hpMjuZmuKtFNhgiy9Uc/YIXLt5J0Ig+TgagOudQDcLk="},"indexInfo":{"baseKey":"BdG5tucKrvRUjG5lV7bOvjh8cQhIR+pZ7BcdTOxAdpkw","baseKeyType":1,"closed":-1,"used":1703091794506,"created":1703091794506,"remoteIdentityKey":"BbkYWOBkhOYq1DjY/F9DT9wF+nnI9oK/1szEjYEGlkZh"},"_chains":{"Bc2V4BE773udb5ezjAWtTcgM7N4osgjOShBiP0KOPzlV":{"chainKey":{"counter":1,"key":"7NC3S9pcUITFPRAg1p6owUgYDFbIGf+UjYugZalGD2k="},"chainType":1,"messageKeys":{}}},"pendingPreKey":{"signedKeyId":0,"baseKey":"BdG5tucKrvRUjG5lV7bOvjh8cQhIR+pZ7BcdTOxAdpkw","preKeyId":4766484}}},"version":"v1"}