{"_sessions":{"BVMCOiX8QUUd6HoBjS2KrTGLFNcvwGyyLxLKRNropdtt":{"registrationId":118231442,"currentRatchet":{"ephemeralKeyPair":{"pubKey":"BfArvEFO2lrFzq6klPUYAwma7OvdlOD/FJOQOs8B0GRD","privKey":"QHbh4hWN7z4qUUfzad4jIXWv467MaPh85fbiIa4FdkI="},"lastRemoteEphemeralKey":"BfR5ewg8EjDewBkG/yHUkpXMJ3ndWCeEYrcUrvHHOqNC","previousCounter":0,"rootKey":"tgoZL0C/toBLftdFHDjxnRNxtXnvvD9LWwxdtOSxSr4="},"indexInfo":{"baseKey":"BVMCOiX8QUUd6HoBjS2KrTGLFNcvwGyyLxLKRNropdtt","baseKeyType":2,"closed":-1,"used":1703097569010,"created":1703097569010,"remoteIdentityKey":"BW+laj5J/ktPL99XX/VlHcgIbp4XrVZngoG54iPtzawl"},"_chains":{"BfR5ewg8EjDewBkG/yHUkpXMJ3ndWCeEYrcUrvHHOqNC":{"chainKey":{"counter":0,"key":"qegBDhFXrSSx29DMc2Ljg00SSUf6MgebLe8hOAnvtZk="},"chainType":2,"messageKeys":{}},"BfArvEFO2lrFzq6klPUYAwma7OvdlOD/FJOQOs8B0GRD":{"chainKey":{"counter":-1,"key":"IOylcrbvUjsEA4epQQSvgdSeA1TyabLOOUyhBhOFIzE="},"chainType":1,"messageKeys":{}}}}},"version":"v1"}