{"_sessions":{"Basn/Z3vUTGHIQWFWzaoZ3zoifIr7eE4fo6dcZy/jfk9":{"registrationId":1841951660,"currentRatchet":{"ephemeralKeyPair":{"pubKey":"BUCYw0Lm8NaH4RmaUmDUPVjdY07jEA72p2I77JxeeHUx","privKey":"YMq4LOIglRZzNEeDGRFWGnKEfW/NPhj8f6Iasc/LZVE="},"lastRemoteEphemeralKey":"BYvcwSeqh44fxsNGpVycu4kiLz14tF3mRzdc5oobAtU9","previousCounter":0,"rootKey":"GKZX28ustKAG/kerjni2CjZvydOWnFqdgBxH0/B2E6k="},"indexInfo":{"baseKey":"Basn/Z3vUTGHIQWFWzaoZ3zoifIr7eE4fo6dcZy/jfk9","baseKeyType":2,"closed":1703112406065,"used":1703112405597,"created":1703112405597,"remoteIdentityKey":"BTeuZzN5r5u0gNhpAPK+/woqQbybJUwd8guSO4/hEF0x"},"_chains":{"BYvcwSeqh44fxsNGpVycu4kiLz14tF3mRzdc5oobAtU9":{"chainKey":{"counter":0,"key":"YA6RJqLsSmWWvCFkTOBj3b45oxG82tBzIMLL/vW7VR0="},"chainType":2,"messageKeys":{}},"BUCYw0Lm8NaH4RmaUmDUPVjdY07jEA72p2I77JxeeHUx":{"chainKey":{"counter":-1,"key":"RQcW4jBRXHAqTiz7t6W8nOldnrhacLm6wViqyDdDb4Y="},"chainType":1,"messageKeys":{}}}},"BWsj7aCzy4NybpHOF8uXbA6ag0M1tF0YRqXrTs0L8DAD":{"registrationId":1841951660,"currentRatchet":{"ephemeralKeyPair":{"pubKey":"BaG4EOF3ZLCCr4fV4tsWf0A67yh23mEAS4ZMwpMl7zwV","privKey":"MCrV2rkzJwZ0lecdrjviDlPRqvLawZuLnKplzmUQgn4="},"lastRemoteEphemeralKey":"Bcrw277PCT2cy7fQiliWgp3pA6ng5XE+b9tLucwg3pM7","previousCounter":0,"rootKey":"jaeWKE+mc8EdUqoHkN0Poh4vHb0TrLhCpJgOCgmdulU="},"indexInfo":{"baseKey":"BWsj7aCzy4NybpHOF8uXbA6ag0M1tF0YRqXrTs0L8DAD","baseKeyType":2,"closed":-1,"used":1703112406066,"created":1703112406066,"remoteIdentityKey":"BTeuZzN5r5u0gNhpAPK+/woqQbybJUwd8guSO4/hEF0x"},"_chains":{"Bcrw277PCT2cy7fQiliWgp3pA6ng5XE+b9tLucwg3pM7":{"chainKey":{"counter":2,"key":"sUmRteUApoa1qv6a8rFaDH96MFesKZxEUxC+19SYkjA="},"chainType":2,"messageKeys":{}},"BaG4EOF3ZLCCr4fV4tsWf0A67yh23mEAS4ZMwpMl7zwV":{"chainKey":{"counter":-1,"key":"qFry/ptYm+Dtj0qvXvZrA4zNcg5lsk2SitjAJsxrYp8="},"chainType":1,"messageKeys":{}}}}},"version":"v1"}