{"_sessions":{"BW86wEDXlpaKf6n3vnmfaHH9n1RVbV9FV7fTWRost0MT":{"registrationId":262948598,"currentRatchet":{"ephemeralKeyPair":{"pubKey":"BVEr/89UkOB/yxfAuwmEk435fVHv62XhY6d27kr+XLI0","privKey":"WN3QLFyVKLADJGsmchJyjANTo7U3sP2DLF36zJuenmE="},"lastRemoteEphemeralKey":"BZQSsa8m8gSiUYmGy9BvLPeIIDBzd3tIADscGLCWCBII","previousCounter":0,"rootKey":"5TYxuRaKy9dO+nXmPKlKWdkmkwtBEciIWPEFvppWMQ0="},"indexInfo":{"baseKey":"BW86wEDXlpaKf6n3vnmfaHH9n1RVbV9FV7fTWRost0MT","baseKeyType":2,"closed":-1,"used":1703085688257,"created":1703085688257,"remoteIdentityKey":"BZcJIowIvWQAWYGUu0wVErMq7Ipyzr/4CVQinZSelt9h"},"_chains":{"BZQSsa8m8gSiUYmGy9BvLPeIIDBzd3tIADscGLCWCBII":{"chainKey":{"counter":0,"key":"ELytqVtACIgu7fVfWPqVknc+R6ZnzmbjKeEXWdprvZg="},"chainType":2,"messageKeys":{}},"BVEr/89UkOB/yxfAuwmEk435fVHv62XhY6d27kr+XLI0":{"chainKey":{"counter":-1,"key":"03cFrc/37neICgRqBss2fxYpjf6zvS7hkFuKw0/JzEA="},"chainType":1,"messageKeys":{}}}}},"version":"v1"}