{"_sessions":{"BQ3q7bWj72OytS5THYojDdelKgh+ofR92EAqYZzb4BMz":{"registrationId":745045670,"currentRatchet":{"ephemeralKeyPair":{"pubKey":"BQ2UIYRzjCCMqwNTcKw/T2TYd4osb60cDKiLndyykKxJ","privKey":"6J6KFw4PXsjgvria3tQ1qf7N+Fi+Dsn7hrwuWcoGs38="},"lastRemoteEphemeralKey":"BU9XZ7HfQOZFb/5/2Os6UUA6izqeO9Vr8L2WKj7c48Qc","previousCounter":0,"rootKey":"3pgZWE04VexOVBRZtlDkb+8+/tB6C/ezbD606uvMPjM="},"indexInfo":{"baseKey":"BQ3q7bWj72OytS5THYojDdelKgh+ofR92EAqYZzb4BMz","baseKeyType":1,"closed":-1,"used":1703091794807,"created":1703091794807,"remoteIdentityKey":"BYzAEl8ftTbpw1YnSH8gtLygSFEpvyIV5Po3xMSoaF0s"},"_chains":{"BQ2UIYRzjCCMqwNTcKw/T2TYd4osb60cDKiLndyykKxJ":{"chainKey":{"counter":1,"key":"tLjRPYlpFt9YTswZuc86G5qUrvTtKtPB5M/WYaJn1xU="},"chainType":1,"messageKeys":{}}},"pendingPreKey":{"signedKeyId":4,"baseKey":"BQ3q7bWj72OytS5THYojDdelKgh+ofR92EAqYZzb4BMz"}}},"version":"v1"}