{"_sessions":{"BURDT647BAiXM0t7/AEzOk26qZjz4zVfB86xRFn0Ecxg":{"registrationId":9300,"currentRatchet":{"ephemeralKeyPair":{"pubKey":"BaEZ/2op3KvG9UHx9LeLvOSS4abWzFnLOaWRPivfD/hd","privKey":"aHyUIxIQ8gWhqZlyuGCNPCU8Ore3PQn146cp++iWrWc="},"lastRemoteEphemeralKey":"BWucHRSuSqyKLT7DP0AZKlxjDra2Dajn6YCdgrBHZzEm","previousCounter":0,"rootKey":"OCbx0pAj77OgSPT2hM029PzScJRkzd17EjlbhzNKxNM="},"indexInfo":{"baseKey":"BURDT647BAiXM0t7/AEzOk26qZjz4zVfB86xRFn0Ecxg","baseKeyType":1,"closed":-1,"used":1703091794580,"created":1703091794580,"remoteIdentityKey":"BaAxKNV2sbby2GpwIes0DoiZN1ULEsEF6y9/4qpAswMg"},"_chains":{"BaEZ/2op3KvG9UHx9LeLvOSS4abWzFnLOaWRPivfD/hd":{"chainKey":{"counter":1,"key":"oI7Lv6GlejYGlGG/be9KTm4t2VunpvBYE5oSMY+EijY="},"chainType":1,"messageKeys":{}}},"pendingPreKey":{"signedKeyId":1,"baseKey":"BURDT647BAiXM0t7/AEzOk26qZjz4zVfB86xRFn0Ecxg"}}},"version":"v1"}