{"_sessions":{"BQn8fxT/ZdErXhw+XUfNsX9xb0EAwxWEchaZJnKMftUK":{"registrationId":1949194473,"currentRatchet":{"ephemeralKeyPair":{"pubKey":"BZuw6gkDBxn6dWLaom4kjN4OV0T0y446eNqQV8o1UWwi","privKey":"eA/WWE5uFho5YCdsMckjWtg8ilhHmH5g2SrBGyn7AWQ="},"lastRemoteEphemeralKey":"BRmfwfAiJQomA15DBYbsac4ARYeOByquTsT79lGoVNFU","previousCounter":0,"rootKey":"4EtinW0Y0mi1mLflCO5Bvr6Sjo4tuihPmAVe6rd6GaM="},"indexInfo":{"baseKey":"BQn8fxT/ZdErXhw+XUfNsX9xb0EAwxWEchaZJnKMftUK","baseKeyType":1,"closed":-1,"used":1703091794705,"created":1703091794705,"remoteIdentityKey":"BVBwuxAt4vh3IsBDHaU04Zp7KFcn78hy+FSFESAsPqYq"},"_chains":{"BZuw6gkDBxn6dWLaom4kjN4OV0T0y446eNqQV8o1UWwi":{"chainKey":{"counter":1,"key":"ph5pknJVJ6hejd+3WD9GTU1d9EzDrulaEbmslI895Dg="},"chainType":1,"messageKeys":{}}},"pendingPreKey":{"signedKeyId":13,"baseKey":"BQn8fxT/ZdErXhw+XUfNsX9xb0EAwxWEchaZJnKMftUK","preKeyId":14379599}}},"version":"v1"}