{"_sessions":{"BZ181LUdFO2DwVFOOTw9a2giX4y/aod8210+mAamwstS":{"registrationId":756538229,"currentRatchet":{"ephemeralKeyPair":{"pubKey":"BUR7R3fW6RfBaFrAZ29Mis66uDbhVJDD1qvoISwud+BH","privKey":"MGyMiG+4RdfZhJJCHQueAxlSwip5EiHOaI8OUSMQ1Go="},"lastRemoteEphemeralKey":"BY4cD9xkjG6EfV3lMyDgWEjL/zd9eRHFhy5M5cCzCM5O","previousCounter":0,"rootKey":"ldZE0cY5NbkuE6ANvcVo5jFX4ADMkIY4iayfK/9ElH8="},"indexInfo":{"baseKey":"BZ181LUdFO2DwVFOOTw9a2giX4y/aod8210+mAamwstS","baseKeyType":1,"closed":-1,"used":1703091795100,"created":1703091795100,"remoteIdentityKey":"BYfsAvX+Y7nguB9oWPxB/ITHUVoGIidxyMrlj41+GagG"},"_chains":{"BUR7R3fW6RfBaFrAZ29Mis66uDbhVJDD1qvoISwud+BH":{"chainKey":{"counter":1,"key":"rP+Qma/46m6oOb/5NAbfomZRqHNNO7c7H5mmQbYSWgs="},"chainType":1,"messageKeys":{}}},"pendingPreKey":{"signedKeyId":17,"baseKey":"BZ181LUdFO2DwVFOOTw9a2giX4y/aod8210+mAamwstS","preKeyId":11602420}}},"version":"v1"}