{"_sessions":{"BVgmXLc+Z8H3/qw/hxyLjSdIf22KADt2D5nwaoU1JtsU":{"registrationId":106,"currentRatchet":{"ephemeralKeyPair":{"pubKey":"BS63IdedLH7G8MXWeZOC35H/WfW5jr0dQnYl1YvM+VRk","privKey":"UJADnDJzCUEO/waUkIqp8UaDWUvUIkMxyo399oEDMEM="},"lastRemoteEphemeralKey":"BeS9C+AzPscX5W3EX2wPPi2uEd2byFBZ+n9ukmVIc7pf","previousCounter":0,"rootKey":"QBCl1DBS1zmLEuT+EE/botsA9J+Kzq+bUC15bmpY5iU="},"indexInfo":{"baseKey":"BVgmXLc+Z8H3/qw/hxyLjSdIf22KADt2D5nwaoU1JtsU","baseKeyType":2,"closed":-1,"used":1703089085960,"created":1703089085960,"remoteIdentityKey":"BfD8jLJhIIYYyku1A3va2j95WVzPb/Ae6bzFbbGlPQx5"},"_chains":{"BeS9C+AzPscX5W3EX2wPPi2uEd2byFBZ+n9ukmVIc7pf":{"chainKey":{"counter":0,"key":"sKMrsZ2qS0odmfkbT9KdSoG4jYzXh8vMjcK1xEvAbec="},"chainType":2,"messageKeys":{}},"BS63IdedLH7G8MXWeZOC35H/WfW5jr0dQnYl1YvM+VRk":{"chainKey":{"counter":-1,"key":"L//e4tK30PKwgCEASq1vWolR0dADwWSowk1Xjm4bTqM="},"chainType":1,"messageKeys":{}}}}},"version":"v1"}