{"_sessions":{"BQU2l/kSFQ/Slv8nfFvnLEmCpNB23dpiC9Cq0a6bQt1r":{"registrationId":1580211032,"currentRatchet":{"ephemeralKeyPair":{"pubKey":"BQMrLukeSHrI9NBLq+ctNEBig4ApRauAoO1cKzUI9lse","privKey":"AJp35t1Ab+QLCI89sxuwfxt7XcIIf8RIt4RitAi4aVs="},"lastRemoteEphemeralKey":"BRmw3ANTLJFOj/sMaECiv1MrEtZJs49pjioXM2d2ldkd","previousCounter":0,"rootKey":"Yp8aAJq7ufYQx4s5aN00gIcD3HlEJTFX8tVu4rh4WBw="},"indexInfo":{"baseKey":"BQU2l/kSFQ/Slv8nfFvnLEmCpNB23dpiC9Cq0a6bQt1r","baseKeyType":1,"closed":-1,"used":1703091794792,"created":1703091794792,"remoteIdentityKey":"BfTT9RSSmiihanGo8Oi/GCAsTVVox3fy5OrB+aCb710o"},"_chains":{"BQMrLukeSHrI9NBLq+ctNEBig4ApRauAoO1cKzUI9lse":{"chainKey":{"counter":1,"key":"eAklnc7bo6JThjwLt6orGep3TXHFvZ5odYbKNB50aX8="},"chainType":1,"messageKeys":{}}},"pendingPreKey":{"signedKeyId":0,"baseKey":"BQU2l/kSFQ/Slv8nfFvnLEmCpNB23dpiC9Cq0a6bQt1r","preKeyId":8883202}}},"version":"v1"}