{"_sessions":{"BYXKl59H7H5fyOabBib+0wRCM+4TTuabToZ7x/zHzlRX":{"registrationId":1532511383,"currentRatchet":{"ephemeralKeyPair":{"pubKey":"BW2WoLjBPbkom9lNS0FKO7nWaYxnNdIFVSRKslVKD9cf","privKey":"gLCH07jT0rIF5X5q3i6FAPjJyl4VMr6RrPN3FDtpSHk="},"lastRemoteEphemeralKey":"BWET/SAINbr/B9l2LZfOy3vx+L8o/eSD/GAgGNgDggYp","previousCounter":0,"rootKey":"NyrvODfn+RRrxrqOlqQ0JdWcxsXigrfKAdC7R1fxFa4="},"indexInfo":{"baseKey":"BYXKl59H7H5fyOabBib+0wRCM+4TTuabToZ7x/zHzlRX","baseKeyType":1,"closed":-1,"used":1703091795017,"created":1703091795017,"remoteIdentityKey":"BSC+g4k0jqrzEhnnG5s44AB7raa2hyMhHVt8dMOCfgcE"},"_chains":{"BW2WoLjBPbkom9lNS0FKO7nWaYxnNdIFVSRKslVKD9cf":{"chainKey":{"counter":1,"key":"ZOb64f6tIl/2MtnQyrOtulLhVa1JGnDoP87fhSkLZJw="},"chainType":1,"messageKeys":{}}},"pendingPreKey":{"signedKeyId":1,"baseKey":"BYXKl59H7H5fyOabBib+0wRCM+4TTuabToZ7x/zHzlRX","preKeyId":1006111}}},"version":"v1"}