{"_sessions":{"BaQBj4X794iF6cDIeaNcCW5IL6JntTB11gafJ3xj/N5w":{"registrationId":1106137964,"currentRatchet":{"ephemeralKeyPair":{"pubKey":"BdxXPkKuAkW3FIHbNmz/+jR0tdDXZ09TOfb/O8l9wY8O","privKey":"SHzySB9prPqXALcbdVlwbXQDUkkE54DVKeF0PIa+WEg="},"lastRemoteEphemeralKey":"BYTJ49S17+WK5QFYiAtz2mK/Xy0KUMl4pU1ukiS+nWMJ","previousCounter":0,"rootKey":"3z+udgZayfYQeGYrDNrnFv2Ge18mmiJpZlGp8H+X9c8="},"indexInfo":{"baseKey":"BaQBj4X794iF6cDIeaNcCW5IL6JntTB11gafJ3xj/N5w","baseKeyType":1,"closed":-1,"used":1703091794628,"created":1703091794628,"remoteIdentityKey":"Bfatj2vC/ynxEPqt6/t1UcUmOMoQBg68aKSqbdhPbmJf"},"_chains":{"BdxXPkKuAkW3FIHbNmz/+jR0tdDXZ09TOfb/O8l9wY8O":{"chainKey":{"counter":1,"key":"i76d8oUY3N4hgev/maKiGUiZVnOGwyUDOlX9ghHlJZc="},"chainType":1,"messageKeys":{}}},"pendingPreKey":{"signedKeyId":8,"baseKey":"BaQBj4X794iF6cDIeaNcCW5IL6JntTB11gafJ3xj/N5w","preKeyId":9129277}}},"version":"v1"}