{"_sessions":{"BSGAV79SVU76H+hQfhBHRfxAS+oqOqlgTDJKIYyHkYYE":{"registrationId":691637292,"currentRatchet":{"ephemeralKeyPair":{"pubKey":"BXVkhY0EYoVBZzdIvYAqK1ZRkJP7ExEBFSRe9qKMvi4Y","privKey":"qAFpszjbd4vztYC+KQqZeIlcL8ZJLKw0YQy+TGrqwn0="},"lastRemoteEphemeralKey":"BXOOnrDXRap6C+mH9P/HcCaac3r4jguGEdW1GPBg8PFu","previousCounter":0,"rootKey":"+1bsMR54gNhae3D7noOUNTRJMVQVu2C0Nbrf3nOt+ow="},"indexInfo":{"baseKey":"BSGAV79SVU76H+hQfhBHRfxAS+oqOqlgTDJKIYyHkYYE","baseKeyType":1,"closed":-1,"used":1703091794697,"created":1703091794697,"remoteIdentityKey":"BWK4BlPRZQa3MtjJUodZwvzo33KWSYelLUGGlAxAQFFG"},"_chains":{"BXVkhY0EYoVBZzdIvYAqK1ZRkJP7ExEBFSRe9qKMvi4Y":{"chainKey":{"counter":1,"key":"SqRdwRkraFVYSXVg3JPIeXgL0/18J5mHQhuF5vaq8qY="},"chainType":1,"messageKeys":{}}},"pendingPreKey":{"signedKeyId":1,"baseKey":"BSGAV79SVU76H+hQfhBHRfxAS+oqOqlgTDJKIYyHkYYE","preKeyId":4328489}}},"version":"v1"}