{"_sessions":{"BeVup+b2HiIprKqYYty+pD5M1wF5xEn4Wokna7TVgtMO":{"registrationId":1900078175,"currentRatchet":{"ephemeralKeyPair":{"pubKey":"BfNCzraITBQGhyZE2MsyaUY5oLRzQ1GTNEy8o9BjugFQ","privKey":"EE7QgiIWCFe90aRQWmtvXnyqaYQPJmZezHz3BF8/lE8="},"lastRemoteEphemeralKey":"BQY/gJY0nhBEbuMYtuN4JV6+fzx1dpgDpBfAlccIo7pn","previousCounter":0,"rootKey":"3Tdlw2wmOQxLmsZovxPuEPASNDjEP6AIhTBRtobNw7Q="},"indexInfo":{"baseKey":"BeVup+b2HiIprKqYYty+pD5M1wF5xEn4Wokna7TVgtMO","baseKeyType":1,"closed":-1,"used":1703091794803,"created":1703091794803,"remoteIdentityKey":"BTge2jGUKs/Ryhzv9rGca5NCYqIqYCBsiPdMylsgpYcj"},"_chains":{"BfNCzraITBQGhyZE2MsyaUY5oLRzQ1GTNEy8o9BjugFQ":{"chainKey":{"counter":1,"key":"xbF8YTiqc7iPiOfxOdE/h73OTzo9BF9gOfeA3hCuTKs="},"chainType":1,"messageKeys":{}}},"pendingPreKey":{"signedKeyId":0,"baseKey":"BeVup+b2HiIprKqYYty+pD5M1wF5xEn4Wokna7TVgtMO","preKeyId":3964276}}},"version":"v1"}