{"_sessions":{"Bar54kQ1GOR4Y9qLAtJZIfXGrp0EgwJHSMUtkn2KDGAU":{"registrationId":521096952,"currentRatchet":{"ephemeralKeyPair":{"pubKey":"BUTmUO1rBueKjTQOkAOC77KH598S9jpYhjwiBPSljOhW","privKey":"2OitqJSRhjKgbCzRTlS2oWqE9IaSb1JJdRgx5zI8KWI="},"lastRemoteEphemeralKey":"BR9UxVocf3CPhYNhakYv1ekle4wLX4Qv3NzyMJokVG80","previousCounter":0,"rootKey":"sTBxEW4oXrgXcbfWARAZ+TM9Yv8ugShZJtExKHg++hY="},"indexInfo":{"baseKey":"Bar54kQ1GOR4Y9qLAtJZIfXGrp0EgwJHSMUtkn2KDGAU","baseKeyType":1,"closed":-1,"used":1703091794798,"created":1703091794798,"remoteIdentityKey":"BbUqpJu6FC2d1twbTnjvy9ByjfjmkHTbTRhTmRbe8Ul0"},"_chains":{"BUTmUO1rBueKjTQOkAOC77KH598S9jpYhjwiBPSljOhW":{"chainKey":{"counter":1,"key":"rvSR47SjjRaiS3xMzMnmhk4Ta0/WU1O/a2kC+FH4A3Q="},"chainType":1,"messageKeys":{}}},"pendingPreKey":{"signedKeyId":0,"baseKey":"Bar54kQ1GOR4Y9qLAtJZIfXGrp0EgwJHSMUtkn2KDGAU"}}},"version":"v1"}