{"_sessions":{"BRkVgGDnBcHiEAYUfSl1eIf9Aqm3dwu2NqA+QiKG/19d":{"registrationId":137727492,"currentRatchet":{"ephemeralKeyPair":{"pubKey":"BXblT2QQNkgz+2KO2QZCnhr2frsUK5NcPIRjnz0+NEpJ","privKey":"CKORWn9KVTi2nflpY8s4ASL+Jh8EXkJ4TbpDa7PRe0E="},"lastRemoteEphemeralKey":"BQ6YYNjUm0JXbgeKZe8qnRTRuQp0Z/jPQvGChQSLoD8v","previousCounter":0,"rootKey":"zjVpxBHULky2k/dVp+Ru28+FYXcZV//gH5Nwu8bv+YA="},"indexInfo":{"baseKey":"BRkVgGDnBcHiEAYUfSl1eIf9Aqm3dwu2NqA+QiKG/19d","baseKeyType":1,"closed":-1,"used":1703091794889,"created":1703091794889,"remoteIdentityKey":"BUoVWig3Yfqx6RTFeEE70r+NIvHLCZvk6ZmsqKDx/UBR"},"_chains":{"BXblT2QQNkgz+2KO2QZCnhr2frsUK5NcPIRjnz0+NEpJ":{"chainKey":{"counter":1,"key":"TdrnL34YMDjPumtt6S32oaH8juyXkURW2brYS/My1AM="},"chainType":1,"messageKeys":{}}},"pendingPreKey":{"signedKeyId":0,"baseKey":"BRkVgGDnBcHiEAYUfSl1eIf9Aqm3dwu2NqA+QiKG/19d"}}},"version":"v1"}