{"_sessions":{"BQuY370ygWdjC00lkqU/vEa57xDcrLBqwm5C3pCpswR7":{"registrationId":1626021677,"currentRatchet":{"ephemeralKeyPair":{"pubKey":"BQ8/GfwqUeA+z+wuu3GWZHC9e1IoFWvRbNG26SkhMqJR","privKey":"8P/X7iYb8weQbtT/btyEYUdFHreK6FikqRl83JYtuGQ="},"lastRemoteEphemeralKey":"BdvDl8csDnPGY56pRan7qhRI1Tza913Bl0g+iyi5NWNu","previousCounter":0,"rootKey":"8ypGZdUW4ZQomNmTAH9ZEpv4BBE1ijDYj4pNOqpgDoU="},"indexInfo":{"baseKey":"BQuY370ygWdjC00lkqU/vEa57xDcrLBqwm5C3pCpswR7","baseKeyType":1,"closed":-1,"used":1703091794795,"created":1703091794795,"remoteIdentityKey":"BWjLgiw/MN/dxjx4BFSFOrD231tTZtp58AZ3ko70Gqlr"},"_chains":{"BQ8/GfwqUeA+z+wuu3GWZHC9e1IoFWvRbNG26SkhMqJR":{"chainKey":{"counter":1,"key":"9uDYctPtrGpSf+M+zSNk3LTl1Ksdimjkz3AIhUUVIZs="},"chainType":1,"messageKeys":{}}},"pendingPreKey":{"signedKeyId":6,"baseKey":"BQuY370ygWdjC00lkqU/vEa57xDcrLBqwm5C3pCpswR7","preKeyId":8514132}}},"version":"v1"}