{"_sessions":{"BXJq6BBtPvq1ishHZ+sRP2hD2OX+xb6kOnUwUfItWsl1":{"registrationId":251,"currentRatchet":{"ephemeralKeyPair":{"pubKey":"BQ3SCYtyb3c/F8y/NQ1h40axePhYv91sxbZx1doUIfN+","privKey":"YN0LqqiM4LTYUCR7AitBbY12KygmWPxV4xcAUQVEOko="},"lastRemoteEphemeralKey":"BRLq0plFhLRA40OELJxwN8zrigwwp+8xZ7n+H3kM9/AR","previousCounter":0,"rootKey":"1PHcCHIUDBLQmRNQbej4hrKoI7jsCPBWodf9iUiCyHQ="},"indexInfo":{"baseKey":"BXJq6BBtPvq1ishHZ+sRP2hD2OX+xb6kOnUwUfItWsl1","baseKeyType":1,"closed":1703092755803,"used":1703091794526,"created":1703091794526,"remoteIdentityKey":"BSCDrB9R9ZDNLlykcOdf84W7BP8Ly7Phdbonmzr+e+E4"},"_chains":{"BQ3SCYtyb3c/F8y/NQ1h40axePhYv91sxbZx1doUIfN+":{"chainKey":{"counter":0,"key":"kkmtnMhyfs0szUFGkK+ky6Z+SIk4DVzDXSWLNnlyd4Q="},"chainType":1,"messageKeys":{}}},"pendingPreKey":{"signedKeyId":1,"baseKey":"BXJq6BBtPvq1ishHZ+sRP2hD2OX+xb6kOnUwUfItWsl1","preKeyId":10967}},"BayXiI+QPHtNG/qvPlXwNqVGxHhWBJ+25mZzP3hsvF1e":{"registrationId":251,"currentRatchet":{"ephemeralKeyPair":{"pubKey":"BQ8HG6bI4fIESfWPdffmh5mbw2exaOlUGtI8meC4nGwm","privKey":"0EDJp+vBybMi72a/RrkT0UBJHfTiD9cQB13/xDMJFlY="},"lastRemoteEphemeralKey":"BRLq0plFhLRA40OELJxwN8zrigwwp+8xZ7n+H3kM9/AR","previousCounter":0,"rootKey":"TSoloIyoakeiWDDOMkTQrw78vCjM1khpumNBuDWHL4o="},"indexInfo":{"baseKey":"BayXiI+QPHtNG/qvPlXwNqVGxHhWBJ+25mZzP3hsvF1e","baseKeyType":1,"closed":-1,"used":1703092755760,"created":1703092755760,"remoteIdentityKey":"BSCDrB9R9ZDNLlykcOdf84W7BP8Ly7Phdbonmzr+e+E4"},"_chains":{"BQ8HG6bI4fIESfWPdffmh5mbw2exaOlUGtI8meC4nGwm":{"chainKey":{"counter":0,"key":"hijI3QSSHfH3xnbFhWS60k2vWX+Q++NfOassqE8T9OE="},"chainType":1,"messageKeys":{}}},"pendingPreKey":{"signedKeyId":1,"baseKey":"BayXiI+QPHtNG/qvPlXwNqVGxHhWBJ+25mZzP3hsvF1e","preKeyId":10988}}},"version":"v1"}