{"_sessions":{"BaqtFX8oQwcI3VKkPAjyfU7sdtm5yCQz+HaY+lmWsApX":{"registrationId":1029768132,"currentRatchet":{"ephemeralKeyPair":{"pubKey":"BWwTnGKBPCvvHMHpSFBKADg4W7fmaD5J4Zj8cjUtMNko","privKey":"ADWYkgcCsRn/dKrvRGRiV+wIZSOugCRy7Z8hp/k2qWg="},"lastRemoteEphemeralKey":"BQQQCzjKPB8w3BnwICAu4nEuSdbV46WR+9hziVkH6QJx","previousCounter":0,"rootKey":"C1wmKlwomK2dbEs3tkGFHBfYQYYoJrjm5Nf91ZZpYcs="},"indexInfo":{"baseKey":"BaqtFX8oQwcI3VKkPAjyfU7sdtm5yCQz+HaY+lmWsApX","baseKeyType":1,"closed":-1,"used":1703091795126,"created":1703091795126,"remoteIdentityKey":"BV4MMcp0P5tEwwphHBvwHIQ9OZ/OpjkmvPltgohp/Dxv"},"_chains":{"BWwTnGKBPCvvHMHpSFBKADg4W7fmaD5J4Zj8cjUtMNko":{"chainKey":{"counter":1,"key":"2SSvvlMzxqSw762RAf1smmWeuQn1Zccj5DnjDtE0FFQ="},"chainType":1,"messageKeys":{}}},"pendingPreKey":{"signedKeyId":0,"baseKey":"BaqtFX8oQwcI3VKkPAjyfU7sdtm5yCQz+HaY+lmWsApX","preKeyId":7097895}}},"version":"v1"}