{"_sessions":{"Bao4snKkkIinM6slxd6jE5Rsg55ZZSnj8OGa/m/+HJEP":{"registrationId":1429208427,"currentRatchet":{"ephemeralKeyPair":{"pubKey":"BfcR1YlaAZuhurI3pTLF2zFyR5H1knOUpfdAIXj2cjoV","privKey":"YLwYMwpS5EmpWJU+Yfx7OaKwobKNRUJlW/rmER+OBX0="},"lastRemoteEphemeralKey":"Beb0K9r+zeINEmGZOgnSNSqiEG89vQWqS3RepF+DDEoK","previousCounter":0,"rootKey":"4zYSY25ex7fYOq4tn4KFE47IS49BU2UK3iU21RT1BNI="},"indexInfo":{"baseKey":"Bao4snKkkIinM6slxd6jE5Rsg55ZZSnj8OGa/m/+HJEP","baseKeyType":1,"closed":-1,"used":1703091794689,"created":1703091794689,"remoteIdentityKey":"Bcu2pZ5sh4yMJZ/U8qNT+bBxgc9tTLxdSIcigCMmpMhB"},"_chains":{"BfcR1YlaAZuhurI3pTLF2zFyR5H1knOUpfdAIXj2cjoV":{"chainKey":{"counter":1,"key":"A4xfC0zxrkZ5AGzS37zdD22fMKibLOJGSW11ymH++r0="},"chainType":1,"messageKeys":{}}},"pendingPreKey":{"signedKeyId":5,"baseKey":"Bao4snKkkIinM6slxd6jE5Rsg55ZZSnj8OGa/m/+HJEP","preKeyId":13571699}}},"version":"v1"}