{"_sessions":{"BRn19ZhOyxaGDoYR0XaDB8oxkVPffurPLLfpHrh8iPUd":{"registrationId":333141982,"currentRatchet":{"ephemeralKeyPair":{"pubKey":"BazsHsKunepuP/qRHWy+s/G9sSydxH4/i6liYhty21UO","privKey":"kPJ7fdSQplVWxqIWEFTW6kRUXwJJdLDxSUV34MZWUFA="},"lastRemoteEphemeralKey":"Be86s0j6NbiW2qXPP3hfcKGlp/29yA9nf4hyiW1Y1t9E","previousCounter":0,"rootKey":"xhelbzUgmnj7NCuV5fwzVLfzy2OsqUk0xLZSlZYjjVA="},"indexInfo":{"baseKey":"BRn19ZhOyxaGDoYR0XaDB8oxkVPffurPLLfpHrh8iPUd","baseKeyType":1,"closed":-1,"used":1703091795092,"created":1703091795092,"remoteIdentityKey":"BbZvAyeLVYLxxXejOllgZ7hwIovGiFykbRxz7J/d+CFm"},"_chains":{"BazsHsKunepuP/qRHWy+s/G9sSydxH4/i6liYhty21UO":{"chainKey":{"counter":1,"key":"6W0OHI3e09OscvZ6A9Nf5hpg/xJKzH1XPG1LBWx0IA4="},"chainType":1,"messageKeys":{}}},"pendingPreKey":{"signedKeyId":0,"baseKey":"BRn19ZhOyxaGDoYR0XaDB8oxkVPffurPLLfpHrh8iPUd"}}},"version":"v1"}