{"_sessions":{"BROMGoL7fk3ers2qp3JGUI6dC17gRt0gg+5Qn1PqWXAj":{"registrationId":456400997,"currentRatchet":{"ephemeralKeyPair":{"pubKey":"BYpNwWm5SebXyBIV9J8rgrVunkbnIltXgQ6+Os8Ib1Ff","privKey":"4JS7yZx7HFdnFIHm3pGIIH0v6hzk5V8K6RDPDfu7m3g="},"lastRemoteEphemeralKey":"BSnsioEwcJzTQmz198FrIV9NUL7idzFOUt5INuJjhYYn","previousCounter":0,"rootKey":"sT2QNoVb7z3YIBvnqW2ZVfAk9QyvQspt2lz8Yc2HkH0="},"indexInfo":{"baseKey":"BROMGoL7fk3ers2qp3JGUI6dC17gRt0gg+5Qn1PqWXAj","baseKeyType":1,"closed":-1,"used":1703091794681,"created":1703091794681,"remoteIdentityKey":"BXL2mqCOWHk0bd4Zi45VwyFK1TM5LWui3jfRV4woiZRa"},"_chains":{"BYpNwWm5SebXyBIV9J8rgrVunkbnIltXgQ6+Os8Ib1Ff":{"chainKey":{"counter":1,"key":"bCJ0ClVqU/5V39kHQZldWDVyMV3fnx5ZeBdUQtaNHBE="},"chainType":1,"messageKeys":{}}},"pendingPreKey":{"signedKeyId":0,"baseKey":"BROMGoL7fk3ers2qp3JGUI6dC17gRt0gg+5Qn1PqWXAj","preKeyId":12200032}}},"version":"v1"}