{"_sessions":{"BUXyfzT67Z6NLTu/qbRSMknkiMSDIqrC6B4TKlMR8Oxx":{"registrationId":543427430,"currentRatchet":{"ephemeralKeyPair":{"pubKey":"BRFI9YuAladSjXbPaQeJYXV9LUFNzznxmf5bQXCcX+dO","privKey":"iFrug0X6SCiP19MkZrZ+fy+6U45lM7JN+/uUhqDrLFU="},"lastRemoteEphemeralKey":"BYzBNXGSw/PLurl5xEV5t9MmYV8NwsOZ3kb4ple+1Adk","previousCounter":0,"rootKey":"jsLpIHRoXQT0LIlF4GQSUVxQcJxApHoI5ErR3hBAiJg="},"indexInfo":{"baseKey":"BUXyfzT67Z6NLTu/qbRSMknkiMSDIqrC6B4TKlMR8Oxx","baseKeyType":1,"closed":-1,"used":1703091794790,"created":1703091794790,"remoteIdentityKey":"BSRL1jyv5GU/gCxFo7JN3HzzhQNP+mAjLGSgkl0lArMq"},"_chains":{"BRFI9YuAladSjXbPaQeJYXV9LUFNzznxmf5bQXCcX+dO":{"chainKey":{"counter":1,"key":"83lF+rG7yo+agiRwGnNxr1bjGFRSREokajdS+0v1AgU="},"chainType":1,"messageKeys":{}}},"pendingPreKey":{"signedKeyId":0,"baseKey":"BUXyfzT67Z6NLTu/qbRSMknkiMSDIqrC6B4TKlMR8Oxx"}}},"version":"v1"}