{"_sessions":{"BaH+ZFkLWFwzvyScR2AYQDcBsrzTyr5Gi203jOa3LM0c":{"registrationId":629837475,"currentRatchet":{"ephemeralKeyPair":{"pubKey":"BXCteV2VYmv43DUOsQysWKP7n+VoUxLcwGVDjCx3vrRj","privKey":"aBn4L4SaaIjra7EiYagaxR4yqTBoBcL1GGSKf/R9Nkg="},"lastRemoteEphemeralKey":"BeH9j4FHkhH0c23FAP91AJVingK5oVEIrr8KssNqL94S","previousCounter":0,"rootKey":"nEsZEL+utAU78gKi5a3a3ns7Hxm3qhfR+gXmxyAoL/4="},"indexInfo":{"baseKey":"BaH+ZFkLWFwzvyScR2AYQDcBsrzTyr5Gi203jOa3LM0c","baseKeyType":1,"closed":-1,"used":1703091795097,"created":1703091795097,"remoteIdentityKey":"Bc29pOwXICsFHvYppJPmSVZUJtzzK8m6ByKI1ZW3wgxt"},"_chains":{"BXCteV2VYmv43DUOsQysWKP7n+VoUxLcwGVDjCx3vrRj":{"chainKey":{"counter":1,"key":"NqjiARE7PBrl7JXvP/UDIbTdV4t0u0pkRrMmX7cZuOc="},"chainType":1,"messageKeys":{}}},"pendingPreKey":{"signedKeyId":0,"baseKey":"BaH+ZFkLWFwzvyScR2AYQDcBsrzTyr5Gi203jOa3LM0c"}}},"version":"v1"}