{"_sessions":{"BdfSM5ipJhdCbVLM4SdGZ78Eh9H+iMYe6TENMhb0dIoz":{"registrationId":1503199939,"currentRatchet":{"ephemeralKeyPair":{"pubKey":"BcCKpN9QrivN1FWSLrRe9uHr6WDVUz21cIxL9BJe9b8u","privKey":"qGzURbeG0oIC/seuQL9j6tzi+EdPlSdowyujvtrjH1U="},"lastRemoteEphemeralKey":"Baz9nCRH4yEIu7y6nBdj5i2KpkUHOeHHLBxwviUfJLYg","previousCounter":0,"rootKey":"IdWcPuG+vmo+Vt/Ih32U4rGobxJ43UDJdXa60uOdc4g="},"indexInfo":{"baseKey":"BdfSM5ipJhdCbVLM4SdGZ78Eh9H+iMYe6TENMhb0dIoz","baseKeyType":1,"closed":-1,"used":1703091794485,"created":1703091794485,"remoteIdentityKey":"BZVXpvKVi4q0mqIKKVjjPE2EIel+5Sa3FfmK+oD7Grhr"},"_chains":{"BcCKpN9QrivN1FWSLrRe9uHr6WDVUz21cIxL9BJe9b8u":{"chainKey":{"counter":1,"key":"halcZ53F0JrwhjUBGZpS5NVG/DXUP5pIaCpRyymYeA4="},"chainType":1,"messageKeys":{}}},"pendingPreKey":{"signedKeyId":1,"baseKey":"BdfSM5ipJhdCbVLM4SdGZ78Eh9H+iMYe6TENMhb0dIoz"}}},"version":"v1"}