{"_sessions":{"BfILM4mDOo8/qysrEzQwSucCeiN9/yNhxeDskb5+UCgI":{"registrationId":3107,"currentRatchet":{"ephemeralKeyPair":{"pubKey":"Bc5XDb1JEkPf24WBD9DDj5NuzL+P+uc8RJ4lOVEa8jNG","privKey":"CNf7ty1LQY3EGzD8IPAAa4w7QDrGx7o60nTJvXDXDF8="},"lastRemoteEphemeralKey":"BV4eHhev346BnVdGXP/IOkIRAbutjDvZ9f2anxs57i5i","previousCounter":0,"rootKey":"EuFmPVfuQu+RGNhj+pE3T84HCnAtExP1C3REw8OFSUA="},"indexInfo":{"baseKey":"BfILM4mDOo8/qysrEzQwSucCeiN9/yNhxeDskb5+UCgI","baseKeyType":1,"closed":-1,"used":1703091794593,"created":1703091794593,"remoteIdentityKey":"BSNzrnGRzJBgbwS3L/VFDStbybKjDH5npSM5xaSkgZE+"},"_chains":{"Bc5XDb1JEkPf24WBD9DDj5NuzL+P+uc8RJ4lOVEa8jNG":{"chainKey":{"counter":1,"key":"9ZjAEaKLNYouLJc1TNsN9WBKFf6VuD1AOXf8A3mBsxc="},"chainType":1,"messageKeys":{}}},"pendingPreKey":{"signedKeyId":1,"baseKey":"BfILM4mDOo8/qysrEzQwSucCeiN9/yNhxeDskb5+UCgI"}}},"version":"v1"}