{"_sessions":{"BTgl8ymveLP+rp5SBpxjHnwkUO9JaJVMWaG54Ettyjpk":{"registrationId":2055530953,"currentRatchet":{"ephemeralKeyPair":{"pubKey":"BftH6/JuXfdagret8ttXpWgLXdVkmLUDQKDNcp24BTg8","privKey":"+IVso8L2Yyw/+8sKxCLLyInHnGbZVbjVEumhtGf5RE4="},"lastRemoteEphemeralKey":"BXpnytJxEkRCJAEcoMpMbE2LfyR8zUkkb10CDDFjQvdh","previousCounter":0,"rootKey":"nAmG0QGItp4/KPRQ0BQYyQHGRJmPAn+km0oGxlw2RJk="},"indexInfo":{"baseKey":"BTgl8ymveLP+rp5SBpxjHnwkUO9JaJVMWaG54Ettyjpk","baseKeyType":1,"closed":-1,"used":1703091794503,"created":1703091794503,"remoteIdentityKey":"Bf1g8d7UbX1SvtiNF37tsKVKV0uhQ+lXYyfQ1W7TWGBp"},"_chains":{"BftH6/JuXfdagret8ttXpWgLXdVkmLUDQKDNcp24BTg8":{"chainKey":{"counter":1,"key":"LNsw6JrlDHfMcx7ZesGBg4NBL7qSuCP8m0T7+8HPM3A="},"chainType":1,"messageKeys":{}}},"pendingPreKey":{"signedKeyId":1,"baseKey":"BTgl8ymveLP+rp5SBpxjHnwkUO9JaJVMWaG54Ettyjpk"}}},"version":"v1"}