{"_sessions":{"BVGe1UbJKDf1FLnlUaKDcAEkformrXtRxQVSWJWIxYZH":{"registrationId":1431992650,"currentRatchet":{"ephemeralKeyPair":{"pubKey":"BW9zXrasyCMGqpMm5Fc6kFiWH3FQiRLMkjl9p4HxsPZ+","privKey":"aHBuPIdSV1gTLaaNVF4xsg8CyxFhEL9V7KfE46yJl3M="},"lastRemoteEphemeralKey":"BSM23mg9YBTPwWe8M6ud/nIcXkfrEvopV4I21S95z6QL","previousCounter":0,"rootKey":"U1yAruOOzo8g4/tUHersdKp6OaSPAznM6b2BPhkbuug="},"indexInfo":{"baseKey":"BVGe1UbJKDf1FLnlUaKDcAEkformrXtRxQVSWJWIxYZH","baseKeyType":1,"closed":-1,"used":1703091794779,"created":1703091794779,"remoteIdentityKey":"Bcn0rbp+J5Z7ZPhw0GC6wDhPM+TGZqb5OS5cKrCTK7MU"},"_chains":{"BW9zXrasyCMGqpMm5Fc6kFiWH3FQiRLMkjl9p4HxsPZ+":{"chainKey":{"counter":1,"key":"rQhWwvVhAYlgJDGTldHk4XK/w0SzPLyvHgO2Gw4F4yw="},"chainType":1,"messageKeys":{}}},"pendingPreKey":{"signedKeyId":1,"baseKey":"BVGe1UbJKDf1FLnlUaKDcAEkformrXtRxQVSWJWIxYZH","preKeyId":2529473}}},"version":"v1"}