{"_sessions":{"BWhk6k6Y0wPBoDtoESFDEwp4ICCaf1VmTiUXb49J9EJP":{"registrationId":500624227,"currentRatchet":{"ephemeralKeyPair":{"pubKey":"BQuhIsP4K2XyRbb3tiPfSJN9+fQMKQjrpGzmlADmuK8N","privKey":"wGhgKZPtmoAVlsq64J8Z0t0TaLJWSkO9Vbm2ARCVKVE="},"lastRemoteEphemeralKey":"Bf4bIZGGcFd0s/ctf3NWlh0ufdbELFeYO8JxOTqspM4u","previousCounter":0,"rootKey":"gGOBK9PMlkaQORsRqfwa1Dy7cNRxJGRrlfEM4SsL/v4="},"indexInfo":{"baseKey":"BWhk6k6Y0wPBoDtoESFDEwp4ICCaf1VmTiUXb49J9EJP","baseKeyType":1,"closed":-1,"used":1703091794996,"created":1703091794996,"remoteIdentityKey":"BdikaHy1OBPARAeWQSnKr/wjXIFmTLFtzYC0mnPPYhE1"},"_chains":{"BQuhIsP4K2XyRbb3tiPfSJN9+fQMKQjrpGzmlADmuK8N":{"chainKey":{"counter":1,"key":"Tt+IEABgGE4YUirIefbjntzGaENSAJvNwWsCtE72EYw="},"chainType":1,"messageKeys":{}}},"pendingPreKey":{"signedKeyId":0,"baseKey":"BWhk6k6Y0wPBoDtoESFDEwp4ICCaf1VmTiUXb49J9EJP"}}},"version":"v1"}