{"_sessions":{"BYH+swxTfsalCpA5x6KiVlDIpRhji5vmfTsRQ3YD62E1":{"registrationId":1311290955,"currentRatchet":{"ephemeralKeyPair":{"pubKey":"Bfe3iTNH34ddcBPIu4Qclfroqv2xFmp/GIY8EcgQI91U","privKey":"mO5fZ6to1j+kSg6wqYHVRXhhELVCByNotSuhw8qk4nI="},"lastRemoteEphemeralKey":"BdvsEh9PERxG+ctEmhyLfV/dZj8pe3Rez1r0TEH4yc9H","previousCounter":0,"rootKey":"hpT61rn0D/hEJsr2MfdDjMdwgXbiu/kAqucfLiVrTyY="},"indexInfo":{"baseKey":"BYH+swxTfsalCpA5x6KiVlDIpRhji5vmfTsRQ3YD62E1","baseKeyType":2,"closed":-1,"used":1703090066716,"created":1703090066716,"remoteIdentityKey":"BZlxWsiKXrMBE4RbuqH2eO9kVmcQiHs0CHxKlJNBCOd6"},"_chains":{"BdvsEh9PERxG+ctEmhyLfV/dZj8pe3Rez1r0TEH4yc9H":{"chainKey":{"counter":0,"key":"G2u6RzikM/UPyOn1hNf/UKDKpO7FStk8AoGSKOvilzM="},"chainType":2,"messageKeys":{}},"Bfe3iTNH34ddcBPIu4Qclfroqv2xFmp/GIY8EcgQI91U":{"chainKey":{"counter":1,"key":"aOpxITpgfR9SBbm2MpOrexycYtU5cMUWv9aiV1texi8="},"chainType":1,"messageKeys":{}}}}},"version":"v1"}