{"_sessions":{"BUiae9fcoSwazcn6p58zw6ukzZ8GNnwuzE46Mapek/oa":{"registrationId":1528174848,"currentRatchet":{"ephemeralKeyPair":{"pubKey":"BTBwjksQqecPg0o6UHF0FSE3JflPc2Gkpj1625/KfhA7","privKey":"+CgzGIwmXlN+l0XKRew1Qu7YQSkh0eyCRaoqVu612Xw="},"lastRemoteEphemeralKey":"BZWTWdJBhEyjdSDRuSxOxn/yWBcXBhuH/VMaMoQEeWY6","previousCounter":1,"rootKey":"MMLhuB39YpVM10CwXXSZUlBXE68PswjY/4fSAkC77DE="},"indexInfo":{"baseKey":"BUiae9fcoSwazcn6p58zw6ukzZ8GNnwuzE46Mapek/oa","baseKeyType":1,"closed":1703112258602,"used":1703097898865,"created":1703091794686,"remoteIdentityKey":"BVYSzOURttD7UpryevZYsqzNPDFrkSqqwtB4tF7+UDA3"},"_chains":{"BZWTWdJBhEyjdSDRuSxOxn/yWBcXBhuH/VMaMoQEeWY6":{"chainKey":{"counter":0,"key":"EITzeaKIAh9LmgfouKcLhwEy+c5VNyRnziDnIc2NNwo="},"chainType":2,"messageKeys":{}},"BTBwjksQqecPg0o6UHF0FSE3JflPc2Gkpj1625/KfhA7":{"chainKey":{"counter":-1,"key":"GMxkjCQIhwn8lTB/CcWOZO3V6ykQAvfeT9CQ3+pK89Q="},"chainType":1,"messageKeys":{}}}},"BQmELOSV3ezBurAjUA/ZOoP0yazd31dmAHBhpkcu8vR5":{"registrationId":998424194,"currentRatchet":{"ephemeralKeyPair":{"pubKey":"BZubZv9wwAxBFGqLvwrd8levampN7zIJjvxbu/ZlVecz","privKey":"gK13F6HD2Tj8X1Me3ByqOzUBmL7QPvn18TYpQBVe5lo="},"lastRemoteEphemeralKey":"BT4DYjnKroWbdXcZ+VPUnlfPMae6H+tXO6SeT1ZSFx8k","previousCounter":0,"rootKey":"Qp5bzdou3vTblqMGMR6odOvebYzkw2OVq+oaghmqHLE="},"indexInfo":{"baseKey":"BQmELOSV3ezBurAjUA/ZOoP0yazd31dmAHBhpkcu8vR5","baseKeyType":2,"closed":-1,"used":1703112258607,"created":1703112258607,"remoteIdentityKey":"Bb2a1HpHnj4tSb7t2ygYDRZok0MBAeMBMewm0py2DARP"},"_chains":{"BT4DYjnKroWbdXcZ+VPUnlfPMae6H+tXO6SeT1ZSFx8k":{"chainKey":{"counter":0,"key":"MHKDXQJiCMWk1Axrba5BcCbXFzlX4scSgI09D6R0VfY="},"chainType":2,"messageKeys":{}},"BZubZv9wwAxBFGqLvwrd8levampN7zIJjvxbu/ZlVecz":{"chainKey":{"counter":-1,"key":"TYpMHpImXvfCMV60AwieFqKGg9J2rQOpAOJOlC1MifU="},"chainType":1,"messageKeys":{}}}}},"version":"v1"}