{"_sessions":{"BVm1zG9yBLW/xaQ8JqUPq/8vBgF1FmU6OHaUovK3SxhE":{"registrationId":1680689510,"currentRatchet":{"ephemeralKeyPair":{"pubKey":"BfvfY2hIZVwBSK5SYWChoF55knDneNiefKh76AS3QTgW","privKey":"eKothPO23FzVxNx+yyQVw1s+zGCtKABsVmc+2SGMTk8="},"lastRemoteEphemeralKey":"BXbP3Kv/4dSZyWtHNfBONwrhwlXPkME8m6dA22EarCVB","previousCounter":0,"rootKey":"h93JRhPuFmJkT289L6rzZ8jV/fgSvK1ug2XflvmVpjE="},"indexInfo":{"baseKey":"BVm1zG9yBLW/xaQ8JqUPq/8vBgF1FmU6OHaUovK3SxhE","baseKeyType":1,"closed":-1,"used":1703091794703,"created":1703091794703,"remoteIdentityKey":"BbadC6a36QDEp/MbjlMbiPfYuLzNeqSKI5BWxDVTE/Ma"},"_chains":{"BfvfY2hIZVwBSK5SYWChoF55knDneNiefKh76AS3QTgW":{"chainKey":{"counter":1,"key":"+OzhA2U14XPZLfP01R/KA/A5ULWLhKf4HYnoIencGQI="},"chainType":1,"messageKeys":{}}},"pendingPreKey":{"signedKeyId":2,"baseKey":"BVm1zG9yBLW/xaQ8JqUPq/8vBgF1FmU6OHaUovK3SxhE","preKeyId":13983655}}},"version":"v1"}