{"_sessions":{"BTrbmZD7QUgnO9nfqarqLJR+Fiagy8NGtXvP4V2s8lx6":{"registrationId":191,"currentRatchet":{"ephemeralKeyPair":{"pubKey":"BbL9YxqUgDcqvzk7Moh6izGy1thHWqDLgh/55UA+Zm13","privKey":"uAl/CwOWKda9BKasB6zzr3FL1m2KUolazvbtORyl2VA="},"lastRemoteEphemeralKey":"BbhDbL688opMM4kUVqB0gAImsqsHLtzXbAHzivgNFmxv","previousCounter":0,"rootKey":"eAlZfj1DdZse1Neh1vnip21nLkXCSXKNA1UBzK46/Iw="},"indexInfo":{"baseKey":"BTrbmZD7QUgnO9nfqarqLJR+Fiagy8NGtXvP4V2s8lx6","baseKeyType":1,"closed":-1,"used":1703091794514,"created":1703091794514,"remoteIdentityKey":"BRm8ly9CWojsXinTiPeJ4iWIdHWeXykQeoTkJkC3HFxB"},"_chains":{"BbL9YxqUgDcqvzk7Moh6izGy1thHWqDLgh/55UA+Zm13":{"chainKey":{"counter":1,"key":"kN15ERa9PljPoC3cbf+FUq9IlsKEaNIzn5G0HoqlIck="},"chainType":1,"messageKeys":{}}},"pendingPreKey":{"signedKeyId":1,"baseKey":"BTrbmZD7QUgnO9nfqarqLJR+Fiagy8NGtXvP4V2s8lx6"}}},"version":"v1"}