{"_sessions":{"BRrN1BdSynDpJs2AiM529VHYoLEQFhE6gYLgyS5PEwke":{"registrationId":1037358653,"currentRatchet":{"ephemeralKeyPair":{"pubKey":"BX9Fk74Fs+oKAhN3HkxhYicrv1LkhfkF8N6yI3rF6AxF","privKey":"cIWlgqhbZpFOKrSYMn3hw2kn7vaKboW6M2wIzpRri2c="},"lastRemoteEphemeralKey":"BUjC5O2CLQuLk9n2yH52LS0BqH4g082HVucuJie+vaxL","previousCounter":0,"rootKey":"Iy6x9GguPpJ+OGzmQtAt9LkzGIkqECxwwpkZFQLLg70="},"indexInfo":{"baseKey":"BRrN1BdSynDpJs2AiM529VHYoLEQFhE6gYLgyS5PEwke","baseKeyType":1,"closed":-1,"used":1703091794910,"created":1703091794910,"remoteIdentityKey":"BU4a2WxmyeXsi2ubscfS9pzb8DsOGis/cl4KaClYVi9z"},"_chains":{"BX9Fk74Fs+oKAhN3HkxhYicrv1LkhfkF8N6yI3rF6AxF":{"chainKey":{"counter":1,"key":"u28PglQ4DYZZkpLIFCJ3i6cCir3t1X5TpPiYDmLJzYg="},"chainType":1,"messageKeys":{}}},"pendingPreKey":{"signedKeyId":17,"baseKey":"BRrN1BdSynDpJs2AiM529VHYoLEQFhE6gYLgyS5PEwke","preKeyId":12185977}}},"version":"v1"}