{"_sessions":{"Bao9dcWEkgiLN9/qVDUM09WKqHuaBxduEwzl4g2BaIIE":{"registrationId":248,"currentRatchet":{"ephemeralKeyPair":{"pubKey":"BbVSk/TDFxE1NyN4EVszWz2A2i/4FXPGIOD2n1LO8bIl","privKey":"8I3wzVin3Y1aEHeIfpm4/VQgB2RtsEkUwGRWQibp9lg="},"lastRemoteEphemeralKey":"BRWfCmEm6XSARRuIMAze9uHFegoyKVIIZwQCpSElB9sC","previousCounter":0,"rootKey":"Qh/Mf+a6r2wi+sjd0H9rsRm9RKQyLljtBk9gaBm9pVQ="},"indexInfo":{"baseKey":"Bao9dcWEkgiLN9/qVDUM09WKqHuaBxduEwzl4g2BaIIE","baseKeyType":2,"closed":-1,"used":1703084572596,"created":1703084572596,"remoteIdentityKey":"BZF1HKJwn7uHDieu2/UUhV61aoZcRJfakbezPTHPupQm"},"_chains":{"BRWfCmEm6XSARRuIMAze9uHFegoyKVIIZwQCpSElB9sC":{"chainKey":{"counter":1,"key":"6sL+rphYKG4RJGZ+3O3xcbIgRQ6z5R3VhPUR0fknKzs="},"chainType":2,"messageKeys":{}},"BbVSk/TDFxE1NyN4EVszWz2A2i/4FXPGIOD2n1LO8bIl":{"chainKey":{"counter":1,"key":"HJdDKOUcP0RvkAgQBGYJLV/U/tLPUBZBO6GZondLEyE="},"chainType":1,"messageKeys":{}}}}},"version":"v1"}