{"_sessions":{"BeQXvtZRKuokIfz+XZvqeQMCD6Bsz+GkviDBPZ6XVBR0":{"registrationId":26,"currentRatchet":{"ephemeralKeyPair":{"pubKey":"BX0Z2ePQei1rkb6fAT+X46m748xCTOtRYhnD3HTAsDQv","privKey":"ABGMlISr4QUn+Si6yJozDNXyASr8uhUIzmwrVPqzo1Y="},"lastRemoteEphemeralKey":"BaWXVFC4Aq+RbHBOPgMGyWBTsoCcOWYd5XAQiPuc2R4/","previousCounter":0,"rootKey":"EqbDdnFHbJHFzshcDfzw0yKZw7Blib7/p1HdAXOq62g="},"indexInfo":{"baseKey":"BeQXvtZRKuokIfz+XZvqeQMCD6Bsz+GkviDBPZ6XVBR0","baseKeyType":2,"closed":1703085740973,"used":1703083816678,"created":1703083816678,"remoteIdentityKey":"BUH9psWsqFL7kXIOc67HnXMM5O90EmxsP4AVTmQ6l40T"},"_chains":{"BaWXVFC4Aq+RbHBOPgMGyWBTsoCcOWYd5XAQiPuc2R4/":{"chainKey":{"counter":2,"key":"MJ+dUmTLZlFq7E0RRfeShkFfPmTeFq1vw6qDOmgzXa0="},"chainType":2,"messageKeys":{}},"BX0Z2ePQei1rkb6fAT+X46m748xCTOtRYhnD3HTAsDQv":{"chainKey":{"counter":-1,"key":"bCZXc4K0urX6CTjohwCn8pO3nciBCUVgtWBtYBxvE+w="},"chainType":1,"messageKeys":{}}}},"BRkA5STpMTPmKeOB/SaptQIHklh7gBbMbECgpWKQDHMQ":{"registrationId":26,"currentRatchet":{"ephemeralKeyPair":{"pubKey":"BQkjAgl6UlVopbEwICnVa8fvM8m11TiZTjxWnfRmpPR/","privKey":"kKw9AwUQOXr8tFOXS9QOb0Kwu3GctbE9MqVshntB/28="},"lastRemoteEphemeralKey":"BXvQNvdOxg95688UJC1a7g1RWstp1gi0GPKvwDPl/nhA","previousCounter":0,"rootKey":"8uhOMoro+dkNnH+q9YINioRCf3+rPoCfsBU52dsyQUw="},"indexInfo":{"baseKey":"BRkA5STpMTPmKeOB/SaptQIHklh7gBbMbECgpWKQDHMQ","baseKeyType":2,"closed":1703086011705,"used":1703085740975,"created":1703085740975,"remoteIdentityKey":"BUH9psWsqFL7kXIOc67HnXMM5O90EmxsP4AVTmQ6l40T"},"_chains":{"BXvQNvdOxg95688UJC1a7g1RWstp1gi0GPKvwDPl/nhA":{"chainKey":{"counter":0,"key":"s6hfEv+c8PwwvQYkXWOVg9FVATs6zwIFmekr+Te+pJ4="},"chainType":2,"messageKeys":{}},"BQkjAgl6UlVopbEwICnVa8fvM8m11TiZTjxWnfRmpPR/":{"chainKey":{"counter":-1,"key":"HvY2HKLWLVcuzeZtZsVRBYtqaC5AZGAjBTGwDd4xoWM="},"chainType":1,"messageKeys":{}}}},"BbaLorFqejhrjJvG72FO4sYXSRW4Wx/L05/9b9Zuzn5F":{"registrationId":26,"currentRatchet":{"ephemeralKeyPair":{"pubKey":"Bb6S3AX/uJxAdd9dRN6Vz0kE5ShGw5wYWQnyUNv0J0p7","privKey":"YNw6XGsKVtLdgxm7jaTuQ4fCaOxvH/m1OxL1sT+0tn8="},"lastRemoteEphemeralKey":"BZqVMerhi80yUYsHLoe7SDzVHM1+MC6jyeOU3lNtGX8h","previousCounter":0,"rootKey":"B1Ssdk0Y2k2K+wVGfBUPxswkcY+w18Gd+DhV8QDa+Ao="},"indexInfo":{"baseKey":"BbaLorFqejhrjJvG72FO4sYXSRW4Wx/L05/9b9Zuzn5F","baseKeyType":2,"closed":-1,"used":1703086011710,"created":1703086011710,"remoteIdentityKey":"BUH9psWsqFL7kXIOc67HnXMM5O90EmxsP4AVTmQ6l40T"},"_chains":{"BZqVMerhi80yUYsHLoe7SDzVHM1+MC6jyeOU3lNtGX8h":{"chainKey":{"counter":2,"key":"EMf3hmSdvQtNZYCUxchzfx81HtWnzK8mk/dnSm29icY="},"chainType":2,"messageKeys":{"1":"FrjPAIbSVsGixtr+baRfY1FPje5tHcOi0qwSm3xid08="}},"Bb6S3AX/uJxAdd9dRN6Vz0kE5ShGw5wYWQnyUNv0J0p7":{"chainKey":{"counter":-1,"key":"FQ4CN3y2XB4YnDT5im7C+SjXg4xM3IYuQhjQj1M49zI="},"chainType":1,"messageKeys":{}}}}},"version":"v1"}