{"_sessions":{"BUVm340pO/vi7daATbpPCCTFU6u0PbFPtnvxae9PhB0o":{"registrationId":1971344821,"currentRatchet":{"ephemeralKeyPair":{"pubKey":"BWb+f64lhBB0mIZIz2qiCFpH9850J4JxFqxNQAlOnJN9","privKey":"SG7yD8cOy1GRlCkO1J/PNKCpRGgF8+hK/398pO9iung="},"lastRemoteEphemeralKey":"BRZZj1EX79fpO3rfXlLSsvt7PJwJ+myPY6ad/Ia3LcBQ","previousCounter":0,"rootKey":"cAf27VB0TUgYEG1eu6lE0tp4pbZ5YwRoH6Eh1K3AvS8="},"indexInfo":{"baseKey":"BUVm340pO/vi7daATbpPCCTFU6u0PbFPtnvxae9PhB0o","baseKeyType":2,"closed":-1,"used":1703084265452,"created":1703084265452,"remoteIdentityKey":"BUrt7sCEZJj7hI04gp5zTbxBrZwtB0JOrFEtNErOPb5M"},"_chains":{"BRZZj1EX79fpO3rfXlLSsvt7PJwJ+myPY6ad/Ia3LcBQ":{"chainKey":{"counter":0,"key":"WzehMjRqi0B4H6efQS564eUf0Jd6kgS+GZtZRAXrIsA="},"chainType":2,"messageKeys":{}},"BWb+f64lhBB0mIZIz2qiCFpH9850J4JxFqxNQAlOnJN9":{"chainKey":{"counter":-1,"key":"fHhYh/+5Q1+xizude7L54pVmY1zmT8lQNiT+AZKVAsc="},"chainType":1,"messageKeys":{}}}}},"version":"v1"}