{"_sessions":{"BRmPwG7DdGtetslvcAnemfcrmiresXbUPZIQhbw2urp9":{"registrationId":723510134,"currentRatchet":{"ephemeralKeyPair":{"pubKey":"BToRteeVVZf9mni3M/dyvsooaYhwFNGpUbsR46cZMxME","privKey":"gI8UXye0G9WRybEV6yil781P1CLaUL0vOBi3SmpiEnY="},"lastRemoteEphemeralKey":"BRjx8WLC7c6D2eCKyZv8q31cNR12lEfwW5s+DfiaYZRm","previousCounter":0,"rootKey":"qIzD21yi0CnfSonnYCKHZAbRHs8m2bmeUlA20xNUJK0="},"indexInfo":{"baseKey":"BRmPwG7DdGtetslvcAnemfcrmiresXbUPZIQhbw2urp9","baseKeyType":1,"closed":-1,"used":1703091794988,"created":1703091794988,"remoteIdentityKey":"BYHEhjytzNu2aHLbGGjgkSbOpRFQr1ucMR2kvMgNIbRb"},"_chains":{"BToRteeVVZf9mni3M/dyvsooaYhwFNGpUbsR46cZMxME":{"chainKey":{"counter":1,"key":"+8+UIFKw8izCbZ7cgLu9QrJNlDe//3uOWu6ncNNe26M="},"chainType":1,"messageKeys":{}}},"pendingPreKey":{"signedKeyId":2,"baseKey":"BRmPwG7DdGtetslvcAnemfcrmiresXbUPZIQhbw2urp9","preKeyId":3187680}}},"version":"v1"}