{"_sessions":{"BUxohEDhqLR+2BDWtA62+fgiRgb8YKwFI57CiF15DQsH":{"registrationId":470409192,"currentRatchet":{"ephemeralKeyPair":{"pubKey":"BYQ0oF8RY2YQtNwHe1FKHuMrE3JtK8NXCgDnHUkEnQJv","privKey":"UO4Q1K4m8c6mgBkHC9Shy2PJO2mR0KUu9NPpEnc3KHI="},"lastRemoteEphemeralKey":"BXXzEdHyLEnaHlg3heLpa/GWDU/A1a/DLcOODu1SnDU/","previousCounter":0,"rootKey":"cW5uTEG1PmVcRo3RptagEXTGy0myZhCaNlSFGeAlDio="},"indexInfo":{"baseKey":"BUxohEDhqLR+2BDWtA62+fgiRgb8YKwFI57CiF15DQsH","baseKeyType":1,"closed":-1,"used":1703091794998,"created":1703091794998,"remoteIdentityKey":"BXTk8Y0tpAN5Wexgg2pJkkUol3+jSuEpvu+rRODyiDx3"},"_chains":{"BYQ0oF8RY2YQtNwHe1FKHuMrE3JtK8NXCgDnHUkEnQJv":{"chainKey":{"counter":1,"key":"TpmyzibvDwHmo6h9cvjbnvc4fKv7Ehexy7oEVpltmFk="},"chainType":1,"messageKeys":{}}},"pendingPreKey":{"signedKeyId":6,"baseKey":"BUxohEDhqLR+2BDWtA62+fgiRgb8YKwFI57CiF15DQsH","preKeyId":10769654}}},"version":"v1"}