{"_sessions":{"BZigS3U3kPU4L0ZELzlvi43UOGR5UXtZ+wnvLN0csxN0":{"registrationId":107692200,"currentRatchet":{"ephemeralKeyPair":{"pubKey":"BRJuyONZDhyeT2aHBJswVx1O/ukOAhv1tA937pNpuvRd","privKey":"uOBnBV1mprorIyJKDpiW9IMrsOX9154lqp2QYZ8ClGc="},"lastRemoteEphemeralKey":"BYWMDORB9EtMfxqqkA92srrdU/z/0MfQw50ZxoRSPY0D","previousCounter":0,"rootKey":"+GDpPRUUE5Yq8tE8wm6icET1lDephUvR972dygv/NKA="},"indexInfo":{"baseKey":"BZigS3U3kPU4L0ZELzlvi43UOGR5UXtZ+wnvLN0csxN0","baseKeyType":1,"closed":-1,"used":1703091794819,"created":1703091794819,"remoteIdentityKey":"BQ91J6c/W6DkV6Y3c6223s1PGHrtd5UulYUl0HTRwnEI"},"_chains":{"BRJuyONZDhyeT2aHBJswVx1O/ukOAhv1tA937pNpuvRd":{"chainKey":{"counter":1,"key":"NBfQmjVkPdUHhpWGyEYXcWGN5TQvt5hy3q/UTGPIxhg="},"chainType":1,"messageKeys":{}}},"pendingPreKey":{"signedKeyId":1,"baseKey":"BZigS3U3kPU4L0ZELzlvi43UOGR5UXtZ+wnvLN0csxN0","preKeyId":16437145}}},"version":"v1"}