{"_sessions":{"Bc3nlMC3m/EQpTZPZxpIT30YoRgkRM15ghU3EOT0Q0Z3":{"registrationId":1478336449,"currentRatchet":{"ephemeralKeyPair":{"pubKey":"BXC0JJyXM096qHOVNWguR8BGPuZSS6vRuTZ8rh2tfSoB","privKey":"CKtjUvPez3mBvpGa05vkJHWSZL/3fjgPerHzqSEE3UI="},"lastRemoteEphemeralKey":"BU1b6UHRYNUuJZgqR96kD5D7rH8VnnFLidFiTQygXg9d","previousCounter":0,"rootKey":"rVpTsfdjszPGHB+6ZD1yLWRItU1cFaZqurfWYTU8o1A="},"indexInfo":{"baseKey":"Bc3nlMC3m/EQpTZPZxpIT30YoRgkRM15ghU3EOT0Q0Z3","baseKeyType":1,"closed":-1,"used":1703091794698,"created":1703091794698,"remoteIdentityKey":"BfAJ5+9B5Wq2v1RT9bcm+fwnDD7Awrtwdm51pk9ZKGJc"},"_chains":{"BXC0JJyXM096qHOVNWguR8BGPuZSS6vRuTZ8rh2tfSoB":{"chainKey":{"counter":1,"key":"R5Zhe1JkKVA9vNwPJSKwCJN9UWRDDk2rnxvShA9nhj0="},"chainType":1,"messageKeys":{}}},"pendingPreKey":{"signedKeyId":1,"baseKey":"Bc3nlMC3m/EQpTZPZxpIT30YoRgkRM15ghU3EOT0Q0Z3","preKeyId":2226268}}},"version":"v1"}