{"_sessions":{"BRLyvZFeFaWXr0ozjM6rMzAPrl7mgVu1SbFgydzSzKAM":{"registrationId":219562442,"currentRatchet":{"ephemeralKeyPair":{"pubKey":"BZpnOw39esfeq3cP9K7wp8YXKDY645FCnW63LkzT1l18","privKey":"OL1IcL3zPn0WyopknEb1xn82+8xtefafQBE3fOjOWGg="},"lastRemoteEphemeralKey":"BbNnLBLATsjuqwKHUSPyEn9/BI4e47DafZwP1wu/U1Jx","previousCounter":0,"rootKey":"Z3T5IkeD8uhbwrJ83bPxJpQJ3C3VbyIgIntHF/uoX8U="},"indexInfo":{"baseKey":"BRLyvZFeFaWXr0ozjM6rMzAPrl7mgVu1SbFgydzSzKAM","baseKeyType":2,"closed":-1,"used":1703089086912,"created":1703089086912,"remoteIdentityKey":"BZ2ZJZvez/5HqD7KunPkCbiI5JixBUQiWF6yHu2+3zII"},"_chains":{"BbNnLBLATsjuqwKHUSPyEn9/BI4e47DafZwP1wu/U1Jx":{"chainKey":{"counter":0,"key":"e4qK8h8NRM0J0viNoskNSOiMVM26RuYiCDMcOXQlYKs="},"chainType":2,"messageKeys":{}},"BZpnOw39esfeq3cP9K7wp8YXKDY645FCnW63LkzT1l18":{"chainKey":{"counter":1,"key":"AzYk4EvCoOJpDQpnDjHivHeAG/DEjQIlLG99kyZkxB8="},"chainType":1,"messageKeys":{}}}}},"version":"v1"}