{"_sessions":{"BbTXb3ESVSqYsN678wy9qD6NygDrR4/5a+Dx7plCLhBR":{"registrationId":42497062,"currentRatchet":{"ephemeralKeyPair":{"pubKey":"Bdrw6ujOpxgCqF17l5FR557alSHiHwps5whi6W871ntx","privKey":"AKcLOXnWTvuccgj/8DmF6/2OZZnVT6PumxREaOdw9kw="},"lastRemoteEphemeralKey":"Bdx/s1hT2M0athLpJuQ9inB0rD0HQwPmGCbAbk8EFrcV","previousCounter":0,"rootKey":"IzgSxpvKU43C2MIStTrFEBbbbMod8X2NbyqKXaOqHWU="},"indexInfo":{"baseKey":"BbTXb3ESVSqYsN678wy9qD6NygDrR4/5a+Dx7plCLhBR","baseKeyType":1,"closed":-1,"used":1703091794913,"created":1703091794913,"remoteIdentityKey":"BRCh3oqsq5yo+IuS4G/W5bL3wrB29i4gTL6wG+Arxs9R"},"_chains":{"Bdrw6ujOpxgCqF17l5FR557alSHiHwps5whi6W871ntx":{"chainKey":{"counter":1,"key":"s7vnPXTg/I7bBTM/hwEq6SJbpZpChDdkCx1Giq7t75Y="},"chainType":1,"messageKeys":{}}},"pendingPreKey":{"signedKeyId":10,"baseKey":"BbTXb3ESVSqYsN678wy9qD6NygDrR4/5a+Dx7plCLhBR","preKeyId":3057315}}},"version":"v1"}