{"_sessions":{"BUqMeYxaDdB2K80/lTAApfJ8XQ6BhkMXSGOzcqYV7+V9":{"registrationId":1611907198,"currentRatchet":{"ephemeralKeyPair":{"pubKey":"BQrfOXh/OqGy+Cu7MxhuKSnwefmCelXfI0D63aBFvoBb","privKey":"EL6gwHVFSkuoDr0+6PrC3b+6V4Haohq4Hu8ED+PRTEs="},"lastRemoteEphemeralKey":"BVPUICbNsvOikPNklf6qdYtxr7RZIEqxtXHgEMFdbsFM","previousCounter":0,"rootKey":"S6wPguG4+i/B8DYavQ4DLKl+05r42CnPoFQBoiyRngs="},"indexInfo":{"baseKey":"BUqMeYxaDdB2K80/lTAApfJ8XQ6BhkMXSGOzcqYV7+V9","baseKeyType":1,"closed":1703110809236,"used":1703091794621,"created":1703091794621,"remoteIdentityKey":"Bca8GHT34cphtDOGkfdIfDgV3b+3kIPpbEAKD+pUQAU0"},"_chains":{"BQrfOXh/OqGy+Cu7MxhuKSnwefmCelXfI0D63aBFvoBb":{"chainKey":{"counter":1,"key":"SGd2DjLEemf109390G+4BkCcX3T8Z9JpMzP/ie/fmVc="},"chainType":1,"messageKeys":{}}},"pendingPreKey":{"signedKeyId":0,"baseKey":"BUqMeYxaDdB2K80/lTAApfJ8XQ6BhkMXSGOzcqYV7+V9","preKeyId":10568142}},"BfM2F0b+SWaRR9C5A91bYX9VwksgfdPgTec00KbyNsZ5":{"registrationId":1611907198,"currentRatchet":{"ephemeralKeyPair":{"pubKey":"BQyTQXmrsRE4SO+YCuf6yflnGPlxLKckwt4Yy6aiKXA6","privKey":"uOEwI1spiGOLaFrwPsXqBAMpQcQ5I6i2BK2prW5Z7k4="},"lastRemoteEphemeralKey":"BVPUICbNsvOikPNklf6qdYtxr7RZIEqxtXHgEMFdbsFM","previousCounter":0,"rootKey":"s5piYaFQ7Hqrjtc2LwndFjZTFeOLCNZlPgGbA3xeEng="},"indexInfo":{"baseKey":"BfM2F0b+SWaRR9C5A91bYX9VwksgfdPgTec00KbyNsZ5","baseKeyType":1,"closed":1703110815018,"used":1703110809199,"created":1703110809199,"remoteIdentityKey":"Bca8GHT34cphtDOGkfdIfDgV3b+3kIPpbEAKD+pUQAU0"},"_chains":{"BQyTQXmrsRE4SO+YCuf6yflnGPlxLKckwt4Yy6aiKXA6":{"chainKey":{"counter":-1,"key":"2qvYh7FOIRf2N0ZhdbfKrwI8bzd9jTtXEeR0zWrcFzg="},"chainType":1,"messageKeys":{}}},"pendingPreKey":{"signedKeyId":0,"baseKey":"BfM2F0b+SWaRR9C5A91bYX9VwksgfdPgTec00KbyNsZ5"}},"BT154pLDSPIB6t9bwg1TY9Z+KmU9By05Oy4owEAtQdAw":{"registrationId":1611907198,"currentRatchet":{"ephemeralKeyPair":{"pubKey":"BSbPagfmBEVuLJdTdylex3W05YRwYwooWh6aUGR84A92","privKey":"gIDRgVLZV1VbnmzPcDJJG/WWbalpcdOIubaCcFDlaEc="},"lastRemoteEphemeralKey":"BVPUICbNsvOikPNklf6qdYtxr7RZIEqxtXHgEMFdbsFM","previousCounter":0,"rootKey":"7XhGTuBFk0cnY9iWvBINzG1M1OmoAbwhDnkdh98WYaU="},"indexInfo":{"baseKey":"BT154pLDSPIB6t9bwg1TY9Z+KmU9By05Oy4owEAtQdAw","baseKeyType":1,"closed":-1,"used":1703110815015,"created":1703110815015,"remoteIdentityKey":"Bca8GHT34cphtDOGkfdIfDgV3b+3kIPpbEAKD+pUQAU0"},"_chains":{"BSbPagfmBEVuLJdTdylex3W05YRwYwooWh6aUGR84A92":{"chainKey":{"counter":-1,"key":"IxERLGsP82STuDUGckLH7dcNsDqANJlJHRBo+aAgZso="},"chainType":1,"messageKeys":{}}},"pendingPreKey":{"signedKeyId":0,"baseKey":"BT154pLDSPIB6t9bwg1TY9Z+KmU9By05Oy4owEAtQdAw"}}},"version":"v1"}