{"_sessions":{"BSIE0wak4ePaZkF+GeCaYrKlPNEqq6gSq0YS1eldO688":{"registrationId":2115670973,"currentRatchet":{"ephemeralKeyPair":{"pubKey":"BYmhvSi+lGNJDgA7ncC6SCbDXVE9kKICzCtM2Yk7wSwz","privKey":"yMCMwtPCTcaUVXwgAfNJxvtSUfJ8lAV/vTVEbQ6eamw="},"lastRemoteEphemeralKey":"BVRKdJUSTAkduQ62aOtlK80p4XYCxVRjBtgIuVE/Qb8Y","previousCounter":0,"rootKey":"sJjT9EnwJlpT+meHJ9xQVH+H52+eaPB1X0yeGTM1T7A="},"indexInfo":{"baseKey":"BSIE0wak4ePaZkF+GeCaYrKlPNEqq6gSq0YS1eldO688","baseKeyType":1,"closed":-1,"used":1703091794618,"created":1703091794618,"remoteIdentityKey":"Bb8TPOeWRO+RkL+CniaGKnoqj4peOWsMYF0QwrhS3QZ9"},"_chains":{"BYmhvSi+lGNJDgA7ncC6SCbDXVE9kKICzCtM2Yk7wSwz":{"chainKey":{"counter":1,"key":"h+s1RcUytuw5frLg2kelh4VWUHMMO2aZjfKmTPKRHgw="},"chainType":1,"messageKeys":{}}},"pendingPreKey":{"signedKeyId":37,"baseKey":"BSIE0wak4ePaZkF+GeCaYrKlPNEqq6gSq0YS1eldO688","preKeyId":3945108}}},"version":"v1"}