{"_sessions":{"BQqXkMWLb5yO8e+SoDsbbeRwHftVxec6UwYh+YXQZLpr":{"registrationId":2087168974,"currentRatchet":{"ephemeralKeyPair":{"pubKey":"BfcG3ozRNAreCf3A9I6CUywhTnespyhVCyi6RCMmJtF/","privKey":"UBTLzxBJE6IgOxiNJ2+GVafBlwOPJtMRcVyWlhVRjmA="},"lastRemoteEphemeralKey":"BS1JcALzw5n56hDRNUdMYpa5mZL8wqcpr32ZDBspGj0k","previousCounter":0,"rootKey":"5/LrKgoPnHX5R7tUFbIanqUw9QxTIHlvhSLplGHIang="},"indexInfo":{"baseKey":"BQqXkMWLb5yO8e+SoDsbbeRwHftVxec6UwYh+YXQZLpr","baseKeyType":1,"closed":-1,"used":1703091795020,"created":1703091795020,"remoteIdentityKey":"BeNn1yufjxAu7mGliS3QUC9FB6/yh1E5clCD1UVow1RN"},"_chains":{"BfcG3ozRNAreCf3A9I6CUywhTnespyhVCyi6RCMmJtF/":{"chainKey":{"counter":1,"key":"R6HvluIgnq2xX6+btM9e74E2r0Fymsoa8KSntV6eJw8="},"chainType":1,"messageKeys":{}}},"pendingPreKey":{"signedKeyId":3,"baseKey":"BQqXkMWLb5yO8e+SoDsbbeRwHftVxec6UwYh+YXQZLpr"}}},"version":"v1"}