{"_sessions":{"BVG/QoPULH1ZFHhpXvWKUntb9/x4ElWdSXWvTN7ZW+8f":{"registrationId":1648081518,"currentRatchet":{"ephemeralKeyPair":{"pubKey":"BYk7yhlf0F3LxFb92KKQskoyXhseug/cF3437ur3gsVS","privKey":"SCEhveFoerph+I37P2UUQosecD29DqODi9iTubfeJW4="},"lastRemoteEphemeralKey":"Ba+5waTDLPXhw8PTCgDrVJDVAfmohZk/4xg/Eq4keDJF","previousCounter":0,"rootKey":"h82tFZJ8/Q7NODYBTNjsjFUKfcxBfDzBgW0/4J8FtIA="},"indexInfo":{"baseKey":"BVG/QoPULH1ZFHhpXvWKUntb9/x4ElWdSXWvTN7ZW+8f","baseKeyType":1,"closed":-1,"used":1703091794520,"created":1703091794520,"remoteIdentityKey":"BUpuuPk8UnNDue4EwTZMjaN6lk7g9zmdDqRjH7rBwHIw"},"_chains":{"BYk7yhlf0F3LxFb92KKQskoyXhseug/cF3437ur3gsVS":{"chainKey":{"counter":1,"key":"HAJqAxJC8Btt0q1zwRJnmlm+E8FJNTuOjSkFdV9qWEw="},"chainType":1,"messageKeys":{}}},"pendingPreKey":{"signedKeyId":1,"baseKey":"BVG/QoPULH1ZFHhpXvWKUntb9/x4ElWdSXWvTN7ZW+8f","preKeyId":8470368}}},"version":"v1"}