{"_sessions":{"BSocMBegEUdnt194DutWeJh24TUohp0RF7vxzIP/UuAw":{"registrationId":1313113084,"currentRatchet":{"ephemeralKeyPair":{"pubKey":"BRvobp4fO3chQvN4XMPTCgrIw5xRfpDgWx8uX3oVLL8b","privKey":"IAu3qPiL3Z52F1NmnMxH0Pt5ZybwfGOohXfbvl57KH4="},"lastRemoteEphemeralKey":"BYJoh4rAoO5F67aFaCyawDFe4BtLy2fhjML/ICiaJdcz","previousCounter":0,"rootKey":"PJZXgse6JXpnwTTslaFXz/XDfe+qiPTDRSOxS3k1SRE="},"indexInfo":{"baseKey":"BSocMBegEUdnt194DutWeJh24TUohp0RF7vxzIP/UuAw","baseKeyType":1,"closed":-1,"used":1703091794990,"created":1703091794990,"remoteIdentityKey":"BQ0ulg84dxtUD1Jyl7gNqLC8iBRxDgrncl0yWpB/tJ87"},"_chains":{"BRvobp4fO3chQvN4XMPTCgrIw5xRfpDgWx8uX3oVLL8b":{"chainKey":{"counter":1,"key":"YZEOw5Cq1PThPtFsBM7LSFJFSJfBin9EzEfkJincpMU="},"chainType":1,"messageKeys":{}}},"pendingPreKey":{"signedKeyId":1,"baseKey":"BSocMBegEUdnt194DutWeJh24TUohp0RF7vxzIP/UuAw","preKeyId":2042566}}},"version":"v1"}