{"_sessions":{"BeNNguVgH7mptR0uqJzgNBEP1H/15QSvkrE92kPiQ6Bx":{"registrationId":726733589,"currentRatchet":{"ephemeralKeyPair":{"pubKey":"BfuS2EPFiv1tt4DTu4g8bJjGGJNDRFQ6amDmfoxwKdtN","privKey":"KPZ2y5X9NY97tDLdiOh69DtrFT10VlKBN8w5C4pgZ20="},"lastRemoteEphemeralKey":"BbCV/a+h8cYBtkQuD8Rhf8Uhxkh7dPIXM0x7ih/NrrNr","previousCounter":0,"rootKey":"t0bZRKPY2iC6YVFgx1LsZvy1bo9fXBPHVZpZcR4HbQc="},"indexInfo":{"baseKey":"BeNNguVgH7mptR0uqJzgNBEP1H/15QSvkrE92kPiQ6Bx","baseKeyType":1,"closed":-1,"used":1703091794904,"created":1703091794904,"remoteIdentityKey":"BeQOlvzYChPfAGr9L446vdTyRe7rHmijaMuO3fMvqMwE"},"_chains":{"BfuS2EPFiv1tt4DTu4g8bJjGGJNDRFQ6amDmfoxwKdtN":{"chainKey":{"counter":1,"key":"Upu4tCN60sS5g6Dw4RKdI80EQRcaWXW8R5UeZMDUsQw="},"chainType":1,"messageKeys":{}}},"pendingPreKey":{"signedKeyId":3,"baseKey":"BeNNguVgH7mptR0uqJzgNBEP1H/15QSvkrE92kPiQ6Bx","preKeyId":16597282}}},"version":"v1"}