{"_sessions":{"BY2Q/7a71c9TGr8GsdV2tRD0iG31hocQ7hKVqSivV614":{"registrationId":3362,"currentRatchet":{"ephemeralKeyPair":{"pubKey":"BRFguoK2AG/H54+ObhkOm6OqjziT3XzjAhfzGv0MEpRx","privKey":"+EUo916dBotmzHSMKeeuemHldZ+JF5F0DQpIP1MWRXM="},"lastRemoteEphemeralKey":"BbeWqCfdAiI/z468G3A8NhlsD8px3rcubEJnvtjY4fl9","previousCounter":0,"rootKey":"Am0Z4Us3cPBmZ1Kbv4KUVCHf4+BKN8UP1znikjeDxSE="},"indexInfo":{"baseKey":"BY2Q/7a71c9TGr8GsdV2tRD0iG31hocQ7hKVqSivV614","baseKeyType":1,"closed":-1,"used":1703091794491,"created":1703091794491,"remoteIdentityKey":"BYtWEgxg691iHd70HTvEKZUlBZCPbW+tq4bAz0hIm+NG"},"_chains":{"BRFguoK2AG/H54+ObhkOm6OqjziT3XzjAhfzGv0MEpRx":{"chainKey":{"counter":1,"key":"7YLIP3HIBwYjj731xuvNvfilmQSvDgDfG33OxVjir9k="},"chainType":1,"messageKeys":{}}},"pendingPreKey":{"signedKeyId":1,"baseKey":"BY2Q/7a71c9TGr8GsdV2tRD0iG31hocQ7hKVqSivV614"}}},"version":"v1"}