{"_sessions":{"BdvjSBw3KeXSsLcRs69TmD0xHIRVL1xu8mGH30NO2ztW":{"registrationId":909037942,"currentRatchet":{"ephemeralKeyPair":{"pubKey":"Be+qia2SUcf3RxAaap3GWz33tyBXI1NMchAlcBZnqqBq","privKey":"aHcZx6O+eJA5JJU7HalJ+Wsi1zXxtN51jatvj+8v31M="},"lastRemoteEphemeralKey":"BeBnH6Plvq3HSJjd7eWwGbjbG5xi6Wmq572u4k8eJr8O","previousCounter":0,"rootKey":"q+vF4E6VCa8NsaLH2A2BMG8JCrULTveLBNpwL/7a2WA="},"indexInfo":{"baseKey":"BdvjSBw3KeXSsLcRs69TmD0xHIRVL1xu8mGH30NO2ztW","baseKeyType":1,"closed":-1,"used":1703091795095,"created":1703091795095,"remoteIdentityKey":"BRmtcMJnNpNRKmq70g+NF8MYsqLeW0moIxwLBrC949M1"},"_chains":{"Be+qia2SUcf3RxAaap3GWz33tyBXI1NMchAlcBZnqqBq":{"chainKey":{"counter":1,"key":"c7zK5VsvlsiR3X3ihUYmPjwsL1n2/E/DHfC1bJk3HeY="},"chainType":1,"messageKeys":{}}},"pendingPreKey":{"signedKeyId":5,"baseKey":"BdvjSBw3KeXSsLcRs69TmD0xHIRVL1xu8mGH30NO2ztW","preKeyId":13554844}}},"version":"v1"}