{"_sessions":{"BXg8jdbNXBEsPloNoYHiW5pMuzJYGKr+TAKpXnu8tlNx":{"registrationId":165,"currentRatchet":{"ephemeralKeyPair":{"pubKey":"BWNovOoJcG12L7xd/NLtwnaV2kUb9X2SqszkN+cFJcNi","privKey":"MFjK0TcO0ImzN0EWNg53qMP2esnESUneBgZ0DVjcM0s="},"lastRemoteEphemeralKey":"BZa3fnH9uVRnsTQIgpyT7/YIhcsVcFUXVxdo9XUDJzJI","previousCounter":0,"rootKey":"IMUYQvKl7sT/itPO026GXpoycsMrLREPiU6SlcEpX90="},"indexInfo":{"baseKey":"BXg8jdbNXBEsPloNoYHiW5pMuzJYGKr+TAKpXnu8tlNx","baseKeyType":2,"closed":-1,"used":1703112263014,"created":1703084656737,"remoteIdentityKey":"BVMoiT9DfnEJqMqsPebPozYIkO464PMX4dTy0iInS199"},"_chains":{"BU1XuuJjEfIJhgz+5F2/0dxkjlmdV/hgmjNoIYFM5XFT":{"chainKey":{"counter":1},"chainType":2,"messageKeys":{}},"BTcx7WAa2PIjIvwDrcPEQDu/mwx+5os5CUsz1BUib3Fk":{"chainKey":{"counter":1},"chainType":2,"messageKeys":{}},"BZa3fnH9uVRnsTQIgpyT7/YIhcsVcFUXVxdo9XUDJzJI":{"chainKey":{"counter":1,"key":"lWOlIEyQZbK9lJOEXuWjXxrvgr/S0bhJGQp5+icKU+Q="},"chainType":2,"messageKeys":{}},"BWNovOoJcG12L7xd/NLtwnaV2kUb9X2SqszkN+cFJcNi":{"chainKey":{"counter":-1,"key":"4sb2iBRblMPLS51pAchr9FsrOSr2ERV3fBUkp8mny6c="},"chainType":1,"messageKeys":{}}}}},"version":"v1"}