{"_sessions":{"BSqYIW7xyEcPlOqVUgyMK/6pVveL2lebnVzToH0xVpdW":{"registrationId":241,"currentRatchet":{"ephemeralKeyPair":{"pubKey":"BUZ6faLsMemi+MAXpdKPF/TmaEgf9qOHTbjOmq0pIR9K","privKey":"yHdX3u0DLSfd1YZr4kRa/lrtTVICFKAHI3Ol/OWOr0k="},"lastRemoteEphemeralKey":"BZejsrwjETawLMBhEV44Y7GMkLDIUpY4vHfMtS3DdjML","previousCounter":0,"rootKey":"/4R1LhQvMa34/mYvYXCBcWISK9ZMWDjXZykZ//Uv4CY="},"indexInfo":{"baseKey":"BSqYIW7xyEcPlOqVUgyMK/6pVveL2lebnVzToH0xVpdW","baseKeyType":1,"closed":-1,"used":1703091794504,"created":1703091794504,"remoteIdentityKey":"BYB8Yp+ypCwYT/udYV+Xgpr6QPdMxjOY4Gt1HRe6k6Nj"},"_chains":{"BUZ6faLsMemi+MAXpdKPF/TmaEgf9qOHTbjOmq0pIR9K":{"chainKey":{"counter":1,"key":"W61HS9TWzgEGTGUGeJJRw2A5u6pPq/IDchLcAsIErjE="},"chainType":1,"messageKeys":{}}},"pendingPreKey":{"signedKeyId":1,"baseKey":"BSqYIW7xyEcPlOqVUgyMK/6pVveL2lebnVzToH0xVpdW"}}},"version":"v1"}