{"_sessions":{"BThFEsf2xlwXVbMlJBeZcKOapebsRMwp3kmiT3bjRicu":{"registrationId":946553091,"currentRatchet":{"ephemeralKeyPair":{"pubKey":"BatsRcDUF62H4lrjp7rzcPrRDQKaZntljC7oldwuY8A9","privKey":"YBvL8KSaQsiZyVXfDq6Ao0noAkNXkAzYBxaqOCt4vU4="},"lastRemoteEphemeralKey":"Bd7CNS6RuutYl/RRzS+o6uSwtQLukVGhdshFYxslUYoE","previousCounter":0,"rootKey":"sqrz1AvgkqTFU9RFhvMcg21hwgsYJ6Ozo9gTr4GgUK8="},"indexInfo":{"baseKey":"BThFEsf2xlwXVbMlJBeZcKOapebsRMwp3kmiT3bjRicu","baseKeyType":1,"closed":-1,"used":1703091794901,"created":1703091794901,"remoteIdentityKey":"BXbyPxdSdHm4J3WosA0FY+0PhMlwEQpBxj0Sgcloquwt"},"_chains":{"BatsRcDUF62H4lrjp7rzcPrRDQKaZntljC7oldwuY8A9":{"chainKey":{"counter":1,"key":"2wKCcf+7oJixj6sCBckdsfg/d4un9qYTMyyyt4KZfJk="},"chainType":1,"messageKeys":{}}},"pendingPreKey":{"signedKeyId":0,"baseKey":"BThFEsf2xlwXVbMlJBeZcKOapebsRMwp3kmiT3bjRicu","preKeyId":14706836}}},"version":"v1"}