{"_sessions":{"BT7zSl4EWfVsnaV4Tk96bnYoB1fic25P57422GsM1Zso":{"registrationId":293813324,"currentRatchet":{"ephemeralKeyPair":{"pubKey":"BStFYWa1mnQi8IoeWv0SsQxmAi1Bt3QqHmM3JEaH9vZC","privKey":"YCnfDB1J0bnHvfbR+4Relf5lHGntM52IqEYPc0AoQmk="},"lastRemoteEphemeralKey":"BRQcIoEHq8/PzKVkCFz4TfrfwOxU1vRNGRtX93Gg2nAR","previousCounter":1,"rootKey":"4GHpe4Xay8EWzV/H2Nzqdtwmd7cpR63LGWdRwWxvfIY="},"indexInfo":{"baseKey":"BT7zSl4EWfVsnaV4Tk96bnYoB1fic25P57422GsM1Zso","baseKeyType":1,"closed":-1,"used":1703106595262,"created":1703091794987,"remoteIdentityKey":"BSqtQEFE9AcwBlxkdxuGL30s3lnzEl08OaoGC9m0IqFM"},"_chains":{"BRQcIoEHq8/PzKVkCFz4TfrfwOxU1vRNGRtX93Gg2nAR":{"chainKey":{"counter":0,"key":"GlrZRMgCNXPTqnB5JP4APcu3TKttvcVDnvy+FjWVvYw="},"chainType":2,"messageKeys":{}},"BStFYWa1mnQi8IoeWv0SsQxmAi1Bt3QqHmM3JEaH9vZC":{"chainKey":{"counter":-1,"key":"aPleSGiUFvkp2WFFTCi82ezq+3YBFrQPkUb1sgV2rDQ="},"chainType":1,"messageKeys":{}}}}},"version":"v1"}