{"_sessions":{"BS6mqmZsFw/XuHK16wdlXkW1dOhvJWlSTQ4gftF7MJYf":{"registrationId":234,"currentRatchet":{"ephemeralKeyPair":{"pubKey":"BdS3wmA8hXhtBgCNwR8q8Jp6yq3Rkv5eBiCpTExNsBtS","privKey":"MKKoOa4p/Sytu3ZlOwY0b0IzbYwVp5rJoUM+b+Hdo1I="},"lastRemoteEphemeralKey":"BRhwkOPZQ7MlsHqwJHGm43C33T3D05ZU66e95O8vc0kL","previousCounter":0,"rootKey":"QX5cHiXvg+/njtd5T66Z78YijkOA8ttQlGDEjvbciMk="},"indexInfo":{"baseKey":"BS6mqmZsFw/XuHK16wdlXkW1dOhvJWlSTQ4gftF7MJYf","baseKeyType":1,"closed":-1,"used":1703091794508,"created":1703091794508,"remoteIdentityKey":"BYNesgPWqGC2FSqhJJHHeQ/Sqz5b6vJoaCRxCHENWscB"},"_chains":{"BdS3wmA8hXhtBgCNwR8q8Jp6yq3Rkv5eBiCpTExNsBtS":{"chainKey":{"counter":1,"key":"SvmbXJBUJZfw3aDeGj1TJ9VcKLrDbaJgNcY0kLtX+DQ="},"chainType":1,"messageKeys":{}}},"pendingPreKey":{"signedKeyId":1,"baseKey":"BS6mqmZsFw/XuHK16wdlXkW1dOhvJWlSTQ4gftF7MJYf"}}},"version":"v1"}