{"_sessions":{"Be02/40rfwxjQJxv7mZxSagYRevCvTDv2ZuU0NX1zHtZ":{"registrationId":2063918856,"currentRatchet":{"ephemeralKeyPair":{"pubKey":"BUHwS1DxnR3I18yRM/hxiw08bHbMDD69ci3ZK7j8Rfdd","privKey":"wKhhUz+zWqTWbP7wACdBf5ZLITz3uVmus6c1r9btE0Q="},"lastRemoteEphemeralKey":"BZfX0dZghblCYMb+rMLjXFaxs+75oqDf1oOb6d6/CS8N","previousCounter":0,"rootKey":"sF3kN4t/jCxBeDSXkeTvgibFnsh8OOy3cKQdwY3QRM4="},"indexInfo":{"baseKey":"Be02/40rfwxjQJxv7mZxSagYRevCvTDv2ZuU0NX1zHtZ","baseKeyType":1,"closed":-1,"used":1703091794921,"created":1703091794921,"remoteIdentityKey":"BXBqzU7C/wefCm3L3EpaJpXbhGUiYut7w33WRN2hK2IF"},"_chains":{"BUHwS1DxnR3I18yRM/hxiw08bHbMDD69ci3ZK7j8Rfdd":{"chainKey":{"counter":1,"key":"FStX+54uJRhRa2bKLXQLv42xdaYKrYiTXrtV5jFnWrM="},"chainType":1,"messageKeys":{}}},"pendingPreKey":{"signedKeyId":2,"baseKey":"Be02/40rfwxjQJxv7mZxSagYRevCvTDv2ZuU0NX1zHtZ","preKeyId":13770706}}},"version":"v1"}