{"_sessions":{"Be0GLMVh5+9I+TBuITkq3I132lL3DI6zRApCwDrLFHFy":{"registrationId":169705539,"currentRatchet":{"ephemeralKeyPair":{"pubKey":"BVjOZfrkOAAt3G8TMnqfibBBfBLqffMw0KWMkZ93bHIl","privKey":"sOkuB1JLfsD0bJJlQgJ0RIEqIIBOOhqeZwtmUsOQ5UU="},"lastRemoteEphemeralKey":"Bc8RMNNN1PWcdiTdgUpnBJX8e2vEEDntDWTv8kTIpWNH","previousCounter":0,"rootKey":"IeSCnWHBogyWYXCDNV1keK8Q7PSBGYNE/VCLeneY8Yk="},"indexInfo":{"baseKey":"Be0GLMVh5+9I+TBuITkq3I132lL3DI6zRApCwDrLFHFy","baseKeyType":1,"closed":-1,"used":1703091795108,"created":1703091795108,"remoteIdentityKey":"Bf44XBu3udsuCG8la1BDlyKJMRUR9XO4Q0cJPaKsSKFN"},"_chains":{"BVjOZfrkOAAt3G8TMnqfibBBfBLqffMw0KWMkZ93bHIl":{"chainKey":{"counter":1,"key":"r7KTj5iZh2VJnbUrg4EiDYJ+kVY6RwrOEmABkmmwkDM="},"chainType":1,"messageKeys":{}}},"pendingPreKey":{"signedKeyId":7,"baseKey":"Be0GLMVh5+9I+TBuITkq3I132lL3DI6zRApCwDrLFHFy","preKeyId":12740452}}},"version":"v1"}