{"_sessions":{"BRqrDCLMI1KgbvZCsSmnHMYXn1Tip0Toc7NdCSJCWQZU":{"registrationId":472950849,"currentRatchet":{"ephemeralKeyPair":{"pubKey":"BRPpouv5xTNpwYyiw4XWFoQvges4C+4hLLhRkTCoRm4R","privKey":"CLe/ddz4DRtcUDOA6bjzDeiabp9fa6HOlewdgsDwv3I="},"lastRemoteEphemeralKey":"BVmoFpxsut02vzDJnUDQ7AlNSiB4TzwU6i4U4yk8iTYe","previousCounter":0,"rootKey":"XLzR4lP9HurIOIVHrMydEJ6OXfUbJeIzc6dU/1kWP/k="},"indexInfo":{"baseKey":"BRqrDCLMI1KgbvZCsSmnHMYXn1Tip0Toc7NdCSJCWQZU","baseKeyType":1,"closed":-1,"used":1703091794918,"created":1703091794918,"remoteIdentityKey":"BQZCI3ckQAPHAjR+JnVKiofpwLsuKdg0j2IOqmDq07dF"},"_chains":{"BRPpouv5xTNpwYyiw4XWFoQvges4C+4hLLhRkTCoRm4R":{"chainKey":{"counter":1,"key":"x/vW2Y4bsSwnogog064BErPJ2NAiagCYBBhpSKN8GmM="},"chainType":1,"messageKeys":{}}},"pendingPreKey":{"signedKeyId":5,"baseKey":"BRqrDCLMI1KgbvZCsSmnHMYXn1Tip0Toc7NdCSJCWQZU","preKeyId":15040736}}},"version":"v1"}