{"_sessions":{"BSboNWLmXuj9nuGg/vRg9ZXsOilIY7JtnapqTSPxAz9k":{"registrationId":91506844,"currentRatchet":{"ephemeralKeyPair":{"pubKey":"BY4t/08nWy6G+idUC56XPszL7lVYhgWpY9X2+RTMUWQL","privKey":"SL0grEuEpnbw/jISiq0PXWAXF16iMlRj3CEWZjTJQm0="},"lastRemoteEphemeralKey":"Bapw2eS3R2dlNSnKpklXhyQ5EEXwFRHyme2AURtZzoRx","previousCounter":0,"rootKey":"JNSk99NT5PU/HGd6s93gYyPhaIp4DyOM+bKMtREoqqo="},"indexInfo":{"baseKey":"BSboNWLmXuj9nuGg/vRg9ZXsOilIY7JtnapqTSPxAz9k","baseKeyType":1,"closed":-1,"used":1703091795003,"created":1703091795003,"remoteIdentityKey":"BaMjnSRKhMTtuHloeYzu58nAaglFQW+oIcEKmzUZCSN2"},"_chains":{"BY4t/08nWy6G+idUC56XPszL7lVYhgWpY9X2+RTMUWQL":{"chainKey":{"counter":1,"key":"7aNXAZLmd1BiPLMKDfENj6Tn9MUBK7Pe2G5nMaoKb0Q="},"chainType":1,"messageKeys":{}}},"pendingPreKey":{"signedKeyId":0,"baseKey":"BSboNWLmXuj9nuGg/vRg9ZXsOilIY7JtnapqTSPxAz9k","preKeyId":8518253}}},"version":"v1"}