{"_sessions":{"BX2mPNqwZAi1YyA1Aive8eCpCOcYFwAEoI7gPjGfltYp":{"registrationId":1425274015,"currentRatchet":{"ephemeralKeyPair":{"pubKey":"BdfR3PbmgTQCKwQLSjvRG+n/oYF2OZfAVg9KYzEMg2sf","privKey":"kCh8GJM2nWkPBndBup3RePSER1QESwLUicHTYP8/gUY="},"lastRemoteEphemeralKey":"BWKic5ilwdsrcZ0p1KlrtAOAjU4o1Fn5L0Jnn16R27x5","previousCounter":0,"rootKey":"AR4iJSuKK3OwRlKxn646wL3u3nVid4L0gXg6VeEevrM="},"indexInfo":{"baseKey":"BX2mPNqwZAi1YyA1Aive8eCpCOcYFwAEoI7gPjGfltYp","baseKeyType":1,"closed":-1,"used":1703091795112,"created":1703091795112,"remoteIdentityKey":"BSxwSSonQ63+GfAZ0PEEmYuTD3FduOeBHGbJ+zZuj39h"},"_chains":{"BdfR3PbmgTQCKwQLSjvRG+n/oYF2OZfAVg9KYzEMg2sf":{"chainKey":{"counter":1,"key":"JwtGE9cHiUuPO40CuvZsi6aJpA/oJeZkU2E6quv4I8A="},"chainType":1,"messageKeys":{}}},"pendingPreKey":{"signedKeyId":28,"baseKey":"BX2mPNqwZAi1YyA1Aive8eCpCOcYFwAEoI7gPjGfltYp","preKeyId":11932700}}},"version":"v1"}