{"_sessions":{"Bd0y53nYfdm653SROd1xQE0R6PQN1/sjaLZenSBtaT5l":{"registrationId":2823,"currentRatchet":{"ephemeralKeyPair":{"pubKey":"BTMduZ5gKTdnPE3h+CQ0X/idCKN+FTJFKDieDucdmxIU","privKey":"OEAv7Ze2xmxVA4VK4atwY7ri7GublM9vUdgXXvIX5GA="},"lastRemoteEphemeralKey":"BRGCveoQGDzD2Eg6fmdUVcCymThFKtacdWXLxX2MEcZD","previousCounter":0,"rootKey":"Vsxk8jtMTmNCeIvL3QFTnq/CRuKmw1+Z9PVG/jz15c4="},"indexInfo":{"baseKey":"Bd0y53nYfdm653SROd1xQE0R6PQN1/sjaLZenSBtaT5l","baseKeyType":1,"closed":-1,"used":1703091794593,"created":1703091794593,"remoteIdentityKey":"Be/hAZbTw08AbJnm0MXIevpUItltagCiIDEtTtjQfcED"},"_chains":{"BTMduZ5gKTdnPE3h+CQ0X/idCKN+FTJFKDieDucdmxIU":{"chainKey":{"counter":1,"key":"sB3BBkOTPnjkiEMVn5juSF4MQpqD98vAraFE//bwclk="},"chainType":1,"messageKeys":{}}},"pendingPreKey":{"signedKeyId":1,"baseKey":"Bd0y53nYfdm653SROd1xQE0R6PQN1/sjaLZenSBtaT5l"}}},"version":"v1"}