{"_sessions":{"BexvemyKMGuKprYftG2KStddTIXmIRdPL36Uy/OLXLxv":{"registrationId":1288779700,"currentRatchet":{"ephemeralKeyPair":{"pubKey":"BY15H9VveW8mM2UwKSF9zzamLqkxtaYTCxRlpcOru81A","privKey":"uGQ5zQe534fN+1nhBIelECTE0xaswU+O/IBmQXYWUFc="},"lastRemoteEphemeralKey":"BWcFOBTix8gxuAFu22kp2trRICqi0JKIf05DQqyxxDo/","previousCounter":0,"rootKey":"1Oj5HvwCuUaYLu83g2XmlhHIt1aphNJe+MOMAqiRSPk="},"indexInfo":{"baseKey":"BexvemyKMGuKprYftG2KStddTIXmIRdPL36Uy/OLXLxv","baseKeyType":1,"closed":-1,"used":1703091795130,"created":1703091795130,"remoteIdentityKey":"BZqV2IolfphHvWEFcgkr8s5mEYUpTu9OzzksXkpbEQxE"},"_chains":{"BY15H9VveW8mM2UwKSF9zzamLqkxtaYTCxRlpcOru81A":{"chainKey":{"counter":1,"key":"zUaue/BGq7az4AgD4W3RHGw7KLaZIE9XXAsTXrnIGDI="},"chainType":1,"messageKeys":{}}},"pendingPreKey":{"signedKeyId":0,"baseKey":"BexvemyKMGuKprYftG2KStddTIXmIRdPL36Uy/OLXLxv","preKeyId":13157645}}},"version":"v1"}