{"_sessions":{"Bd0lAOLciuLx70ah4zV+XiNZKVsstbbtCBwxxysyZ/cX":{"registrationId":1716209581,"currentRatchet":{"ephemeralKeyPair":{"pubKey":"BQZJKql5/HGMDJUlF65NGgv28VmrE8/nJlHfOl6BnO1i","privKey":"GPIalXovqOgpfYLcaLGiCmO8TvDqnDkYxw1DCpmrEEw="},"lastRemoteEphemeralKey":"BUciIvNCP/vaxlsk9GHALX7loNkC9vacKzIDYKUJGj4L","previousCounter":0,"rootKey":"qMxEqXTTxG2o/yp8d+hbdo+kprSSrevzEt+HOp6i37Y="},"indexInfo":{"baseKey":"Bd0lAOLciuLx70ah4zV+XiNZKVsstbbtCBwxxysyZ/cX","baseKeyType":1,"closed":-1,"used":1703091794887,"created":1703091794887,"remoteIdentityKey":"BSzgNa9hajbLrmVjif9u/y/uoBgwLyedOscZ5BHX1DVI"},"_chains":{"BQZJKql5/HGMDJUlF65NGgv28VmrE8/nJlHfOl6BnO1i":{"chainKey":{"counter":1,"key":"ENjoIv//u+Qmeh5+qkrLaDCXGwChhHJUi2IyWo1Gp5U="},"chainType":1,"messageKeys":{}}},"pendingPreKey":{"signedKeyId":0,"baseKey":"Bd0lAOLciuLx70ah4zV+XiNZKVsstbbtCBwxxysyZ/cX","preKeyId":2846785}}},"version":"v1"}