{"_sessions":{"BTrEZBqNNKBVO5YHoAg4S0/1xSR9XN7mLGYfG0pIBiAZ":{"registrationId":789147513,"currentRatchet":{"ephemeralKeyPair":{"pubKey":"BezcT2isYIK8S72aP+ki1utadeFwrMHxG53b+at4bi9J","privKey":"WOJ0TPX4r/LgPMM/rN3hSn8tDtCR2ykhRAitt39swnQ="},"lastRemoteEphemeralKey":"BThvQkUcLo/vrwxRJh/I5CdSCRWhU4WW5VfuIzJAa+oN","previousCounter":0,"rootKey":"CBDGSJeTFn77jjbzqFUHMhL6n9eX0ZFpq/9x2w/oLN0="},"indexInfo":{"baseKey":"BTrEZBqNNKBVO5YHoAg4S0/1xSR9XN7mLGYfG0pIBiAZ","baseKeyType":2,"closed":-1,"used":1703083962391,"created":1703083962391,"remoteIdentityKey":"BSyFk94bx2b5yTZRjbYX9o6UqnpUWi8jQqkJMZewZa5J"},"_chains":{"BThvQkUcLo/vrwxRJh/I5CdSCRWhU4WW5VfuIzJAa+oN":{"chainKey":{"counter":0,"key":"9TIuubseguEvpm/Ts7ddChXONuUeFiPFJ2jflGB54Gs="},"chainType":2,"messageKeys":{}},"BezcT2isYIK8S72aP+ki1utadeFwrMHxG53b+at4bi9J":{"chainKey":{"counter":-1,"key":"i1AQxRDvqx4sO+raH9kfAsn0cFgnsU2oSZM0Rf0C9a8="},"chainType":1,"messageKeys":{}}}}},"version":"v1"}