{"_sessions":{"BQpCLXyXK4kJfOFhU6TW1+q3Q8uzmB6Vz866fmknCuBB":{"registrationId":2128357265,"currentRatchet":{"ephemeralKeyPair":{"pubKey":"BeD4KnhhcJz445YpLOuqbCn2qwpAVJcdpoW3rWkrfoEe","privKey":"0KKNOVgw0t1xNOJS7kUDOUPDOkt+gbmdZ1jA/o0ovF8="},"lastRemoteEphemeralKey":"BS3zrIBUFlnLuxJmfQQRk2NabqWj2xYE0Am/0U17Fb5E","previousCounter":0,"rootKey":"i9V9pWPop5Hr4GvcUksp9kT3WD6yJc6+bCLEgVAbN5U="},"indexInfo":{"baseKey":"BQpCLXyXK4kJfOFhU6TW1+q3Q8uzmB6Vz866fmknCuBB","baseKeyType":1,"closed":-1,"used":1703091795122,"created":1703091795122,"remoteIdentityKey":"BTL0+K1yqaxwOwa7QkEyV22fMPr/QA5MZ/3L8DgnQR4d"},"_chains":{"BeD4KnhhcJz445YpLOuqbCn2qwpAVJcdpoW3rWkrfoEe":{"chainKey":{"counter":1,"key":"7UUHpLo3iRMtwBUhe+Lk5Yq0o5zjuqyzgoqetfa/Dzg="},"chainType":1,"messageKeys":{}}},"pendingPreKey":{"signedKeyId":0,"baseKey":"BQpCLXyXK4kJfOFhU6TW1+q3Q8uzmB6Vz866fmknCuBB","preKeyId":7975626}}},"version":"v1"}