{"_sessions":{"BeMftpvOq9og+yhUydyspGoKJjJMGq6uwqpTozU9gAVI":{"registrationId":1352860965,"currentRatchet":{"ephemeralKeyPair":{"pubKey":"BehZQYu09M7MOfE4nJqGQendaRVMJlR3bgE8B5cEglwU","privKey":"cAZ4xRvGn0VSt/1BCJ/EBMa2SWb0WeBhILDDgzSep3Q="},"lastRemoteEphemeralKey":"BWRQOhHSE6CvFfzmo/C/1HIHSRlUs87pb7eHsv5LzYhc","previousCounter":0,"rootKey":"ry1H0XvaS3Ycvv7lHkmNxxvljEAwbnTbBoMHrhqrB9s="},"indexInfo":{"baseKey":"BeMftpvOq9og+yhUydyspGoKJjJMGq6uwqpTozU9gAVI","baseKeyType":1,"closed":-1,"used":1703091795117,"created":1703091795117,"remoteIdentityKey":"BYQSRqQ/V0AvNcXhoVSP3rB4FuVA9dCRpNeynqUqo0YP"},"_chains":{"BehZQYu09M7MOfE4nJqGQendaRVMJlR3bgE8B5cEglwU":{"chainKey":{"counter":1,"key":"y2UkqnyqrxNrcgyk2ObCVoMViQ5HcokRseYkIOqAYsI="},"chainType":1,"messageKeys":{}}},"pendingPreKey":{"signedKeyId":0,"baseKey":"BeMftpvOq9og+yhUydyspGoKJjJMGq6uwqpTozU9gAVI","preKeyId":9046098}}},"version":"v1"}